State,District,Subdistt,village_code,name,households,population_total,population_male,population_female,literate_total,literate_male,literate_female,illiterate_total,illiterate_male,illiterate_female,workers_total,workers_male,workers_female,cultivators,agri_labourers,household_industry_workers,non_workers,latitude,longitude,location_precision
9,145,761,123578,Mandora,0,0,0,0,0,0,0,0,0,0,0,0,0,0,0,0,0,27.7239,77.5029,block_centroid_approximation
9,145,761,123579,Kamar,1153,7031,3898,3133,3770,2588,1182,3261,1310,1951,2751,1747,1004,1016,195,25,4280,27.7239,77.5029,block_centroid_approximation
9,145,761,123580,Hulwana,573,3457,1901,1556,1829,1222,607,1628,679,949,1107,849,258,561,41,16,2350,27.7239,77.5029,block_centroid_approximation
9,145,761,123581,Kadauna,456,2887,1570,1317,1560,1053,507,1327,517,810,1126,705,421,349,63,27,1761,27.7239,77.5029,block_centroid_approximation
9,145,761,123582,Sirthala,398,2445,1307,1138,1298,862,436,1147,445,702,1443,807,636,299,268,2,1002,27.7239,77.5029,block_centroid_approximation
9,145,761,123583,Garhi Barwari,175,1164,621,543,649,440,209,515,181,334,755,416,339,168,6,2,409,27.7239,77.5029,block_centroid_approximation
9,145,761,123584,Ledari,0,0,0,0,0,0,0,0,0,0,0,0,0,0,0,0,0,27.7239,77.5029,block_centroid_approximation
9,145,761,123585,Pakharpur,83,442,235,207,183,122,61,259,113,146,121,108,13,17,24,0,321,27.7239,77.5029,block_centroid_approximation
9,145,761,123586,Puthari,61,465,266,199,228,158,70,237,108,129,101,93,8,77,4,0,364,27.7239,77.5029,block_centroid_approximation
9,145,761,123587,Ruthari,27,190,98,92,116,80,36,74,18,56,54,45,9,40,1,1,136,27.7239,77.5029,block_centroid_approximation
9,145,761,123588,Lalpur,503,3151,1735,1416,1862,1252,610,1289,483,806,1610,866,744,525,165,19,1541,27.7239,77.5029,block_centroid_approximation
9,145,761,123589,Dahgaon,685,4447,2402,2045,2484,1615,869,1963,787,1176,2082,1261,821,998,162,70,2365,27.7239,77.5029,block_centroid_approximation
9,145,761,123590,Umrala,187,1204,647,557,704,465,239,500,182,318,621,322,299,160,73,5,583,27.7239,77.5029,block_centroid_approximation
9,145,761,123591,Kotban,802,5193,2741,2452,3013,1879,1134,2180,862,1318,1273,1194,79,579,29,19,3920,27.7239,77.5029,block_centroid_approximation
9,145,761,123592,Nabipur,275,1732,925,807,1000,651,349,732,274,458,500,417,83,117,21,13,1232,27.7239,77.5029,block_centroid_approximation
9,145,761,123593,Hatana,913,5872,3203,2669,3392,2272,1120,2480,931,1549,2003,1399,604,737,248,28,3869,27.7239,77.5029,block_centroid_approximation
9,145,761,123594,Kharauth,860,5294,2845,2449,2574,1731,843,2720,1114,1606,2536,1503,1033,607,330,33,2758,27.7239,77.5029,block_centroid_approximation
9,145,761,123595,Barchawali,572,3486,1864,1622,1948,1268,680,1538,596,942,1083,839,244,295,162,25,2403,27.7239,77.5029,block_centroid_approximation
9,145,761,123596,Hasanpur Nagla,278,1605,862,743,907,620,287,698,242,456,348,325,23,94,1,3,1257,27.7239,77.5029,block_centroid_approximation
9,145,761,123597,Kosikalan(Rural),891,5091,2735,2356,2802,1774,1028,2289,961,1328,1510,1220,290,139,94,39,3581,27.7239,77.5029,block_centroid_approximation
9,145,761,123598,Bathain Khurd,424,2717,1509,1208,1574,1017,557,1143,492,651,1110,672,438,375,36,0,1607,27.7239,77.5029,block_centroid_approximation
9,145,761,123599,Bathain Kalan,1126,7187,3935,3252,4113,2693,1420,3074,1242,1832,2695,1647,1048,810,265,22,4492,27.7239,77.5029,block_centroid_approximation
9,145,761,123600,Surwari,280,1801,965,836,990,668,322,811,297,514,524,404,120,147,12,8,1277,27.7239,77.5029,block_centroid_approximation
9,145,761,123601,Barhana,0,0,0,0,0,0,0,0,0,0,0,0,0,0,0,0,0,27.7239,77.5029,block_centroid_approximation
9,145,761,123602,Ajijpur,516,3152,1671,1481,2015,1266,749,1137,405,732,1027,774,253,215,73,7,2125,27.7239,77.5029,block_centroid_approximation
9,145,761,123603,Mahnaki,32,216,109,107,109,70,39,107,39,68,59,50,9,42,6,0,157,27.7239,77.5029,block_centroid_approximation
9,145,761,123604,Sanchauli,482,3222,1702,1520,1732,1123,609,1490,579,911,1287,778,509,732,184,2,1935,27.7239,77.5029,block_centroid_approximation
9,145,761,123605,Khitwita,288,1724,928,796,1031,680,351,693,248,445,830,451,379,165,230,39,894,27.7239,77.5029,block_centroid_approximation
9,145,761,123606,Gidoh,776,5000,2718,2282,2738,1796,942,2262,922,1340,1514,1157,357,765,235,34,3486,27.7239,77.5029,block_centroid_approximation
9,145,761,123607,Bhadokhar,244,1511,811,700,844,524,320,667,287,380,334,313,21,109,38,5,1177,27.7239,77.5029,block_centroid_approximation
9,145,761,123608,Mahrana,521,3326,1836,1490,1947,1315,632,1379,521,858,1097,795,302,434,307,20,2229,27.7239,77.5029,block_centroid_approximation
9,145,761,123609,Badangarh,242,1534,848,686,874,583,291,660,265,395,399,372,27,228,75,4,1135,27.7239,77.5029,block_centroid_approximation
9,145,761,123610,Loharwari,137,846,475,371,337,251,86,509,224,285,237,212,25,216,0,0,609,27.7239,77.5029,block_centroid_approximation
9,145,761,123611,Nandgaon(Rural),29,161,95,66,103,68,35,58,27,31,68,41,27,44,2,0,93,27.7239,77.5029,block_centroid_approximation
9,145,761,123612,Bijwari,204,1241,657,584,714,469,245,527,188,339,333,295,38,171,97,0,908,27.7239,77.5029,block_centroid_approximation
9,145,761,123613,Lodhauli,83,604,315,289,302,196,106,302,119,183,143,122,21,79,19,0,461,27.7239,77.5029,block_centroid_approximation
9,145,761,123614,Kamal Pur,0,0,0,0,0,0,0,0,0,0,0,0,0,0,0,0,0,27.7239,77.5029,block_centroid_approximation
9,145,761,123615,Sanket,406,2444,1299,1145,1369,880,489,1075,419,656,1027,574,453,416,125,15,1417,27.7239,77.5029,block_centroid_approximation
9,145,761,123616,Rithaura,444,2887,1530,1357,1441,958,483,1446,572,874,1105,692,413,489,200,32,1782,27.7239,77.5029,block_centroid_approximation
9,145,761,123617,Unchagaon,500,3139,1678,1461,1544,1017,527,1595,661,934,1171,733,438,415,76,2,1968,27.7239,77.5029,block_centroid_approximation
9,145,761,123618,Gajipur,200,1083,581,502,639,434,205,444,147,297,246,236,10,130,74,0,837,27.7239,77.5029,block_centroid_approximation
9,145,761,123619,Barsana(Rural),438,2544,1354,1190,1283,803,480,1261,551,710,1041,655,386,136,40,66,1503,27.7239,77.5029,block_centroid_approximation
9,145,761,123620,Khor,0,0,0,0,0,0,0,0,0,0,0,0,0,0,0,0,0,27.7239,77.5029,block_centroid_approximation
9,145,761,123621,Manpur,153,1117,593,524,688,413,275,429,180,249,305,258,47,66,78,0,812,27.7239,77.5029,block_centroid_approximation
9,145,761,123622,Chiksoli,320,1761,963,798,1065,658,407,696,305,391,517,405,112,192,69,1,1244,27.7239,77.5029,block_centroid_approximation
9,145,761,123623,Roopnagar,72,453,234,219,255,164,91,198,70,128,117,102,15,56,23,0,336,27.7239,77.5029,block_centroid_approximation
9,145,761,123624,Dabhala,323,2296,1237,1059,1009,680,329,1287,557,730,643,554,89,471,29,1,1653,27.7239,77.5029,block_centroid_approximation
9,145,761,123625,Rankoli,209,1411,758,653,634,429,205,777,329,448,318,306,12,226,28,0,1093,27.7239,77.5029,block_centroid_approximation
9,145,761,123626,Nahra,147,937,516,421,491,339,152,446,177,269,263,231,32,190,6,0,674,27.7239,77.5029,block_centroid_approximation
9,145,761,123627,Hathiya,1875,13102,6908,6194,4602,3140,1462,8500,3768,4732,4393,2978,1415,1805,1168,99,8709,27.7239,77.5029,block_centroid_approximation
9,145,761,123628,Kamai,1111,6916,3746,3170,2678,1904,774,4238,1842,2396,3348,1888,1460,1188,659,296,3568,27.7239,77.5029,block_centroid_approximation
9,145,761,123629,Ainch,398,2250,1208,1042,1189,792,397,1061,416,645,1036,628,408,363,52,1,1214,27.7239,77.5029,block_centroid_approximation
9,145,761,123630,Chaundras Bangar,111,594,307,287,282,173,109,312,134,178,290,145,145,56,40,0,304,27.7239,77.5029,block_centroid_approximation
9,145,761,123631,Chaundras Khadar,0,0,0,0,0,0,0,0,0,0,0,0,0,0,0,0,0,27.7239,77.5029,block_centroid_approximation
9,145,761,123632,Shakurganj Khadar,0,0,0,0,0,0,0,0,0,0,0,0,0,0,0,0,0,27.7239,77.5029,block_centroid_approximation
9,145,761,123633,Shakurganj Bangar,66,532,264,268,217,141,76,315,123,192,188,120,68,53,6,1,344,27.7239,77.5029,block_centroid_approximation
9,145,761,123634,Shahpur Bangar,931,6270,3379,2891,2823,1875,948,3447,1504,1943,2470,1524,946,411,574,27,3800,27.7239,77.5029,block_centroid_approximation
9,145,761,123635,Shahpur Khadar,0,0,0,0,0,0,0,0,0,0,0,0,0,0,0,0,0,27.7239,77.5029,block_centroid_approximation
9,145,761,123636,Chauki Khaadar,0,0,0,0,0,0,0,0,0,0,0,0,0,0,0,0,0,27.7239,77.5029,block_centroid_approximation
9,145,761,123637,Chauki Bangar,638,4486,2410,2076,1902,1301,601,2584,1109,1475,1870,1014,856,578,197,6,2616,27.7239,77.5029,block_centroid_approximation
9,145,761,123638,Baraka,420,2595,1417,1178,1247,847,400,1348,570,778,1163,651,512,478,144,6,1432,27.7239,77.5029,block_centroid_approximation
9,145,761,123639,Dhanauta Bangar,244,1643,891,752,724,494,230,919,397,522,597,372,225,345,33,6,1046,27.7239,77.5029,block_centroid_approximation
9,145,761,123640,Dhanauta Khadar,0,0,0,0,0,0,0,0,0,0,0,0,0,0,0,0,0,27.7239,77.5029,block_centroid_approximation
9,145,761,123641,Bukharari,619,4108,2249,1859,2030,1420,610,2078,829,1249,1839,1192,647,785,184,189,2269,27.7239,77.5029,block_centroid_approximation
9,145,761,123642,Sujawali,99,632,343,289,304,198,106,328,145,183,297,155,142,115,28,0,335,27.7239,77.5029,block_centroid_approximation
9,145,761,123643,Roopnagar Bangar,228,1481,800,681,704,517,187,777,283,494,467,337,130,182,6,3,1014,27.7239,77.5029,block_centroid_approximation
9,145,761,123644,Roopnagar Khadar,0,0,0,0,0,0,0,0,0,0,0,0,0,0,0,0,0,27.7239,77.5029,block_centroid_approximation
9,145,761,123645,Khairal 7 1/2 Biswa Khadar,0,0,0,0,0,0,0,0,0,0,0,0,0,0,0,0,0,27.7239,77.5029,block_centroid_approximation
9,145,761,123646,Khairal 3 3/4 Biswa Khadar,0,0,0,0,0,0,0,0,0,0,0,0,0,0,0,0,0,27.7239,77.5029,block_centroid_approximation
9,145,761,123647,Shernagar Khadar,0,0,0,0,0,0,0,0,0,0,0,0,0,0,0,0,0,27.7239,77.5029,block_centroid_approximation
9,145,761,123648,Shernagar Bangar,377,2383,1281,1102,1150,796,354,1233,485,748,810,545,265,389,13,1,1573,27.7239,77.5029,block_centroid_approximation
9,145,761,123649,Khairal 3 3/4 Biswa Bangar,0,0,0,0,0,0,0,0,0,0,0,0,0,0,0,0,0,27.7239,77.5029,block_centroid_approximation
9,145,761,123650,Khairal 7 1/2 Biswa Bangar,178,1235,687,548,592,398,194,643,289,354,538,393,145,180,80,0,697,27.7239,77.5029,block_centroid_approximation
9,145,761,123651,Majhoi Bangar,266,1686,873,813,773,509,264,913,364,549,721,378,343,229,102,3,965,27.7239,77.5029,block_centroid_approximation
9,145,761,123652,Majhoi Khadar,0,0,0,0,0,0,0,0,0,0,0,0,0,0,0,0,0,27.7239,77.5029,block_centroid_approximation
9,145,761,123653,Shahazidpur Khadar,0,0,0,0,0,0,0,0,0,0,0,0,0,0,0,0,0,27.7239,77.5029,block_centroid_approximation
9,145,761,123654,Shahzadpur Bangar,240,1722,888,834,866,547,319,856,341,515,998,577,421,177,84,465,724,27.7239,77.5029,block_centroid_approximation
9,145,761,123655,Barha Bangar,512,2765,1521,1244,1218,864,354,1547,657,890,1286,698,588,386,57,259,1479,27.7239,77.5029,block_centroid_approximation
9,145,761,123656,Barha Khadar,0,0,0,0,0,0,0,0,0,0,0,0,0,0,0,0,0,27.7239,77.5029,block_centroid_approximation
9,145,761,123657,Rampur Bangar,112,838,436,402,300,193,107,538,243,295,151,146,5,122,7,10,687,27.7239,77.5029,block_centroid_approximation
9,145,761,123658,Rampur Khadar,0,0,0,0,0,0,0,0,0,0,0,0,0,0,0,0,0,27.7239,77.5029,block_centroid_approximation
9,145,761,123659,Ujhani Khadar,0,0,0,0,0,0,0,0,0,0,0,0,0,0,0,0,0,27.7239,77.5029,block_centroid_approximation
9,145,761,123660,Ujhani Bangar,472,2751,1525,1226,1240,866,374,1511,659,852,882,657,225,455,20,2,1869,27.7239,77.5029,block_centroid_approximation
9,145,761,123661,Husaini,493,3223,1740,1483,1653,1074,579,1570,666,904,1000,791,209,508,13,3,2223,27.7239,77.5029,block_centroid_approximation
9,145,761,123662,Jatwari,743,4803,2606,2197,2148,1478,670,2655,1128,1527,1794,1231,563,838,153,20,3009,27.7239,77.5029,block_centroid_approximation
9,145,761,123663,Basai Shergarh Bangar,180,1329,691,638,673,429,244,656,262,394,479,304,175,172,118,0,850,27.7239,77.5029,block_centroid_approximation
9,145,761,123664,Basai Shergarh Khadar,0,0,0,0,0,0,0,0,0,0,0,0,0,0,0,0,0,27.7239,77.5029,block_centroid_approximation
9,145,761,123665,Khandwai,104,736,410,326,379,266,113,357,144,213,392,217,175,131,19,1,344,27.7239,77.5029,block_centroid_approximation
9,145,761,123666,Shergarh Khadar,0,0,0,0,0,0,0,0,0,0,0,0,0,0,0,0,0,27.7239,77.5029,block_centroid_approximation
9,145,761,123667,Peerpur Khadar,0,0,0,0,0,0,0,0,0,0,0,0,0,0,0,0,0,27.7239,77.5029,block_centroid_approximation
9,145,761,123668,Oba Khadar,0,0,0,0,0,0,0,0,0,0,0,0,0,0,0,0,0,27.7239,77.5029,block_centroid_approximation
9,145,761,123669,Bazidpur Khadar,0,0,0,0,0,0,0,0,0,0,0,0,0,0,0,0,0,27.7239,77.5029,block_centroid_approximation
9,145,761,123670,Bazidpur Bangar,30,185,93,92,114,60,54,71,33,38,53,35,18,33,2,2,132,27.7239,77.5029,block_centroid_approximation
9,145,761,123671,Dhimari Khadar,0,0,0,0,0,0,0,0,0,0,0,0,0,0,0,0,0,27.7239,77.5029,block_centroid_approximation
9,145,761,123672,Chamer Garhi,11,46,25,21,22,17,5,24,8,16,23,15,8,9,1,0,23,27.7239,77.5029,block_centroid_approximation
9,145,761,123673,Gulalpur Khadar,16,88,49,39,39,23,16,49,26,23,48,28,20,9,3,0,40,27.7239,77.5029,block_centroid_approximation
9,145,761,123674,Gulalpur Bangar,216,1262,668,594,479,326,153,783,342,441,323,292,31,86,219,0,939,27.7239,77.5029,block_centroid_approximation
9,145,761,123675,Dhimari Bangar,255,1665,875,790,834,543,291,831,332,499,620,377,243,225,53,8,1045,27.7239,77.5029,block_centroid_approximation
9,145,761,123676,Oba Bangar,186,1087,570,517,713,420,293,374,150,224,442,247,195,188,2,3,645,27.7239,77.5029,block_centroid_approximation
9,145,761,123677,Peerpur Bangar,189,1207,654,553,620,378,242,587,276,311,467,284,183,176,7,0,740,27.7239,77.5029,block_centroid_approximation
9,145,761,123678,Shergarh Bangar,2508,15429,8260,7169,6835,4529,2306,8594,3731,4863,4921,3702,1219,916,857,97,10508,27.7239,77.5029,block_centroid_approximation
9,145,761,123679,Adampur,156,1137,623,514,741,462,279,396,161,235,400,275,125,196,1,0,737,27.7239,77.5029,block_centroid_approximation
9,145,761,123680,Garhi Bheema,473,2870,1574,1296,1355,929,426,1515,645,870,1238,768,470,547,55,19,1632,27.7239,77.5029,block_centroid_approximation
9,145,761,123681,Bahata Bangar,348,2253,1242,1011,1303,850,453,950,392,558,895,530,365,182,151,6,1358,27.7239,77.5029,block_centroid_approximation
9,145,761,123682,Bahata Khadar,0,0,0,0,0,0,0,0,0,0,0,0,0,0,0,0,0,27.7239,77.5029,block_centroid_approximation
9,145,761,123683,Kajraut Khadar,0,0,0,0,0,0,0,0,0,0,0,0,0,0,0,0,0,27.7239,77.5029,block_centroid_approximation
9,145,761,123684,Kajraut Bangar,254,1741,921,820,965,588,377,776,333,443,621,450,171,192,53,15,1120,27.7239,77.5029,block_centroid_approximation
9,145,761,123685,Chhata(Rural),775,4099,2216,1883,2431,1538,893,1668,678,990,1276,1017,259,153,24,60,2823,27.7239,77.5029,block_centroid_approximation
9,145,761,123686,Ajnothi,158,1061,567,494,636,379,257,425,188,237,286,235,51,142,18,1,775,27.7239,77.5029,block_centroid_approximation
9,145,761,123687,Ladpur,600,3712,2038,1674,1951,1319,632,1761,719,1042,1248,940,308,585,56,21,2464,27.7239,77.5029,block_centroid_approximation
9,145,761,123688,Undi,458,2743,1448,1295,1203,827,376,1540,621,919,972,717,255,369,69,10,1771,27.7239,77.5029,block_centroid_approximation
9,145,761,123689,Ranhera,715,4711,2594,2117,2438,1586,852,2273,1008,1265,1407,1077,330,525,58,14,3304,27.7239,77.5029,block_centroid_approximation
9,145,761,123690,Khursi,142,850,482,368,488,340,148,362,142,220,228,215,13,94,10,9,622,27.7239,77.5029,block_centroid_approximation
9,145,761,123691,Mahrauli,191,1471,791,680,566,361,205,905,430,475,417,336,81,181,15,8,1054,27.7239,77.5029,block_centroid_approximation
9,145,761,123692,Bishambhara,1213,8114,4321,3793,3012,2193,819,5102,2128,2974,3156,2039,1117,1097,100,43,4958,27.7239,77.5029,block_centroid_approximation
9,145,761,123693,Paigaon,1512,9464,5239,4225,5046,3446,1600,4418,1793,2625,3008,2332,676,1269,427,40,6456,27.7239,77.5029,block_centroid_approximation
9,145,761,123694,Karahari,273,1718,919,799,744,505,239,974,414,560,705,385,320,176,69,17,1013,27.7239,77.5029,block_centroid_approximation
9,145,761,123695,Peengari,95,636,348,288,325,226,99,311,122,189,261,144,117,112,8,4,375,27.7239,77.5029,block_centroid_approximation
9,145,761,123696,Baharawali,527,3199,1724,1475,1225,881,344,1974,843,1131,1191,760,431,286,194,6,2008,27.7239,77.5029,block_centroid_approximation
9,145,761,123697,Phalain,1968,12562,6732,5830,6768,4505,2263,5794,2227,3567,4751,3060,1691,1464,179,154,7811,27.7239,77.5029,block_centroid_approximation
9,145,761,123698,Guheta 7 Biswa,303,2062,1073,989,1229,790,439,833,283,550,686,448,238,195,78,1,1376,27.7239,77.5029,block_centroid_approximation
9,145,761,123699,Guheta 3 Biswa,64,368,211,157,174,140,34,194,71,123,200,103,97,79,3,0,168,27.7239,77.5029,block_centroid_approximation
9,145,761,123700,Guheta 10 Biswa,388,2346,1239,1107,1344,847,497,1002,392,610,706,505,201,211,82,20,1640,27.7239,77.5029,block_centroid_approximation
9,145,761,123701,Dautana,923,6031,3197,2834,3050,2001,1049,2981,1196,1785,1749,1420,329,169,441,153,4282,27.7239,77.5029,block_centroid_approximation
9,145,761,123702,Chandauri,598,3882,2125,1757,2323,1550,773,1559,575,984,1234,943,291,471,407,35,2648,27.7239,77.5029,block_centroid_approximation
9,145,761,123703,Tumaula,820,4918,2655,2263,2845,1858,987,2073,797,1276,1911,1221,690,519,186,20,3007,27.7239,77.5029,block_centroid_approximation
9,145,761,123704,Gauhari,356,2286,1215,1071,1259,809,450,1027,406,621,765,524,241,249,20,7,1521,27.7239,77.5029,block_centroid_approximation
9,145,761,123705,Dham Singha,304,1791,933,858,1157,713,444,634,220,414,784,421,363,177,59,19,1007,27.7239,77.5029,block_centroid_approximation
9,145,761,123706,Nagariya,135,955,520,435,516,352,164,439,168,271,317,222,95,134,7,3,638,27.7239,77.5029,block_centroid_approximation
9,145,761,123707,Jalalpur,209,1384,705,679,524,327,197,860,378,482,330,298,32,59,23,4,1054,27.7239,77.5029,block_centroid_approximation
9,145,761,123708,Jao,752,4635,2493,2142,2468,1624,844,2167,869,1298,1269,1099,170,498,111,44,3366,27.7239,77.5029,block_centroid_approximation
9,145,761,123709,Piloli,0,0,0,0,0,0,0,0,0,0,0,0,0,0,0,0,0,27.7239,77.5029,block_centroid_approximation
9,145,761,123710,Bhadawal,404,2575,1397,1178,1417,923,494,1158,474,684,905,633,272,302,61,7,1670,27.7239,77.5029,block_centroid_approximation
9,145,761,123711,Khaira,891,5995,3254,2741,3224,2234,990,2771,1020,1751,1959,1569,390,897,76,14,4036,27.7239,77.5029,block_centroid_approximation
9,145,761,123712,Pisawa,301,1980,1076,904,973,668,305,1007,408,599,508,479,29,356,34,9,1472,27.7239,77.5029,block_centroid_approximation
9,145,761,123713,Karahala,327,2159,1169,990,1122,762,360,1037,407,630,951,569,382,240,47,0,1208,27.7239,77.5029,block_centroid_approximation
9,145,761,123714,Ajnokh,418,2462,1357,1105,1209,891,318,1253,466,787,651,536,115,280,144,17,1811,27.7239,77.5029,block_centroid_approximation
9,145,761,123715,Khanpur,174,1159,611,548,576,396,180,583,215,368,322,291,31,238,4,0,837,27.7239,77.5029,block_centroid_approximation
9,145,761,123716,Ranwari,553,3515,1907,1608,2081,1451,630,1434,456,978,964,840,124,297,24,29,2551,27.7239,77.5029,block_centroid_approximation
9,145,761,123717,Umraya,230,1447,775,672,734,510,224,713,265,448,512,344,168,198,6,4,935,27.7239,77.5029,block_centroid_approximation
9,145,761,123718,Alwai,206,1351,714,637,706,450,256,645,264,381,501,347,154,178,114,21,850,27.7239,77.5029,block_centroid_approximation
9,145,761,123719,Sankhi,267,1799,962,837,890,613,277,909,349,560,426,410,16,382,2,10,1373,27.7239,77.5029,block_centroid_approximation
9,145,761,123720,Madoi,47,298,165,133,160,118,42,138,47,91,137,75,62,61,2,0,161,27.7239,77.5029,block_centroid_approximation
9,145,761,123721,Rahera,338,2435,1309,1126,1304,931,373,1131,378,753,1217,650,567,419,23,5,1218,27.7239,77.5029,block_centroid_approximation
9,145,761,123722,Sahar,1271,7815,4159,3656,3677,2354,1323,4138,1805,2333,3617,2039,1578,665,587,289,4198,27.7239,77.5029,block_centroid_approximation
9,145,761,123723,Tatarpur,189,1082,600,482,551,379,172,531,221,310,474,256,218,184,4,1,608,27.7239,77.5029,block_centroid_approximation
9,145,761,123724,Deopura,237,1402,758,644,802,566,236,600,192,408,327,282,45,153,16,8,1075,27.7239,77.5029,block_centroid_approximation
9,145,761,123725,Dahrauli,198,1380,753,627,739,520,219,641,233,408,487,346,141,190,143,8,893,27.7239,77.5029,block_centroid_approximation
9,145,761,123726,Dirawali,270,1700,939,761,834,583,251,866,356,510,675,448,227,356,111,17,1025,27.7239,77.5029,block_centroid_approximation
9,145,761,123727,Bharnakalan,500,3318,1786,1532,1674,1134,540,1644,652,992,1224,881,343,456,309,20,2094,27.7239,77.5029,block_centroid_approximation
9,145,761,123728,Pali,322,2013,1113,900,993,708,285,1020,405,615,677,455,222,242,81,4,1336,27.7239,77.5029,block_centroid_approximation
9,145,761,123729,Bharna Khurd,480,3180,1735,1445,1831,1236,595,1349,499,850,1634,898,736,406,253,37,1546,27.7239,77.5029,block_centroid_approximation
9,145,761,123730,Pelkhu,544,3412,1873,1539,1912,1268,644,1500,605,895,1083,905,178,765,228,7,2329,27.7239,77.5029,block_centroid_approximation
9,145,761,123731,Shiwal,560,3426,1894,1532,1397,1014,383,2029,880,1149,1516,941,575,539,130,13,1910,27.7239,77.5029,block_centroid_approximation
9,145,761,123732,Bajhera,431,2635,1442,1193,1592,1036,556,1043,406,637,1114,734,380,359,133,14,1521,27.7239,77.5029,block_centroid_approximation
9,145,761,123733,Sihana,378,2245,1227,1018,1308,871,437,937,356,581,798,524,274,156,118,22,1447,27.7239,77.5029,block_centroid_approximation
9,145,761,123734,Konkera,208,1232,638,594,737,463,274,495,175,320,329,313,16,163,8,2,903,27.7239,77.5029,block_centroid_approximation
9,145,761,123735,Akbarpur,878,5352,2868,2484,2978,1956,1022,2374,912,1462,2041,1341,700,493,40,289,3311,27.7239,77.5029,block_centroid_approximation
9,145,761,123736,Bidawali,183,1137,637,500,635,448,187,502,189,313,446,259,187,123,63,9,691,27.7239,77.5029,block_centroid_approximation
9,145,761,123737,Baroli,285,1759,944,815,961,649,312,798,295,503,608,407,201,210,34,3,1151,27.7239,77.5029,block_centroid_approximation
9,145,761,123738,Semri,732,4652,2501,2151,2426,1605,821,2226,896,1330,2099,1147,952,1043,220,20,2553,27.7239,77.5029,block_centroid_approximation
9,145,761,123739,Bilothi,138,839,450,389,511,340,171,328,110,218,539,304,235,193,22,45,300,27.7239,77.5029,block_centroid_approximation
9,145,761,123740,Nari,777,4631,2465,2166,2171,1540,631,2460,925,1535,2056,1325,731,622,353,67,2575,27.7239,77.5029,block_centroid_approximation
9,145,761,123741,Jamalpur,101,615,339,276,392,261,131,223,78,145,273,143,130,93,24,0,342,27.7239,77.5029,block_centroid_approximation
9,145,761,123742,Pilhora,220,1283,688,595,631,398,233,652,290,362,542,338,204,112,4,3,741,27.7239,77.5029,block_centroid_approximation
9,145,761,123743,Tarauli Janubi,988,5778,3140,2638,2880,1873,1007,2898,1267,1631,1804,1409,395,432,225,37,3974,27.7239,77.5029,block_centroid_approximation
9,145,761,123744,Tarauli Shumali,780,4630,2540,2090,2330,1531,799,2300,1009,1291,1528,1127,401,510,60,94,3102,27.7239,77.5029,block_centroid_approximation
9,145,761,123745,Ahuri,220,1190,646,544,652,411,241,538,235,303,349,274,75,249,6,1,841,27.7239,77.5029,block_centroid_approximation
9,145,761,123746,Mangrauli,73,395,219,176,192,130,62,203,89,114,174,91,83,73,5,16,221,27.7239,77.5029,block_centroid_approximation
9,145,761,123747,Pasoli,493,2980,1616,1364,1319,885,434,1661,731,930,1484,875,609,486,3,14,1496,27.7239,77.5029,block_centroid_approximation
9,145,761,123748,Gora,90,604,339,265,272,185,87,332,154,178,336,195,141,112,31,1,268,27.7239,77.5029,block_centroid_approximation
9,145,761,123749,Sainwa,567,3657,2029,1628,2268,1493,775,1389,536,853,1667,972,695,467,141,17,1990,27.7239,77.5029,block_centroid_approximation
9,145,761,123750,Astauli,277,1672,874,798,931,571,360,741,303,438,499,401,98,138,143,19,1173,27.7239,77.5029,block_centroid_approximation
9,145,761,123751,Agaryala,998,5688,3172,2516,2977,2012,965,2711,1160,1551,2374,1499,875,659,422,54,3314,27.7239,77.5029,block_centroid_approximation
9,145,761,123752,Bilonda,264,1693,922,771,807,559,248,886,363,523,423,359,64,42,222,36,1270,27.7239,77.5029,block_centroid_approximation
9,145,761,123753,Naugaona,1725,10661,5783,4878,5229,3510,1719,5432,2273,3159,3557,2603,954,1025,944,131,7104,27.7239,77.5029,block_centroid_approximation
9,145,761,123754,Saidpur,159,1027,542,485,574,389,185,453,153,300,536,308,228,200,9,9,491,27.7239,77.5029,block_centroid_approximation
9,145,761,123755,Jawali,353,2209,1173,1036,1160,753,407,1049,420,629,856,507,349,365,125,28,1353,27.7239,77.5029,block_centroid_approximation
9,145,761,123756,Siyaraha Bangar,445,2778,1512,1266,1335,883,452,1443,629,814,1064,646,418,518,137,2,1714,27.7239,77.5029,block_centroid_approximation
9,145,761,123757,Siyaraha Khadar,0,0,0,0,0,0,0,0,0,0,0,0,0,0,0,0,0,27.7239,77.5029,block_centroid_approximation
9,145,761,123758,Gangroli Khadar,0,0,0,0,0,0,0,0,0,0,0,0,0,0,0,0,0,27.7239,77.5029,block_centroid_approximation
9,145,761,123759,Gangroli Bangar,341,1981,1093,888,1054,695,359,927,398,529,1149,672,477,410,37,5,832,27.7239,77.5029,block_centroid_approximation
9,145,761,123760,Dalota,407,2586,1363,1223,1488,934,554,1098,429,669,940,589,351,434,154,16,1646,27.7239,77.5029,block_centroid_approximation
9,145,761,123761,Mai Bangar,102,629,349,280,323,218,105,306,131,175,137,130,7,95,0,4,492,27.7239,77.5029,block_centroid_approximation
9,145,761,123762,Sei Bangar,1285,8000,4281,3719,4292,2803,1489,3708,1478,2230,3836,2148,1688,1114,507,47,4164,27.7239,77.5029,block_centroid_approximation
9,145,761,123763,Barahara Bangar,136,844,424,420,395,264,131,449,160,289,396,266,130,336,13,0,448,27.7239,77.5029,block_centroid_approximation
9,145,761,123764,Sei Khadar,0,0,0,0,0,0,0,0,0,0,0,0,0,0,0,0,0,27.7239,77.5029,block_centroid_approximation
9,145,761,123765,Mai Khadar,0,0,0,0,0,0,0,0,0,0,0,0,0,0,0,0,0,27.7239,77.5029,block_centroid_approximation
9,145,761,123766,Basai Bujurg Bangar,289,1716,912,804,865,569,296,851,343,508,608,402,206,315,22,17,1108,27.7239,77.5029,block_centroid_approximation
9,145,761,123767,Loharari,0,0,0,0,0,0,0,0,0,0,0,0,0,0,0,0,0,27.7239,77.5029,block_centroid_approximation
9,145,761,123768,Hazipur,0,0,0,0,0,0,0,0,0,0,0,0,0,0,0,0,0,27.7239,77.5029,block_centroid_approximation
9,145,761,123769,Basai Khurd Bangar,132,768,412,356,459,287,172,309,125,184,320,157,163,40,189,3,448,27.7239,77.5029,block_centroid_approximation
9,145,761,123770,Basai Khurd Khadar,0,0,0,0,0,0,0,0,0,0,0,0,0,0,0,0,0,27.7239,77.5029,block_centroid_approximation
9,145,761,123771,Bhaugaon Bangar,237,1633,886,747,894,605,289,739,281,458,643,384,259,319,75,36,990,27.7239,77.5029,block_centroid_approximation
9,145,761,123772,Bhaugaon Khadar,0,0,0,0,0,0,0,0,0,0,0,0,0,0,0,0,0,27.7239,77.5029,block_centroid_approximation
9,145,761,123773,Jaitpur,62,436,225,211,276,171,105,160,54,106,205,104,101,77,25,2,231,27.7239,77.5029,block_centroid_approximation
9,145,761,123774,Basai Bujurg Khadar,0,0,0,0,0,0,0,0,0,0,0,0,0,0,0,0,0,27.7239,77.5029,block_centroid_approximation
9,145,761,123775,Hazara,0,0,0,0,0,0,0,0,0,0,0,0,0,0,0,0,0,27.7239,77.5029,block_centroid_approximation
9,145,761,123776,Barahara Khadar,0,0,0,0,0,0,0,0,0,0,0,0,0,0,0,0,0,27.7239,77.5029,block_centroid_approximation
9,145,761,123777,Ajhai Khurd,836,5037,2715,2322,2828,1853,975,2209,862,1347,2079,1351,728,837,442,24,2958,27.7239,77.5029,block_centroid_approximation
9,145,761,123778,Ajhai Kalan,99,501,273,228,280,171,109,221,102,119,217,124,93,29,126,1,284,27.7239,77.5029,block_centroid_approximation
9,145,761,123779,Chaumuhan(Rural),113,647,354,293,239,152,87,408,202,206,187,166,21,75,0,2,460,27.7239,77.5029,block_centroid_approximation
9,145,761,123780,Bhartiya,313,1956,1061,895,1096,715,381,860,346,514,768,466,302,280,222,0,1188,27.7239,77.5029,block_centroid_approximation
9,145,761,123781,Parkham,495,3126,1635,1491,1523,991,532,1603,644,959,1500,806,694,935,184,3,1626,27.7239,77.5029,block_centroid_approximation
9,145,761,123782,Bajana,134,913,478,435,429,281,148,484,197,287,620,323,297,159,0,0,293,27.7239,77.5029,block_centroid_approximation
9,145,762,123785,Raipur Khadar,0,0,0,0,0,0,0,0,0,0,0,0,0,0,0,0,0,27.6364,77.7124,block_centroid_approximation
9,145,762,123786,Raipur Banger,437,2733,1484,1249,1401,924,477,1332,560,772,1190,782,408,232,127,13,1543,27.6364,77.7124,block_centroid_approximation
9,145,762,123787,Faridampur Banger,43,276,151,125,149,107,42,127,44,83,92,70,22,5,74,1,184,27.6364,77.7124,block_centroid_approximation
9,145,762,123788,Tilak Garhi,431,2714,1444,1270,1438,951,487,1276,493,783,942,659,283,571,78,34,1772,27.6364,77.7124,block_centroid_approximation
9,145,762,123789,Mani Garhi Bangar,270,1739,908,831,897,587,310,842,321,521,393,366,27,246,69,9,1346,27.6364,77.7124,block_centroid_approximation
9,145,762,123790,Nanakpur Banger,155,897,468,429,525,323,202,372,145,227,376,226,150,117,16,4,521,27.6364,77.7124,block_centroid_approximation
9,145,762,123791,Nanakpur Khadar,0,0,0,0,0,0,0,0,0,0,0,0,0,0,0,0,0,27.6364,77.7124,block_centroid_approximation
9,145,762,123792,Faridampur Khadar,0,0,0,0,0,0,0,0,0,0,0,0,0,0,0,0,0,27.6364,77.7124,block_centroid_approximation
9,145,762,123793,Musmana Khadar,0,0,0,0,0,0,0,0,0,0,0,0,0,0,0,0,0,27.6364,77.7124,block_centroid_approximation
9,145,762,123794,Mani Garhi Khadar,0,0,0,0,0,0,0,0,0,0,0,0,0,0,0,0,0,27.6364,77.7124,block_centroid_approximation
9,145,762,123795,Musmana Banger,276,1680,905,775,1025,663,362,655,242,413,882,505,377,336,84,29,798,27.6364,77.7124,block_centroid_approximation
9,145,762,123796,Bhagat Bhakrelia Banger,56,314,163,151,194,108,86,120,55,65,149,75,74,15,9,8,165,27.6364,77.7124,block_centroid_approximation
9,145,762,123797,Lana Musmana,0,0,0,0,0,0,0,0,0,0,0,0,0,0,0,0,0,27.6364,77.7124,block_centroid_approximation
9,145,762,123798,Bhagat Bhakrelia Khadar,0,0,0,0,0,0,0,0,0,0,0,0,0,0,0,0,0,27.6364,77.7124,block_centroid_approximation
9,145,762,123799,Bhairai Banger,405,2367,1284,1083,1380,855,525,987,429,558,825,530,295,323,282,31,1542,27.6364,77.7124,block_centroid_approximation
9,145,762,123800,Bhairai Khadar,19,119,68,51,70,52,18,49,16,33,25,21,4,16,4,3,94,27.6364,77.7124,block_centroid_approximation
9,145,762,123801,Khajpur,492,2969,1603,1366,1598,1066,532,1371,537,834,997,702,295,342,198,26,1972,27.6364,77.7124,block_centroid_approximation
9,145,762,123802,Managarhi,472,3093,1605,1488,1727,1101,626,1366,504,862,1287,775,512,299,227,9,1806,27.6364,77.7124,block_centroid_approximation
9,145,762,123803,Abhaipura Banger,27,169,98,71,104,72,32,65,26,39,88,50,38,44,1,4,81,27.6364,77.7124,block_centroid_approximation
9,145,762,123804,Ramgarhi Banger,67,470,247,223,290,176,114,180,71,109,115,104,11,35,12,0,355,27.6364,77.7124,block_centroid_approximation
9,145,762,123805,Noorpur Banger,68,389,213,176,200,127,73,189,86,103,151,90,61,5,54,1,238,27.6364,77.7124,block_centroid_approximation
9,145,762,123806,Noorpur Khader,0,0,0,0,0,0,0,0,0,0,0,0,0,0,0,0,0,27.6364,77.7124,block_centroid_approximation
9,145,762,123807,Ramgarhi Khader,0,0,0,0,0,0,0,0,0,0,0,0,0,0,0,0,0,27.6364,77.7124,block_centroid_approximation
9,145,762,123808,Abhaipura Khader,0,0,0,0,0,0,0,0,0,0,0,0,0,0,0,0,0,27.6364,77.7124,block_centroid_approximation
9,145,762,123809,Maduakar Banger,180,1123,601,522,574,379,195,549,222,327,341,250,91,125,7,13,782,27.6364,77.7124,block_centroid_approximation
9,145,762,123810,Sigoni Banger,154,1011,524,487,557,348,209,454,176,278,322,225,97,52,14,2,689,27.6364,77.7124,block_centroid_approximation
9,145,762,123811,Sigoni Khader,0,0,0,0,0,0,0,0,0,0,0,0,0,0,0,0,0,27.6364,77.7124,block_centroid_approximation
9,145,762,123812,Maduakar Khader,0,0,0,0,0,0,0,0,0,0,0,0,0,0,0,0,0,27.6364,77.7124,block_centroid_approximation
9,145,762,123813,Chandpur Khurd,262,1671,915,756,1080,696,384,591,219,372,639,420,219,249,62,6,1032,27.6364,77.7124,block_centroid_approximation
9,145,762,123814,Awa Khera,294,1751,941,810,1113,722,391,638,219,419,582,407,175,257,19,5,1169,27.6364,77.7124,block_centroid_approximation
9,145,762,123815,Nabipur,140,983,532,451,599,388,211,384,144,240,524,289,235,13,2,5,459,27.6364,77.7124,block_centroid_approximation
9,145,762,123816,Hamazapur,99,550,287,263,365,218,147,185,69,116,168,152,16,68,1,0,382,27.6364,77.7124,block_centroid_approximation
9,145,762,123817,Chindauli,118,780,422,358,456,278,178,324,144,180,226,200,26,81,49,11,554,27.6364,77.7124,block_centroid_approximation
9,145,762,123818,Sadarpur,21,175,96,79,115,73,42,60,23,37,47,46,1,28,8,2,128,27.6364,77.7124,block_centroid_approximation
9,145,762,123819,Udhanpur Banger,0,0,0,0,0,0,0,0,0,0,0,0,0,0,0,0,0,27.6364,77.7124,block_centroid_approximation
9,145,762,123820,Ughanpur Khader,0,0,0,0,0,0,0,0,0,0,0,0,0,0,0,0,0,27.6364,77.7124,block_centroid_approximation
9,145,762,123821,Baghai Khader,0,0,0,0,0,0,0,0,0,0,0,0,0,0,0,0,0,27.6364,77.7124,block_centroid_approximation
9,145,762,123822,Baghai Banger,254,1622,867,755,1063,660,403,559,207,352,420,398,22,286,41,11,1202,27.6364,77.7124,block_centroid_approximation
9,145,762,123823,Kolana Banger,390,2160,1163,997,1127,726,401,1033,437,596,560,487,73,125,160,5,1600,27.6364,77.7124,block_centroid_approximation
9,145,762,123824,Kolana Khader,0,0,0,0,0,0,0,0,0,0,0,0,0,0,0,0,0,27.6364,77.7124,block_centroid_approximation
9,145,762,123825,Jafarpur Banger,140,852,488,364,341,258,83,511,230,281,197,196,1,158,2,1,655,27.6364,77.7124,block_centroid_approximation
9,145,762,123826,Jafarpur Khader,0,0,0,0,0,0,0,0,0,0,0,0,0,0,0,0,0,27.6364,77.7124,block_centroid_approximation
9,145,762,123827,Birju Garhi,368,2386,1312,1074,1404,901,503,982,411,571,880,541,339,89,151,59,1506,27.6364,77.7124,block_centroid_approximation
9,145,762,123828,Chaukra,81,498,272,226,296,185,111,202,87,115,214,150,64,51,47,49,284,27.6364,77.7124,block_centroid_approximation
9,145,762,123829,Sakatpur,230,1406,737,669,866,530,336,540,207,333,437,345,92,127,11,1,969,27.6364,77.7124,block_centroid_approximation
9,145,762,123830,Mithauli,415,2609,1382,1227,1664,1018,646,945,364,581,721,602,119,312,91,3,1888,27.6364,77.7124,block_centroid_approximation
9,145,762,123831,Bhartiyaka,179,1153,614,539,758,451,307,395,163,232,563,276,287,143,61,1,590,27.6364,77.7124,block_centroid_approximation
9,145,762,123832,Kaneka,111,620,341,279,418,280,138,202,61,141,182,165,17,118,9,0,438,27.6364,77.7124,block_centroid_approximation
9,145,762,123833,Mandaira,0,0,0,0,0,0,0,0,0,0,0,0,0,0,0,0,0,27.6364,77.7124,block_centroid_approximation
9,145,762,123834,Badoth,274,1782,928,854,924,610,314,858,318,540,539,438,101,174,171,17,1243,27.6364,77.7124,block_centroid_approximation
9,145,762,123835,Kankar Garhi,87,485,268,217,308,207,101,177,61,116,153,124,29,59,4,1,332,27.6364,77.7124,block_centroid_approximation
9,145,762,123836,Inayatpur,25,167,87,80,110,68,42,57,19,38,66,49,17,44,1,5,101,27.6364,77.7124,block_centroid_approximation
9,145,762,123837,Ahamadpur,299,1627,854,773,1010,629,381,617,225,392,413,341,72,148,78,61,1214,27.6364,77.7124,block_centroid_approximation
9,145,762,123838,Shankar Garhi,280,1427,783,644,932,601,331,495,182,313,523,355,168,143,26,12,904,27.6364,77.7124,block_centroid_approximation
9,145,762,123839,Dilu Patti,457,2616,1355,1261,1578,998,580,1038,357,681,973,688,285,301,143,14,1643,27.6364,77.7124,block_centroid_approximation
9,145,762,123840,Khanpur,75,466,242,224,275,163,112,191,79,112,97,92,5,68,3,5,369,27.6364,77.7124,block_centroid_approximation
9,145,762,123841,Bajna Dehat,0,0,0,0,0,0,0,0,0,0,0,0,0,0,0,0,0,27.6364,77.7124,block_centroid_approximation
9,145,762,123842,Saeo Patti Banger,418,2615,1400,1215,1677,1066,611,938,334,604,717,575,142,181,13,6,1898,27.6364,77.7124,block_centroid_approximation
9,145,762,123843,Saeo Patti Khader,0,0,0,0,0,0,0,0,0,0,0,0,0,0,0,0,0,27.6364,77.7124,block_centroid_approximation
9,145,762,123844,Garhi Kolaher,176,1147,616,531,690,427,263,457,189,268,282,268,14,171,47,21,865,27.6364,77.7124,block_centroid_approximation
9,145,762,123845,Kolahar,531,3077,1642,1435,1867,1213,654,1210,429,781,753,689,64,296,33,9,2324,27.6364,77.7124,block_centroid_approximation
9,145,762,123846,Jatpura,147,887,475,412,601,374,227,286,101,185,374,209,165,56,4,11,513,27.6364,77.7124,block_centroid_approximation
9,145,762,123847,Chinta Garhi,73,467,252,215,339,214,125,128,38,90,108,108,0,76,1,0,359,27.6364,77.7124,block_centroid_approximation
9,145,762,123848,Sultan Patti,607,3706,1963,1743,2164,1427,737,1542,536,1006,1084,782,302,295,100,11,2622,27.6364,77.7124,block_centroid_approximation
9,145,762,123849,Saddikpur,245,1478,791,687,995,643,352,483,148,335,431,372,59,179,52,5,1047,27.6364,77.7124,block_centroid_approximation
9,145,762,123850,Pach Hara,417,2490,1324,1166,1512,970,542,978,354,624,588,538,50,188,39,8,1902,27.6364,77.7124,block_centroid_approximation
9,145,762,123851,Ibrahimpur,0,0,0,0,0,0,0,0,0,0,0,0,0,0,0,0,0,27.6364,77.7124,block_centroid_approximation
9,145,762,123852,Balipur,39,197,98,99,144,85,59,53,13,40,44,38,6,0,7,1,153,27.6364,77.7124,block_centroid_approximation
9,145,762,123853,Shall,428,2574,1386,1188,1454,938,516,1120,448,672,891,612,279,307,211,19,1683,27.6364,77.7124,block_centroid_approximation
9,145,762,123854,Lalpur Mat,178,1020,536,484,616,397,219,404,139,265,490,247,243,243,72,47,530,27.6364,77.7124,block_centroid_approximation
9,145,762,123855,Chandpur Kalan,305,1851,993,858,980,661,319,871,332,539,893,470,423,489,370,4,958,27.6364,77.7124,block_centroid_approximation
9,145,762,123856,Suhagpur,267,1827,981,846,1128,720,408,699,261,438,1249,675,574,255,52,3,578,27.6364,77.7124,block_centroid_approximation
9,145,762,123857,Salaka,61,383,200,183,191,133,58,192,67,125,94,81,13,28,14,6,289,27.6364,77.7124,block_centroid_approximation
9,145,762,123858,Ram Nagla,264,1620,857,763,1036,657,379,584,200,384,675,373,302,180,18,35,945,27.6364,77.7124,block_centroid_approximation
9,145,762,123859,Nawali,949,5512,2965,2547,2953,1977,976,2559,988,1571,1793,1378,415,877,57,24,3719,27.6364,77.7124,block_centroid_approximation
9,145,762,123860,Bhureka,175,1019,515,504,548,333,215,471,182,289,230,214,16,78,106,0,789,27.6364,77.7124,block_centroid_approximation
9,145,762,123861,Ekhu,282,1798,967,831,1116,707,409,682,260,422,527,473,54,243,117,5,1271,27.6364,77.7124,block_centroid_approximation
9,145,762,123862,Nausherpur,331,1845,989,856,1036,670,366,809,319,490,661,499,162,344,14,77,1184,27.6364,77.7124,block_centroid_approximation
9,145,762,123863,Mubarikpur,237,1125,608,517,727,463,264,398,145,253,369,287,82,130,67,0,756,27.6364,77.7124,block_centroid_approximation
9,145,762,123864,Lanakolana,0,0,0,0,0,0,0,0,0,0,0,0,0,0,0,0,0,27.6364,77.7124,block_centroid_approximation
9,145,762,123865,Naujhal Khader,0,0,0,0,0,0,0,0,0,0,0,0,0,0,0,0,0,27.6364,77.7124,block_centroid_approximation
9,145,762,123866,Arazi Kashtdilu Patti,0,0,0,0,0,0,0,0,0,0,0,0,0,0,0,0,0,27.6364,77.7124,block_centroid_approximation
9,145,762,123867,Arazi Kasht Sultan Patti,0,0,0,0,0,0,0,0,0,0,0,0,0,0,0,0,0,27.6364,77.7124,block_centroid_approximation
9,145,762,123868,Arazi Kasht Parsoli,0,0,0,0,0,0,0,0,0,0,0,0,0,0,0,0,0,27.6364,77.7124,block_centroid_approximation
9,145,762,123869,Sotipura Banger,0,0,0,0,0,0,0,0,0,0,0,0,0,0,0,0,0,27.6364,77.7124,block_centroid_approximation
9,145,762,123870,Sotipura Khader,0,0,0,0,0,0,0,0,0,0,0,0,0,0,0,0,0,27.6364,77.7124,block_centroid_approximation
9,145,762,123871,Nauhjheel Banger,1931,12553,6663,5890,6968,4234,2734,5585,2429,3156,4524,3170,1354,601,432,175,8029,27.6364,77.7124,block_centroid_approximation
9,145,762,123872,Toli Banger,119,844,434,410,311,207,104,533,227,306,147,136,11,21,2,1,697,27.6364,77.7124,block_centroid_approximation
9,145,762,123873,Lana Kasba,0,0,0,0,0,0,0,0,0,0,0,0,0,0,0,0,0,27.6364,77.7124,block_centroid_approximation
9,145,762,123874,Firozpur Banger,381,2169,1135,1034,1183,743,440,986,392,594,660,455,205,134,132,1,1509,27.6364,77.7124,block_centroid_approximation
9,145,762,123875,Mangal Khoh Banger,30,205,110,95,93,54,39,112,56,56,113,60,53,76,8,0,92,27.6364,77.7124,block_centroid_approximation
9,145,762,123876,Lana Makhdoompur,0,0,0,0,0,0,0,0,0,0,0,0,0,0,0,0,0,27.6364,77.7124,block_centroid_approximation
9,145,762,123877,Mangal Khoh Khader,0,0,0,0,0,0,0,0,0,0,0,0,0,0,0,0,0,27.6364,77.7124,block_centroid_approximation
9,145,762,123878,Inayatgarh Banger,144,886,473,413,544,346,198,342,127,215,177,161,16,53,70,0,709,27.6364,77.7124,block_centroid_approximation
9,145,762,123879,Toli Khader,0,0,0,0,0,0,0,0,0,0,0,0,0,0,0,0,0,27.6364,77.7124,block_centroid_approximation
9,145,762,123880,Imlak Sawad Khader,0,0,0,0,0,0,0,0,0,0,0,0,0,0,0,0,0,27.6364,77.7124,block_centroid_approximation
9,145,762,123881,Imlak Sawad Banger,0,0,0,0,0,0,0,0,0,0,0,0,0,0,0,0,0,27.6364,77.7124,block_centroid_approximation
9,145,762,123882,Badhari,409,2440,1297,1143,1186,783,403,1254,514,740,662,563,99,259,80,0,1778,27.6364,77.7124,block_centroid_approximation
9,145,762,123883,Marhalamukha Banger,132,758,413,345,438,283,155,320,130,190,199,171,28,51,39,1,559,27.6364,77.7124,block_centroid_approximation
9,145,762,123884,Dedna Banger,170,978,520,458,455,313,142,523,207,316,243,219,24,88,50,1,735,27.6364,77.7124,block_centroid_approximation
9,145,762,123885,Makhdumpur Banger,284,1593,841,752,411,279,132,1182,562,620,621,404,217,61,116,0,972,27.6364,77.7124,block_centroid_approximation
9,145,762,123886,Inayatgarh Khader,0,0,0,0,0,0,0,0,0,0,0,0,0,0,0,0,0,27.6364,77.7124,block_centroid_approximation
9,145,762,123887,Firozpur Khader,0,0,0,0,0,0,0,0,0,0,0,0,0,0,0,0,0,27.6364,77.7124,block_centroid_approximation
9,145,762,123888,Daulatpur Khader,9,63,33,30,18,15,3,45,18,27,18,18,0,5,13,0,45,27.6364,77.7124,block_centroid_approximation
9,145,762,123889,Basau Banger,69,411,224,187,217,144,73,194,80,114,79,75,4,20,26,6,332,27.6364,77.7124,block_centroid_approximation
9,145,762,123890,Basau Khader,0,0,0,0,0,0,0,0,0,0,0,0,0,0,0,0,0,27.6364,77.7124,block_centroid_approximation
9,145,762,123891,Daulatpur Banger,299,1825,946,879,927,603,324,898,343,555,1004,533,471,222,29,0,821,27.6364,77.7124,block_centroid_approximation
9,145,762,123892,Chhinparai Banger,378,2372,1234,1138,1361,845,516,1011,389,622,864,527,337,342,36,16,1508,27.6364,77.7124,block_centroid_approximation
9,145,762,123893,Chhinparai Khader,0,0,0,0,0,0,0,0,0,0,0,0,0,0,0,0,0,27.6364,77.7124,block_centroid_approximation
9,145,762,123894,Makhdumpur Khader,0,0,0,0,0,0,0,0,0,0,0,0,0,0,0,0,0,27.6364,77.7124,block_centroid_approximation
9,145,762,123895,Dedna Khader,0,0,0,0,0,0,0,0,0,0,0,0,0,0,0,0,0,27.6364,77.7124,block_centroid_approximation
9,145,762,123896,Marhalamukkh Khader,0,0,0,0,0,0,0,0,0,0,0,0,0,0,0,0,0,27.6364,77.7124,block_centroid_approximation
9,145,762,123897,Parsauli,783,4595,2407,2188,2748,1771,977,1847,636,1211,1440,1059,381,474,59,93,3155,27.6364,77.7124,block_centroid_approximation
9,145,762,123898,Baroth Bangar,921,5774,3145,2629,2878,1969,909,2896,1176,1720,1851,1295,556,974,158,10,3923,27.6364,77.7124,block_centroid_approximation
9,145,762,123899,Baroth Khadar,21,119,64,55,77,42,35,42,22,20,54,32,22,21,2,0,65,27.6364,77.7124,block_centroid_approximation
9,145,762,123900,Pithora Bangar,56,380,199,181,234,136,98,146,63,83,169,84,85,27,11,1,211,27.6364,77.7124,block_centroid_approximation
9,145,762,123901,Pithora Khadar,0,0,0,0,0,0,0,0,0,0,0,0,0,0,0,0,0,27.6364,77.7124,block_centroid_approximation
9,145,762,123902,Pal Kherha,608,3752,2015,1737,2011,1390,621,1741,625,1116,1188,926,262,445,43,5,2564,27.6364,77.7124,block_centroid_approximation
9,145,762,123903,Said Garhi,168,1036,553,483,551,360,191,485,193,292,369,274,95,171,84,3,667,27.6364,77.7124,block_centroid_approximation
9,145,762,123904,Hasanpur,1106,6668,3556,3112,3828,2555,1273,2840,1001,1839,3039,1710,1329,917,324,51,3629,27.6364,77.7124,block_centroid_approximation
9,145,762,123905,Meerpur Khadar,0,0,0,0,0,0,0,0,0,0,0,0,0,0,0,0,0,27.6364,77.7124,block_centroid_approximation
9,145,762,123906,Thainua,103,492,277,215,311,216,95,181,61,120,114,99,15,1,0,3,378,27.6364,77.7124,block_centroid_approximation
9,145,762,123907,Bulakpur,58,332,168,164,204,128,76,128,40,88,86,77,9,40,33,0,246,27.6364,77.7124,block_centroid_approximation
9,145,762,123908,Meerpur Bangar,213,1317,707,610,753,482,271,564,225,339,459,325,134,153,58,16,858,27.6364,77.7124,block_centroid_approximation
9,145,762,123909,Lamtauri,227,1369,769,600,684,484,200,685,285,400,434,364,70,208,166,0,935,27.6364,77.7124,block_centroid_approximation
9,145,762,123910,Kurawli,10,49,30,19,36,27,9,13,3,10,24,15,9,12,0,0,25,27.6364,77.7124,block_centroid_approximation
9,145,762,123911,Moiuddinpur,245,1357,726,631,887,575,312,470,151,319,558,343,215,210,108,4,799,27.6364,77.7124,block_centroid_approximation
9,145,762,123912,Bera,553,2923,1528,1395,1789,1108,681,1134,420,714,790,688,102,343,143,7,2133,27.6364,77.7124,block_centroid_approximation
9,145,762,123913,Asfabad,61,386,229,157,234,168,66,152,61,91,75,50,25,35,8,0,311,27.6364,77.7124,block_centroid_approximation
9,145,762,123914,Khaira,307,1906,1008,898,1071,673,398,835,335,500,612,390,222,167,24,2,1294,27.6364,77.7124,block_centroid_approximation
9,145,762,123915,Amanullapur,270,1607,860,747,834,552,282,773,308,465,721,421,300,169,103,2,886,27.6364,77.7124,block_centroid_approximation
9,145,762,123916,Badanpur,280,1738,948,790,969,655,314,769,293,476,552,492,60,211,219,3,1186,27.6364,77.7124,block_centroid_approximation
9,145,762,123917,Lohai,703,4448,2394,2054,2608,1719,889,1840,675,1165,1225,1178,47,509,487,6,3223,27.6364,77.7124,block_centroid_approximation
9,145,762,123918,Bhalai,580,3826,2072,1754,2197,1425,772,1629,647,982,1179,841,338,605,136,9,2647,27.6364,77.7124,block_centroid_approximation
9,145,762,123919,Surirkalan Khadar,0,0,0,0,0,0,0,0,0,0,0,0,0,0,0,0,0,27.6364,77.7124,block_centroid_approximation
9,145,762,123920,Sihavan Khadar,0,0,0,0,0,0,0,0,0,0,0,0,0,0,0,0,0,27.6364,77.7124,block_centroid_approximation
9,145,762,123921,Sihavan Bangar,66,309,162,147,188,110,78,121,52,69,83,68,15,64,1,1,226,27.6364,77.7124,block_centroid_approximation
9,145,762,123922,Surir Vijaru Khadar,0,0,0,0,0,0,0,0,0,0,0,0,0,0,0,0,0,27.6364,77.7124,block_centroid_approximation
9,145,762,123923,Surir Vijaru Bangar,1256,6872,3717,3155,3954,2486,1468,2918,1231,1687,2526,1838,688,351,107,191,4346,27.6364,77.7124,block_centroid_approximation
9,145,762,123924,Surirkalan Bagar,1761,10143,5562,4581,5502,3616,1886,4641,1946,2695,3989,2753,1236,986,249,271,6154,27.6364,77.7124,block_centroid_approximation
9,145,762,123925,Bhidauni Bangar,485,3256,1732,1524,1721,1093,628,1535,639,896,1111,817,294,452,79,3,2145,27.6364,77.7124,block_centroid_approximation
9,145,762,123926,Bhidauni Khadar,0,0,0,0,0,0,0,0,0,0,0,0,0,0,0,0,0,27.6364,77.7124,block_centroid_approximation
9,145,762,123927,Auhawa Khader,0,0,0,0,0,0,0,0,0,0,0,0,0,0,0,0,0,27.6364,77.7124,block_centroid_approximation
9,145,762,123928,Auhawa Bangar,550,3398,1755,1643,1729,1074,655,1669,681,988,1130,783,347,369,164,31,2268,27.6364,77.7124,block_centroid_approximation
9,145,762,123929,Baikunthpur,92,673,376,297,338,238,100,335,138,197,184,182,2,64,3,1,489,27.6364,77.7124,block_centroid_approximation
9,145,762,123930,Samauli Bangaar,136,922,502,420,550,358,192,372,144,228,329,210,119,133,10,111,593,27.6364,77.7124,block_centroid_approximation
9,145,762,123931,Samauli Khadar,0,0,0,0,0,0,0,0,0,0,0,0,0,0,0,0,0,27.6364,77.7124,block_centroid_approximation
9,145,762,123932,Sultanpur Bangar,179,950,484,466,452,283,169,498,201,297,249,205,44,5,15,1,701,27.6364,77.7124,block_centroid_approximation
9,145,762,123933,Sultanpur Khadar,0,0,0,0,0,0,0,0,0,0,0,0,0,0,0,0,0,27.6364,77.7124,block_centroid_approximation
9,145,762,123934,Tehramat,433,2588,1389,1199,1416,957,459,1172,432,740,1264,807,457,647,367,7,1324,27.6364,77.7124,block_centroid_approximation
9,145,762,123935,Sikanderpur,912,5705,3039,2666,3508,2237,1271,2197,802,1395,2065,1432,633,468,557,75,3640,27.6364,77.7124,block_centroid_approximation
9,145,762,123936,Jarara,877,5021,2714,2307,2769,1820,949,2252,894,1358,1506,1291,215,844,166,27,3515,27.6364,77.7124,block_centroid_approximation
9,145,762,123937,Bhadanwara,1270,7356,3972,3384,4283,2811,1472,3073,1161,1912,2338,1833,505,650,267,49,5018,27.6364,77.7124,block_centroid_approximation
9,145,762,123938,Khawal,980,5715,3080,2635,3155,2003,1152,2560,1077,1483,1712,1389,323,424,278,48,4003,27.6364,77.7124,block_centroid_approximation
9,145,762,123939,Akbarpur,739,4419,2366,2053,2935,1775,1160,1484,591,893,1472,1159,313,245,286,35,2947,27.6364,77.7124,block_centroid_approximation
9,145,762,123940,Dadisara,400,2453,1324,1129,1496,965,531,957,359,598,771,656,115,221,87,7,1682,27.6364,77.7124,block_centroid_approximation
9,145,762,123941,Karahari,1145,6718,3610,3108,3572,2318,1254,3146,1292,1854,2158,1484,674,431,346,130,4560,27.6364,77.7124,block_centroid_approximation
9,145,762,123942,Pabbipur,274,1373,743,630,964,590,374,409,153,256,287,269,18,135,91,4,1086,27.6364,77.7124,block_centroid_approximation
9,145,762,123943,Irolizunnardar,401,2014,1114,900,1448,911,537,566,203,363,678,510,168,296,87,11,1336,27.6364,77.7124,block_centroid_approximation
9,145,762,123944,Sirrela,234,1402,749,653,816,544,272,586,205,381,335,324,11,133,116,1,1067,27.6364,77.7124,block_centroid_approximation
9,145,762,123945,Iroli Gujar Khadar,0,0,0,0,0,0,0,0,0,0,0,0,0,0,0,0,0,27.6364,77.7124,block_centroid_approximation
9,145,762,123946,Iroli Gujar Bangar,334,2162,1166,996,1192,799,393,970,367,603,546,501,45,252,11,7,1616,27.6364,77.7124,block_centroid_approximation
9,145,762,123947,Nagla Birbala,71,447,238,209,271,175,96,176,63,113,156,91,65,73,77,0,291,27.6364,77.7124,block_centroid_approximation
9,145,762,123948,Hernol,714,4379,2335,2044,2431,1547,884,1948,788,1160,1207,1039,168,438,238,13,3172,27.6364,77.7124,block_centroid_approximation
9,145,762,123949,Girtana,185,1332,739,593,838,550,288,494,189,305,297,285,12,145,7,17,1035,27.6364,77.7124,block_centroid_approximation
9,145,762,123950,Bilandpur,167,868,446,422,516,311,205,352,135,217,456,242,214,63,50,38,412,27.6364,77.7124,block_centroid_approximation
9,145,762,123951,Bhadavan Banger,432,2438,1319,1119,1415,903,512,1023,416,607,734,567,167,159,84,13,1704,27.6364,77.7124,block_centroid_approximation
9,145,762,123952,Bhadavan Khadar,0,0,0,0,0,0,0,0,0,0,0,0,0,0,0,0,0,27.6364,77.7124,block_centroid_approximation
9,145,762,123953,Bijoli Khadar,0,0,0,0,0,0,0,0,0,0,0,0,0,0,0,0,0,27.6364,77.7124,block_centroid_approximation
9,145,762,123954,Bijoli Banger,733,4261,2220,2041,2276,1427,849,1985,793,1192,1592,1074,518,228,710,1,2669,27.6364,77.7124,block_centroid_approximation
9,145,762,123955,Lal Garhi,114,621,345,276,307,216,91,314,129,185,197,181,16,115,1,0,424,27.6364,77.7124,block_centroid_approximation
9,145,762,123956,Kurhvara,277,1680,875,805,1042,641,401,638,234,404,882,567,315,292,72,8,798,27.6364,77.7124,block_centroid_approximation
9,145,762,123957,Naseeti,559,3336,1753,1583,1903,1212,691,1433,541,892,876,775,101,499,57,7,2460,27.6364,77.7124,block_centroid_approximation
9,145,762,123958,Jaiswan,461,2752,1528,1224,1713,1141,572,1039,387,652,633,604,29,201,180,40,2119,27.6364,77.7124,block_centroid_approximation
9,145,762,123959,Bakla,242,1611,853,758,952,630,322,659,223,436,445,373,72,78,21,14,1166,27.6364,77.7124,block_centroid_approximation
9,145,762,123960,Neem Gaon,994,5841,3143,2698,3217,2116,1101,2624,1027,1597,2123,1505,618,367,311,20,3718,27.6364,77.7124,block_centroid_approximation
9,145,762,123961,Piri,274,1661,939,722,1044,714,330,617,225,392,653,440,213,248,19,21,1008,27.6364,77.7124,block_centroid_approximation
9,145,762,123962,Biballi,597,3429,1863,1566,2182,1433,749,1247,430,817,1076,916,160,536,104,39,2353,27.6364,77.7124,block_centroid_approximation
9,145,762,123963,Bindu Bulaki,1175,7008,3753,3255,4315,2672,1643,2693,1081,1612,2805,1961,844,651,985,81,4203,27.6364,77.7124,block_centroid_approximation
9,145,762,123964,Udhar,261,1648,881,767,1003,622,381,645,259,386,814,419,395,200,12,5,834,27.6364,77.7124,block_centroid_approximation
9,145,762,123965,Nagla Himana,0,0,0,0,0,0,0,0,0,0,0,0,0,0,0,0,0,27.6364,77.7124,block_centroid_approximation
9,145,762,123966,Javara,2239,13862,7435,6427,8340,5335,3005,5522,2100,3422,5799,3681,2118,1603,504,229,8063,27.6364,77.7124,block_centroid_approximation
9,145,762,123967,Bahadin,250,1499,783,716,880,566,314,619,217,402,477,374,103,120,92,17,1022,27.6364,77.7124,block_centroid_approximation
9,145,762,123968,Nagla Deh,107,580,289,291,360,231,129,220,58,162,328,162,166,0,283,2,252,27.6364,77.7124,block_centroid_approximation
9,145,762,123969,Nagla Dani,66,356,191,165,234,132,102,122,59,63,153,87,66,15,0,4,203,27.6364,77.7124,block_centroid_approximation
9,145,762,123970,Nagla Himaun,140,688,358,330,410,267,143,278,91,187,306,157,149,17,0,0,382,27.6364,77.7124,block_centroid_approximation
9,145,762,123971,Milik Kalan,46,281,157,124,208,139,69,73,18,55,153,79,74,65,6,0,128,27.6364,77.7124,block_centroid_approximation
9,145,762,123972,Milik Khurd,0,0,0,0,0,0,0,0,0,0,0,0,0,0,0,0,0,27.6364,77.7124,block_centroid_approximation
9,145,762,123973,Poluwa Khurd,0,0,0,0,0,0,0,0,0,0,0,0,0,0,0,0,0,27.6364,77.7124,block_centroid_approximation
9,145,762,123974,Poluwa Kalan,5,37,21,16,22,15,7,15,6,9,21,11,10,4,0,1,16,27.6364,77.7124,block_centroid_approximation
9,145,762,123975,Patipura,18,89,43,46,61,34,27,28,9,19,46,25,21,22,1,0,43,27.6364,77.7124,block_centroid_approximation
9,145,762,123976,Kheria,42,238,107,131,112,62,50,126,45,81,76,49,27,38,3,0,162,27.6364,77.7124,block_centroid_approximation
9,145,762,123977,Dunetiya,150,866,469,397,438,288,150,428,181,247,249,205,44,62,146,6,617,27.6364,77.7124,block_centroid_approximation
9,145,762,123978,Sir Badam Singh,0,0,0,0,0,0,0,0,0,0,0,0,0,0,0,0,0,27.6364,77.7124,block_centroid_approximation
9,145,762,123979,Mat Mula Khader,0,0,0,0,0,0,0,0,0,0,0,0,0,0,0,0,0,27.6364,77.7124,block_centroid_approximation
9,145,762,123980,Mat Mula Bangar,1216,7187,3821,3366,4237,2572,1665,2950,1249,1701,2409,1772,637,489,355,232,4778,27.6364,77.7124,block_centroid_approximation
9,145,762,123981,Arruwa Banger,2106,12982,7019,5963,7373,4861,2512,5609,2158,3451,4638,3352,1286,1152,337,48,8344,27.6364,77.7124,block_centroid_approximation
9,145,762,123982,Mat Raja Bangar,1103,6234,3294,2940,3573,2159,1414,2661,1135,1526,2748,1800,948,210,567,61,3486,27.6364,77.7124,block_centroid_approximation
9,145,762,123983,Mat Raja Khader,0,0,0,0,0,0,0,0,0,0,0,0,0,0,0,0,0,27.6364,77.7124,block_centroid_approximation
9,145,762,123984,Jahangirpur Khader,0,0,0,0,0,0,0,0,0,0,0,0,0,0,0,0,0,27.6364,77.7124,block_centroid_approximation
9,145,762,123985,Dangoli Bangar,404,2574,1323,1251,1163,709,454,1411,614,797,1189,660,529,142,40,272,1385,27.6364,77.7124,block_centroid_approximation
9,145,762,123986,Bheem Khader,0,0,0,0,0,0,0,0,0,0,0,0,0,0,0,0,0,27.6364,77.7124,block_centroid_approximation
9,145,762,123987,Bheem Bangar,342,2058,1097,961,1115,736,379,943,361,582,918,531,387,116,6,11,1140,27.6364,77.7124,block_centroid_approximation
9,145,762,123988,Arruwa Khader,7,71,65,6,55,53,2,16,12,4,34,30,4,1,0,0,37,27.6364,77.7124,block_centroid_approximation
9,145,762,123989,Piproli Bangar,111,745,387,358,406,258,148,339,129,210,326,180,146,60,5,0,419,27.6364,77.7124,block_centroid_approximation
9,145,762,123990,Piproli Khader,0,0,0,0,0,0,0,0,0,0,0,0,0,0,0,0,0,27.6364,77.7124,block_centroid_approximation
9,145,762,123991,Dangoli Khader,7,58,11,47,15,4,11,43,7,36,27,7,20,2,3,0,31,27.6364,77.7124,block_centroid_approximation
9,145,762,123992,Begampur Khader,3,16,7,9,2,2,0,14,5,9,8,5,3,1,2,0,8,27.6364,77.7124,block_centroid_approximation
9,145,762,123993,Jahangirpur Banger,316,1966,1049,917,802,538,264,1164,511,653,778,472,306,153,92,209,1188,27.6364,77.7124,block_centroid_approximation
9,145,762,123994,Begampur Banger,203,1182,628,554,550,371,179,632,257,375,576,326,250,132,217,7,606,27.6364,77.7124,block_centroid_approximation
9,145,762,123995,Panigaon Khader,5,12,6,6,7,6,1,5,0,5,7,5,2,0,0,0,5,27.6364,77.7124,block_centroid_approximation
9,145,762,123996,Panigaon Banger,1135,7139,3839,3300,4031,2593,1438,3108,1246,1862,2573,1817,756,593,209,55,4566,27.6364,77.7124,block_centroid_approximation
9,145,762,123997,Pokher Hirde,216,1281,707,574,791,525,266,490,182,308,675,363,312,144,66,28,606,27.6364,77.7124,block_centroid_approximation
9,145,762,123998,Suraj,390,2285,1223,1062,1591,1008,583,694,215,479,952,517,435,176,64,47,1333,27.6364,77.7124,block_centroid_approximation
9,145,762,123999,Diwana,867,5169,2778,2391,3133,1973,1160,2036,805,1231,1941,1313,628,213,567,33,3228,27.6364,77.7124,block_centroid_approximation
9,145,762,124000,Kalyanpur,149,933,483,450,591,348,243,342,135,207,235,217,18,70,96,1,698,27.6364,77.7124,block_centroid_approximation
9,145,762,124001,Maoli Banger,129,796,417,379,456,277,179,340,140,200,175,172,3,128,11,0,621,27.6364,77.7124,block_centroid_approximation
9,145,762,124002,Maoli Khader,0,0,0,0,0,0,0,0,0,0,0,0,0,0,0,0,0,27.6364,77.7124,block_centroid_approximation
9,145,762,124003,Kinarai Bangar,324,1735,949,786,834,544,290,901,405,496,805,510,295,44,93,17,930,27.6364,77.7124,block_centroid_approximation
9,145,762,124004,Kinarai Khader,0,0,0,0,0,0,0,0,0,0,0,0,0,0,0,0,0,27.6364,77.7124,block_centroid_approximation
9,145,762,124005,Daharuwa,667,4113,2190,1923,1744,1160,584,2369,1030,1339,1701,1147,554,98,318,94,2412,27.6364,77.7124,block_centroid_approximation
9,145,762,124006,Saur,214,1436,773,663,864,576,288,572,197,375,343,331,12,145,82,20,1093,27.6364,77.7124,block_centroid_approximation
9,145,762,124007,Choorahansi,417,2556,1353,1203,1497,976,521,1059,377,682,705,658,47,370,186,35,1851,27.6364,77.7124,block_centroid_approximation
9,145,762,124008,Narbehansi,59,323,175,148,198,129,69,125,46,79,88,87,1,65,1,0,235,27.6364,77.7124,block_centroid_approximation
9,145,762,124009,Kharwa,512,3094,1625,1469,1796,1107,689,1298,518,780,946,762,184,196,79,42,2148,27.6364,77.7124,block_centroid_approximation
9,145,762,124010,Koyal,309,1931,1011,920,1215,736,479,716,275,441,691,483,208,82,180,14,1240,27.6364,77.7124,block_centroid_approximation
9,145,762,124011,Tirwaya,232,1433,784,649,857,544,313,576,240,336,417,363,54,135,82,3,1016,27.6364,77.7124,block_centroid_approximation
9,145,762,124012,Bheema,134,878,457,421,607,349,258,271,108,163,276,230,46,96,50,2,602,27.6364,77.7124,block_centroid_approximation
9,145,762,124013,Thana Amarsingh,145,903,470,433,542,335,207,361,135,226,220,204,16,47,139,0,683,27.6364,77.7124,block_centroid_approximation
9,145,762,124014,Nagal,350,2347,1285,1062,1397,927,470,950,358,592,969,662,307,287,107,45,1378,27.6364,77.7124,block_centroid_approximation
9,145,762,124015,Gonga,420,2577,1403,1174,1551,1013,538,1026,390,636,750,629,121,145,25,29,1827,27.6364,77.7124,block_centroid_approximation
9,145,762,124016,Dhaku,282,1656,897,759,994,646,348,662,251,411,521,419,102,89,79,28,1135,27.6364,77.7124,block_centroid_approximation
9,145,762,124017,Surraka,187,1305,685,620,823,505,318,482,180,302,490,313,177,182,6,3,815,27.6364,77.7124,block_centroid_approximation
9,145,762,124018,Nagla Mahru,95,550,291,259,364,226,138,186,65,121,151,140,11,22,61,5,399,27.6364,77.7124,block_centroid_approximation
9,145,762,124019,Kakrari,533,3454,1899,1555,2199,1440,759,1255,459,796,1466,925,541,444,91,7,1988,27.6364,77.7124,block_centroid_approximation
9,145,762,124020,Barhaun,564,3544,1934,1610,2257,1488,769,1287,446,841,1104,875,229,435,148,14,2440,27.6364,77.7124,block_centroid_approximation
9,145,762,124021,Surja,94,618,342,276,382,270,112,236,72,164,149,142,7,62,6,2,469,27.6364,77.7124,block_centroid_approximation
9,145,762,124022,Gaiyara,1104,6255,3379,2876,3899,2502,1397,2356,877,1479,2079,1574,505,500,195,146,4176,27.6364,77.7124,block_centroid_approximation
9,145,762,124023,Pirsuwa,379,2251,1232,1019,1344,878,466,907,354,553,569,476,93,204,75,23,1682,27.6364,77.7124,block_centroid_approximation
9,145,762,124024,Sherni,234,1472,795,677,976,625,351,496,170,326,467,301,166,137,51,10,1005,27.6364,77.7124,block_centroid_approximation
9,145,762,124025,Manina Balu,282,1704,949,755,1025,691,334,679,258,421,669,428,241,160,193,10,1035,27.6364,77.7124,block_centroid_approximation
9,145,762,124026,Sampat Jogi,109,754,419,335,400,272,128,354,147,207,298,186,112,74,97,0,456,27.6364,77.7124,block_centroid_approximation
9,145,762,124027,Bhooda Sani,316,2045,1101,944,1338,850,488,707,251,456,946,542,404,314,229,20,1099,27.6364,77.7124,block_centroid_approximation
9,145,762,124028,Lalpur Mahavan,425,2689,1452,1237,1585,1081,504,1104,371,733,909,701,208,306,15,47,1780,27.6364,77.7124,block_centroid_approximation
9,145,762,124029,Bhankerpur Basela,336,2238,1214,1024,1321,881,440,917,333,584,976,585,391,345,360,8,1262,27.6364,77.7124,block_centroid_approximation
9,145,762,124030,Gaju,423,2559,1392,1167,1577,1025,552,982,367,615,903,669,234,145,402,40,1656,27.6364,77.7124,block_centroid_approximation
9,145,762,124031,Amera,355,2088,1164,924,1370,874,496,718,290,428,678,542,136,199,31,27,1410,27.6364,77.7124,block_centroid_approximation
9,145,762,124032,Mishri,137,888,477,411,557,370,187,331,107,224,217,211,6,53,1,2,671,27.6364,77.7124,block_centroid_approximation
9,145,762,124033,Shivli,569,3503,1855,1648,2256,1441,815,1247,414,833,1366,856,510,425,139,5,2137,27.6364,77.7124,block_centroid_approximation
9,145,762,124034,Birhana,416,2679,1433,1246,1742,1138,604,937,295,642,906,657,249,259,147,58,1773,27.6364,77.7124,block_centroid_approximation
9,145,762,124035,Bisavli,541,3274,1770,1504,2060,1360,700,1214,410,804,971,814,157,448,80,80,2303,27.6364,77.7124,block_centroid_approximation
9,145,762,124036,Birbal,389,2346,1277,1069,1387,910,477,959,367,592,979,634,345,125,212,58,1367,27.6364,77.7124,block_centroid_approximation
9,145,762,124037,Thokgyan,283,1561,822,739,1026,622,404,535,200,335,631,432,199,40,71,29,930,27.6364,77.7124,block_centroid_approximation
9,145,762,124038,Nagla Bari,133,775,415,360,415,278,137,360,137,223,314,169,145,3,53,35,461,27.6364,77.7124,block_centroid_approximation
9,145,762,124039,Thok Sumera,210,1376,760,616,815,526,289,561,234,327,317,299,18,81,1,2,1059,27.6364,77.7124,block_centroid_approximation
9,145,762,124040,Arazi Milik.Gangabasi,0,0,0,0,0,0,0,0,0,0,0,0,0,0,0,0,0,27.6364,77.7124,block_centroid_approximation
9,145,762,124041,Thok Bindavani,311,2040,1101,939,1209,740,469,831,361,470,703,529,174,31,69,33,1337,27.6364,77.7124,block_centroid_approximation
9,145,762,124042,Bhudri,90,495,247,248,338,202,136,157,45,112,148,114,34,76,14,1,347,27.6364,77.7124,block_centroid_approximation
9,145,762,124043,Arazi Milik.Bikanushah,35,163,88,75,136,78,58,27,10,17,77,59,18,42,13,1,86,27.6364,77.7124,block_centroid_approximation
9,145,762,124044,Nagla Jangali,102,645,351,294,385,269,116,260,82,178,313,172,141,114,2,0,332,27.6364,77.7124,block_centroid_approximation
9,145,762,124045,Thok Saru,150,791,447,344,525,360,165,266,87,179,225,190,35,145,14,20,566,27.6364,77.7124,block_centroid_approximation
9,145,762,124046,Thok Kamal,192,1244,657,587,806,497,309,438,160,278,363,284,79,51,29,58,881,27.6364,77.7124,block_centroid_approximation
9,145,762,124047,Khadiya,195,1157,620,537,679,447,232,478,173,305,387,275,112,55,109,0,770,27.6364,77.7124,block_centroid_approximation
9,145,762,124048,Arazi Milik Qanungoyan,0,0,0,0,0,0,0,0,0,0,0,0,0,0,0,0,0,27.6364,77.7124,block_centroid_approximation
9,145,762,124049,Bil Aliabad,96,586,327,259,414,262,152,172,65,107,240,148,92,70,1,0,346,27.6364,77.7124,block_centroid_approximation
9,145,762,124050,Chauhari,160,1056,572,484,572,367,205,484,205,279,425,263,162,76,76,0,631,27.6364,77.7124,block_centroid_approximation
9,145,762,124051,Tehra Mahaban,257,1446,792,654,885,591,294,561,201,360,490,369,121,106,114,18,956,27.6364,77.7124,block_centroid_approximation
9,145,763,124052,Rausinga,130,743,402,341,496,319,177,247,83,164,342,180,162,145,41,2,401,27.43,77.75,block_centroid_approximation
9,145,763,124053,Nauranga,130,788,428,360,489,324,165,299,104,195,252,175,77,90,28,4,536,27.43,77.75,block_centroid_approximation
9,145,763,124054,Pavesara,438,2655,1418,1237,1626,1049,577,1029,369,660,976,618,358,228,117,5,1679,27.43,77.75,block_centroid_approximation
9,145,763,124055,Bansai,271,1508,746,762,823,521,302,685,225,460,452,349,103,184,26,6,1056,27.43,77.75,block_centroid_approximation
9,145,763,124056,Khajuri,157,983,535,448,599,382,217,384,153,231,379,233,146,90,48,1,604,27.43,77.75,block_centroid_approximation
9,145,763,124057,Chhikara,183,1030,553,477,659,411,248,371,142,229,555,321,234,88,82,6,475,27.43,77.75,block_centroid_approximation
9,145,763,124058,Jagatiya,101,779,418,361,525,324,201,254,94,160,323,219,104,73,19,8,456,27.43,77.75,block_centroid_approximation
9,145,763,124059,Bhojua,145,970,530,440,660,411,249,310,119,191,278,246,32,34,1,4,692,27.43,77.75,block_centroid_approximation
9,145,763,124060,Bichpuri Poluwa,79,465,264,201,274,187,87,191,77,114,121,110,11,30,0,0,344,27.43,77.75,block_centroid_approximation
9,145,763,124061,Malhai,101,574,309,265,370,253,117,204,56,148,159,125,34,61,86,2,415,27.43,77.75,block_centroid_approximation
9,145,763,124062,Padrari,500,2877,1565,1312,1880,1203,677,997,362,635,1036,782,254,185,118,52,1841,27.43,77.75,block_centroid_approximation
9,145,763,124063,Saras,211,1278,665,613,771,467,304,507,198,309,596,311,285,63,158,64,682,27.43,77.75,block_centroid_approximation
9,145,763,124064,Bana,260,1523,790,733,909,568,341,614,222,392,606,352,254,147,240,31,917,27.43,77.75,block_centroid_approximation
9,145,763,124065,Siyara,267,1714,898,816,1095,661,434,619,237,382,395,375,20,105,109,5,1319,27.43,77.75,block_centroid_approximation
9,145,763,124066,Bhainsara,596,3499,1881,1618,2251,1454,797,1248,427,821,1270,881,389,395,118,54,2229,27.43,77.75,block_centroid_approximation
9,145,763,124067,Achru Ladhora,504,3058,1658,1400,1901,1242,659,1157,416,741,810,756,54,301,189,45,2248,27.43,77.75,block_centroid_approximation
9,145,763,124068,Itauli,410,2271,1188,1083,1280,859,421,991,329,662,587,565,22,225,13,0,1684,27.43,77.75,block_centroid_approximation
9,145,763,124069,Khirari,220,1435,791,644,822,536,286,613,255,358,554,319,235,46,96,36,881,27.43,77.75,block_centroid_approximation
9,145,763,124070,Isapur Khadar,0,0,0,0,0,0,0,0,0,0,0,0,0,0,0,0,0,27.43,77.75,block_centroid_approximation
9,145,763,124071,Taiyabpur,1714,10460,5638,4822,5963,3690,2273,4497,1948,2549,2852,2442,410,93,81,149,7608,27.43,77.75,block_centroid_approximation
9,145,763,124072,Milik Krishna Chaube,27,141,54,87,65,33,32,76,21,55,34,24,10,0,0,0,107,27.43,77.75,block_centroid_approximation
9,145,763,124073,Shahpur Gausana,740,4585,2434,2151,2824,1793,1031,1761,641,1120,1212,1131,81,44,77,13,3373,27.43,77.75,block_centroid_approximation
9,145,763,124074,Milik Bitthalnath,91,649,330,319,368,227,141,281,103,178,157,137,20,41,11,3,492,27.43,77.75,block_centroid_approximation
9,145,763,124075,Lohaban,1477,9266,4977,4289,6090,3667,2423,3176,1310,1866,3448,2470,978,388,369,587,5818,27.43,77.75,block_centroid_approximation
9,145,763,124076,Shahjadpur Tappa Sonai,0,0,0,0,0,0,0,0,0,0,0,0,0,0,0,0,0,27.43,77.75,block_centroid_approximation
9,145,763,124077,Abdul Nabipur Banger,332,2048,1096,952,1266,767,499,782,329,453,694,571,123,56,20,33,1354,27.43,77.75,block_centroid_approximation
9,145,763,124078,Abdul Nabipur Khader,0,0,0,0,0,0,0,0,0,0,0,0,0,0,0,0,0,27.43,77.75,block_centroid_approximation
9,145,763,124079,Raipur Mai Banger,820,4900,2633,2267,2725,1743,982,2175,890,1285,1561,1204,357,188,68,97,3339,27.43,77.75,block_centroid_approximation
9,145,763,124080,Raipur Mai Khader,0,0,0,0,0,0,0,0,0,0,0,0,0,0,0,0,0,27.43,77.75,block_centroid_approximation
9,145,763,124081,Sihora,1327,8049,4310,3739,4996,3187,1809,3053,1123,1930,2461,1862,599,664,327,97,5588,27.43,77.75,block_centroid_approximation
9,145,763,124082,Bahadurpur,49,299,158,141,180,117,63,119,41,78,155,99,56,61,3,3,144,27.43,77.75,block_centroid_approximation
9,145,763,124083,Karab,1431,8238,4376,3862,5390,3364,2026,2848,1012,1836,2313,1927,386,627,255,106,5925,27.43,77.75,block_centroid_approximation
9,145,763,124084,Nagla Tulsi,90,572,317,255,265,201,64,307,116,191,106,98,8,19,3,2,466,27.43,77.75,block_centroid_approximation
9,145,763,124085,Mursenia,114,596,328,268,395,259,136,201,69,132,296,187,109,2,169,0,300,27.43,77.75,block_centroid_approximation
9,145,763,124086,Nagla Karan,0,0,0,0,0,0,0,0,0,0,0,0,0,0,0,0,0,27.43,77.75,block_centroid_approximation
9,145,763,124087,Nagla Todar,65,436,233,203,296,192,104,140,41,99,136,103,33,48,27,0,300,27.43,77.75,block_centroid_approximation
9,145,763,124088,Nagla Arjun,111,664,362,302,479,305,174,185,57,128,250,172,78,112,24,0,414,27.43,77.75,block_centroid_approximation
9,145,763,124089,Sonkh Khera,223,1404,759,645,960,589,371,444,170,274,374,338,36,85,11,1,1030,27.43,77.75,block_centroid_approximation
9,145,763,124090,Nagla Hari,144,815,430,385,517,345,172,298,85,213,188,179,9,101,53,5,627,27.43,77.75,block_centroid_approximation
9,145,763,124091,Nagla Dhanoua,77,436,239,197,229,163,66,207,76,131,225,123,102,80,45,2,211,27.43,77.75,block_centroid_approximation
9,145,763,124092,Nagla Thana,85,502,248,254,130,77,53,372,171,201,101,80,21,64,18,1,401,27.43,77.75,block_centroid_approximation
9,145,763,124093,Tal Garhi,225,1311,683,628,818,530,288,493,153,340,502,337,165,161,201,8,809,27.43,77.75,block_centroid_approximation
9,145,763,124094,Nagla Heera,54,353,185,168,215,128,87,138,57,81,160,81,79,36,2,32,193,27.43,77.75,block_centroid_approximation
9,145,763,124095,Ochhta,39,206,111,95,144,88,56,62,23,39,80,48,32,31,5,2,126,27.43,77.75,block_centroid_approximation
9,145,763,124096,Bhanda Sujanpur,1,5,2,3,5,2,3,0,0,0,2,1,1,1,0,0,3,27.43,77.75,block_centroid_approximation
9,145,763,124097,Khalaua,230,1346,731,615,840,530,310,506,201,305,605,344,261,119,0,2,741,27.43,77.75,block_centroid_approximation
9,145,763,124098,Gudera,423,2399,1271,1128,1499,953,546,900,318,582,1178,628,550,176,294,10,1221,27.43,77.75,block_centroid_approximation
9,145,763,124099,Nunera,258,1681,924,757,1164,739,425,517,185,332,588,452,136,307,15,11,1093,27.43,77.75,block_centroid_approximation
9,145,763,124100,Nagaura,329,1891,1003,888,1133,721,412,758,282,476,725,469,256,172,114,9,1166,27.43,77.75,block_centroid_approximation
9,145,763,124101,Basar Bhakandi,75,452,253,199,359,215,144,93,38,55,164,127,37,108,6,0,288,27.43,77.75,block_centroid_approximation
9,145,763,124102,Bhit Bahari,68,364,195,169,236,153,83,128,42,86,186,100,86,65,10,0,178,27.43,77.75,block_centroid_approximation
9,145,763,124103,Anorha,988,6030,3244,2786,3364,2209,1155,2666,1035,1631,2336,1504,832,417,578,24,3694,27.43,77.75,block_centroid_approximation
9,145,763,124104,Byohai,804,5037,2595,2442,2901,1808,1093,2136,787,1349,1794,1222,572,391,519,21,3243,27.43,77.75,block_centroid_approximation
9,145,763,124105,Bharau Garh,163,995,538,457,458,321,137,537,217,320,248,238,10,109,94,2,747,27.43,77.75,block_centroid_approximation
9,145,763,124106,Nagla Bharau,450,2654,1422,1232,1577,1043,534,1077,379,698,686,625,61,266,168,16,1968,27.43,77.75,block_centroid_approximation
9,145,763,124107,Baltikari,494,3372,1784,1588,1877,1219,658,1495,565,930,1209,908,301,198,733,11,2163,27.43,77.75,block_centroid_approximation
9,145,763,124108,Nagla Qazi,186,1002,557,445,647,410,237,355,147,208,313,252,61,47,5,1,689,27.43,77.75,block_centroid_approximation
9,145,763,124109,Rawal Bangar,409,2753,1396,1357,1442,893,549,1311,503,808,857,629,228,258,200,24,1896,27.43,77.75,block_centroid_approximation
9,145,763,124110,Rawal Khadar,0,0,0,0,0,0,0,0,0,0,0,0,0,0,0,0,0,27.43,77.75,block_centroid_approximation
9,145,763,124111,Mubarikpur Khadar,42,290,151,139,98,63,35,192,88,104,69,63,6,0,0,0,221,27.43,77.75,block_centroid_approximation
9,145,763,124112,Mubarikpur Bangar,54,370,196,174,193,127,66,177,69,108,86,80,6,0,0,3,284,27.43,77.75,block_centroid_approximation
9,145,763,124113,Nagla Mirbulaki,120,777,417,360,522,315,207,255,102,153,214,187,27,81,46,9,563,27.43,77.75,block_centroid_approximation
9,145,763,124114,Hayatpur,940,5707,3096,2611,3416,2167,1249,2291,929,1362,2153,1462,691,301,145,30,3554,27.43,77.75,block_centroid_approximation
9,145,763,124115,Alipur,162,928,473,455,528,316,212,400,157,243,561,289,272,122,316,7,367,27.43,77.75,block_centroid_approximation
9,145,763,124116,Kheria,98,487,269,218,288,176,112,199,93,106,355,197,158,28,278,6,132,27.43,77.75,block_centroid_approximation
9,145,763,124117,Kishanpur,343,2187,1169,1018,1454,890,564,733,279,454,1046,597,449,44,127,10,1141,27.43,77.75,block_centroid_approximation
9,145,763,124118,Khanpur,180,1160,620,540,687,429,258,473,191,282,387,268,119,57,115,2,773,27.43,77.75,block_centroid_approximation
9,145,763,124119,Manoharpur,605,3618,1903,1715,2014,1257,757,1604,646,958,1174,940,234,279,497,15,2444,27.43,77.75,block_centroid_approximation
9,145,763,124120,Jakariapur,34,256,133,123,148,87,61,108,46,62,70,62,8,50,5,8,186,27.43,77.75,block_centroid_approximation
9,145,763,124121,Islampur,119,749,387,362,526,295,231,223,92,131,207,167,40,39,2,9,542,27.43,77.75,block_centroid_approximation
9,145,763,124122,Sarai Alikhan,24,160,88,72,128,77,51,32,11,21,91,53,38,29,12,3,69,27.43,77.75,block_centroid_approximation
9,145,763,124123,Gokul Bangar(Dehat.1),35,175,97,78,116,73,43,59,24,35,91,56,35,12,13,4,84,27.43,77.75,block_centroid_approximation
9,145,763,124124,Gokul Khadar,0,0,0,0,0,0,0,0,0,0,0,0,0,0,0,0,0,27.43,77.75,block_centroid_approximation
9,145,763,124125,Mahaban Bangar (Dehat),1155,6726,3668,3058,3984,2584,1400,2742,1084,1658,1767,1566,201,411,137,33,4959,27.43,77.75,block_centroid_approximation
9,145,763,124126,Mahaban Khadar,12,214,209,5,84,82,2,130,127,3,3,3,0,0,0,0,211,27.43,77.75,block_centroid_approximation
9,145,763,124127,Jogipur Bangar,116,802,433,369,487,318,169,315,115,200,420,224,196,66,144,1,382,27.43,77.75,block_centroid_approximation
9,145,763,124128,Jogipur Khadar,33,201,105,96,113,62,51,88,43,45,39,37,2,8,27,1,162,27.43,77.75,block_centroid_approximation
9,145,763,124129,Noorpur,134,835,456,379,497,317,180,338,139,199,252,215,37,41,29,12,583,27.43,77.75,block_centroid_approximation
9,145,763,124130,Jagdishpur,126,709,369,340,497,291,206,212,78,134,159,143,16,39,34,7,550,27.43,77.75,block_centroid_approximation
9,145,763,124131,Bandi,559,3155,1703,1452,2174,1320,854,981,383,598,920,838,82,360,119,24,2235,27.43,77.75,block_centroid_approximation
9,145,763,124132,Chholi,459,2963,1584,1379,1896,1219,677,1067,365,702,712,666,46,198,41,27,2251,27.43,77.75,block_centroid_approximation
9,145,763,124133,Muzaffarpur,148,835,469,366,583,376,207,252,93,159,219,208,11,59,46,9,616,27.43,77.75,block_centroid_approximation
9,145,763,124134,Mazahidpur,158,1054,563,491,669,416,253,385,147,238,529,257,272,0,7,0,525,27.43,77.75,block_centroid_approximation
9,145,763,124135,Ibrahimpur,135,858,459,399,536,333,203,322,126,196,334,221,113,44,82,15,524,27.43,77.75,block_centroid_approximation
9,145,763,124136,Amirpur,286,1658,892,766,936,642,294,722,250,472,422,409,13,143,3,0,1236,27.43,77.75,block_centroid_approximation
9,145,763,124137,Hataura,350,2362,1268,1094,1533,982,551,829,286,543,556,526,30,37,20,13,1806,27.43,77.75,block_centroid_approximation
9,145,763,124138,Narhauli Junnardar,164,1029,562,467,562,362,200,467,200,267,271,245,26,97,94,0,758,27.43,77.75,block_centroid_approximation
9,145,763,124139,Balrampur,83,452,254,198,275,187,88,177,67,110,119,110,9,0,1,0,333,27.43,77.75,block_centroid_approximation
9,145,763,124140,Shahaupur Bangar,196,1205,646,559,686,446,240,519,200,319,458,301,157,82,208,13,747,27.43,77.75,block_centroid_approximation
9,145,763,124141,Habibpur Bangar,510,3157,1677,1480,1730,1136,594,1427,541,886,863,623,240,367,179,16,2294,27.43,77.75,block_centroid_approximation
9,145,763,124142,Nabipur Bangar,213,1469,776,693,827,509,318,642,267,375,560,347,213,231,26,15,909,27.43,77.75,block_centroid_approximation
9,145,763,124143,Nabipur Khadar,5,42,20,22,18,11,7,24,9,15,19,10,9,6,2,0,23,27.43,77.75,block_centroid_approximation
9,145,763,124144,Sherpur Bangar,22,111,63,48,46,35,11,65,28,37,50,29,21,21,0,0,61,27.43,77.75,block_centroid_approximation
9,145,763,124145,Sherpur Khadar,11,49,32,17,30,24,6,19,8,11,28,17,11,11,0,0,21,27.43,77.75,block_centroid_approximation
9,145,763,124146,Habibpur Khadar,0,0,0,0,0,0,0,0,0,0,0,0,0,0,0,0,0,27.43,77.75,block_centroid_approximation
9,145,763,124147,Shahpur Khadar,2,2,2,0,2,2,0,0,0,0,0,0,0,0,0,0,2,27.43,77.75,block_centroid_approximation
9,145,763,124148,Khadera,118,712,386,326,297,202,95,415,184,231,216,193,23,52,127,0,496,27.43,77.75,block_centroid_approximation
9,145,763,124149,Gulsana Bad,26,174,102,72,120,79,41,54,23,31,79,50,29,15,36,0,95,27.43,77.75,block_centroid_approximation
9,145,763,124150,Pachawar,2159,13135,7178,5957,7929,5193,2736,5206,1985,3221,5149,3505,1644,1230,1238,32,7986,27.43,77.75,block_centroid_approximation
9,145,763,124151,Jugsana,615,3894,2067,1827,2324,1486,838,1570,581,989,1368,925,443,322,89,61,2526,27.43,77.75,block_centroid_approximation
9,145,763,124152,Sarkand Khera,276,1545,863,682,1020,682,338,525,181,344,754,440,314,269,43,187,791,27.43,77.75,block_centroid_approximation
9,145,763,124153,Salemabad,83,532,285,247,361,225,136,171,60,111,144,129,15,87,18,1,388,27.43,77.75,block_centroid_approximation
9,145,763,124154,Dagheta,1151,7467,4057,3410,4747,3043,1704,2720,1014,1706,3108,2119,989,800,1299,89,4359,27.43,77.75,block_centroid_approximation
9,145,763,124155,Sarai Daud,266,1494,788,706,1028,620,408,466,168,298,562,336,226,184,68,2,932,27.43,77.75,block_centroid_approximation
9,145,763,124156,Radoi,404,2454,1344,1110,1521,1014,507,933,330,603,896,670,226,288,275,13,1558,27.43,77.75,block_centroid_approximation
9,145,763,124157,Hasanpur,271,1740,931,809,976,620,356,764,311,453,511,415,96,146,91,46,1229,27.43,77.75,block_centroid_approximation
9,145,763,124158,Gotha,263,1622,877,745,973,635,338,649,242,407,469,385,84,247,10,5,1153,27.43,77.75,block_centroid_approximation
9,145,763,124159,Mohanpur,34,168,88,80,118,72,46,50,16,34,43,41,2,32,0,0,125,27.43,77.75,block_centroid_approximation
9,145,763,124160,Awerni,1705,10126,5529,4597,6154,4004,2150,3972,1525,2447,3789,2658,1131,1213,547,192,6337,27.43,77.75,block_centroid_approximation
9,145,763,124161,Artauni,254,1553,851,702,882,595,287,671,256,415,825,508,317,199,226,16,728,27.43,77.75,block_centroid_approximation
9,145,763,124162,Jharautha,541,2986,1595,1391,1789,1144,645,1197,451,746,728,671,57,173,238,35,2258,27.43,77.75,block_centroid_approximation
9,145,763,124163,Birona,236,1438,782,656,916,618,298,522,164,358,328,311,17,198,10,15,1110,27.43,77.75,block_centroid_approximation
9,145,763,124164,Jatora,200,1341,714,627,817,534,283,524,180,344,390,349,41,124,20,6,951,27.43,77.75,block_centroid_approximation
9,145,763,124165,Banarsipur,28,192,100,92,145,84,61,47,16,31,48,45,3,26,3,0,144,27.43,77.75,block_centroid_approximation
9,145,763,124166,Ridha Baldeo(Dehat),45,277,147,130,155,92,63,122,55,67,153,86,67,30,110,0,124,27.43,77.75,block_centroid_approximation
9,145,763,124167,Chhabirau,71,457,247,210,256,157,99,201,90,111,289,157,132,54,156,2,168,27.43,77.75,block_centroid_approximation
9,145,763,124168,Hatkoli,550,3427,1831,1596,2179,1379,800,1248,452,796,1432,831,601,389,455,29,1995,27.43,77.75,block_centroid_approximation
9,145,763,124169,Kilauni,318,1841,998,843,1182,793,389,659,205,454,464,419,45,267,98,1,1377,27.43,77.75,block_centroid_approximation
9,145,763,124170,Angai,333,2040,1120,920,1334,868,466,706,252,454,1120,598,522,293,421,17,920,27.43,77.75,block_centroid_approximation
9,145,763,124171,Nagla Girdhar,139,885,458,427,584,355,229,301,103,198,191,172,19,67,27,5,694,27.43,77.75,block_centroid_approximation
9,145,763,124172,Nagla Ajam Khadar,0,0,0,0,0,0,0,0,0,0,0,0,0,0,0,0,0,27.43,77.75,block_centroid_approximation
9,145,763,124173,Nagla Ajam Bangar,43,328,182,146,183,110,73,145,72,73,71,69,2,68,0,0,257,27.43,77.75,block_centroid_approximation
9,145,763,124174,Saidpur,474,2932,1567,1365,1898,1229,669,1034,338,696,795,631,164,250,155,10,2137,27.43,77.75,block_centroid_approximation
9,145,763,124175,Nagla Bali,410,2738,1491,1247,1693,1111,582,1045,380,665,1175,700,475,265,454,109,1563,27.43,77.75,block_centroid_approximation
9,145,763,124176,Daulatpur,568,3768,2046,1722,2168,1420,748,1600,626,974,1137,884,253,558,107,72,2631,27.43,77.75,block_centroid_approximation
9,145,763,124177,Barha Khadar,0,0,0,0,0,0,0,0,0,0,0,0,0,0,0,0,0,27.43,77.75,block_centroid_approximation
9,145,763,124178,Barha Bangar,20,156,80,76,92,55,37,64,25,39,49,26,23,12,0,22,107,27.43,77.75,block_centroid_approximation
9,145,763,124179,Lahrauli Bangar,335,1934,998,936,1099,690,409,835,308,527,922,479,443,90,646,38,1012,27.43,77.75,block_centroid_approximation
9,145,763,124180,Lahrauli Khadar,7,26,13,13,14,9,5,12,4,8,12,7,5,8,4,0,14,27.43,77.75,block_centroid_approximation
9,145,763,124181,Tatrauta Khadar,1,8,4,4,0,0,0,8,4,4,4,2,2,4,0,0,4,27.43,77.75,block_centroid_approximation
9,145,763,124182,Tatrauta Bangar,544,3097,1674,1423,1607,1096,511,1490,578,912,1490,838,652,271,357,31,1607,27.43,77.75,block_centroid_approximation
9,145,763,124183,Shahjadpur(Indrawali),213,1197,650,547,841,528,313,356,122,234,328,295,33,87,85,22,869,27.43,77.75,block_centroid_approximation
9,145,763,124184,Madaura,449,2717,1469,1248,1490,1010,480,1227,459,768,1128,702,426,397,158,34,1589,27.43,77.75,block_centroid_approximation
9,145,763,124185,Bhudha,194,1131,583,548,649,409,240,482,174,308,558,307,251,113,101,27,573,27.43,77.75,block_centroid_approximation
9,145,763,124186,Patlauni,771,4440,2382,2058,2925,1848,1077,1515,534,981,1424,1078,346,492,120,11,3016,27.43,77.75,block_centroid_approximation
9,145,763,124187,Bhartiya,789,4663,2524,2139,2883,1841,1042,1780,683,1097,2457,1273,1184,604,39,21,2206,27.43,77.75,block_centroid_approximation
9,145,763,124188,Karnau,117,745,399,346,512,307,205,233,92,141,316,188,128,60,188,3,429,27.43,77.75,block_centroid_approximation
9,145,763,124189,Fatehpura,169,988,547,441,547,367,180,441,180,261,419,287,132,73,179,16,569,27.43,77.75,block_centroid_approximation
9,145,763,124190,Kachnau,401,2467,1365,1102,1612,1015,597,855,350,505,698,666,32,432,126,5,1769,27.43,77.75,block_centroid_approximation
9,145,763,124191,Selkhera,378,2601,1432,1169,1604,1085,519,997,347,650,1340,759,581,224,256,15,1261,27.43,77.75,block_centroid_approximation
9,145,763,124192,Jadaupur,201,1293,694,599,782,514,268,511,180,331,468,300,168,166,142,2,825,27.43,77.75,block_centroid_approximation
9,145,763,124193,Garhsauli,502,3091,1692,1399,1664,1086,578,1427,606,821,1167,740,427,294,49,28,1924,27.43,77.75,block_centroid_approximation
9,145,763,124194,Barauli,828,5278,2865,2413,3175,2029,1146,2103,836,1267,2232,1540,692,403,220,28,3046,27.43,77.75,block_centroid_approximation
9,145,763,124195,Akos Bangar,1397,9134,4919,4215,5156,3315,1841,3978,1604,2374,3995,2557,1438,1270,242,55,5139,27.43,77.75,block_centroid_approximation
9,145,763,124196,Kanjaulighat Bangar,582,3883,2102,1781,2374,1512,862,1509,590,919,1402,925,477,736,320,106,2481,27.43,77.75,block_centroid_approximation
9,145,763,124197,Kanjaulighat Khadar,0,0,0,0,0,0,0,0,0,0,0,0,0,0,0,0,0,27.43,77.75,block_centroid_approximation
9,145,763,124198,Akos Khadar,0,0,0,0,0,0,0,0,0,0,0,0,0,0,0,0,0,27.43,77.75,block_centroid_approximation
9,145,763,124199,Nagla Akos Khadar,52,315,183,132,133,96,37,182,87,95,141,81,60,29,47,1,174,27.43,77.75,block_centroid_approximation
9,145,763,124200,Nagla Akos Bangar,228,1345,722,623,812,504,308,533,218,315,636,316,320,215,153,23,709,27.43,77.75,block_centroid_approximation
9,145,763,124201,Kanora Bangar,120,776,420,356,450,289,161,326,131,195,152,151,1,11,113,2,624,27.43,77.75,block_centroid_approximation
9,145,763,124202,Murshidabad Bangar,54,332,166,166,206,130,76,126,36,90,67,63,4,8,55,0,265,27.43,77.75,block_centroid_approximation
9,145,763,124203,Murshidabad Khadar,0,0,0,0,0,0,0,0,0,0,0,0,0,0,0,0,0,27.43,77.75,block_centroid_approximation
9,145,763,124204,Kanora Khadar,2,6,6,0,5,5,0,1,1,0,1,1,0,0,0,0,5,27.43,77.75,block_centroid_approximation
9,145,763,124205,Nagla Gukhrauli,497,3141,1712,1429,2130,1335,795,1011,377,634,1239,803,436,476,156,26,1902,27.43,77.75,block_centroid_approximation
9,145,763,124206,Sarai Salbahan,242,1422,720,702,786,483,303,636,237,399,490,331,159,63,81,155,932,27.43,77.75,block_centroid_approximation
9,145,763,124207,Nera Bangar,608,3975,2116,1859,2395,1521,874,1580,595,985,1453,964,489,521,357,31,2522,27.43,77.75,block_centroid_approximation
9,145,763,124208,Madaur,404,2566,1336,1230,1581,968,613,985,368,617,843,615,228,409,176,4,1723,27.43,77.75,block_centroid_approximation
9,145,763,124209,Nera Khadar,0,0,0,0,0,0,0,0,0,0,0,0,0,0,0,0,0,27.43,77.75,block_centroid_approximation
9,145,763,124210,Mohpai Bangar,53,349,187,162,184,124,60,165,63,102,136,80,56,36,16,2,213,27.43,77.75,block_centroid_approximation
9,145,763,124211,Mohpai Khadar,3,17,11,6,9,8,1,8,3,5,7,4,3,0,1,0,10,27.43,77.75,block_centroid_approximation
9,145,763,124212,Sehat Bangar,186,1255,685,570,571,388,183,684,297,387,390,300,90,138,106,0,865,27.43,77.75,block_centroid_approximation
9,145,763,124213,Sehat Khadar,3,17,7,10,9,3,6,8,4,4,9,5,4,1,2,0,8,27.43,77.75,block_centroid_approximation
9,145,764,124215,Seeh,377,2616,1398,1218,1473,972,501,1143,426,717,752,686,66,395,127,32,1864,27.4925,77.6737,block_centroid_approximation
9,145,764,124216,Palson,1388,8316,4582,3734,4711,3076,1635,3605,1506,2099,2870,2186,684,750,416,115,5446,27.4925,77.6737,block_centroid_approximation
9,145,764,124217,Mahroli,817,5136,2728,2408,2647,1785,862,2489,943,1546,1736,1238,498,616,239,11,3400,27.4925,77.6737,block_centroid_approximation
9,145,764,124218,Janu,617,3774,2021,1753,1646,1161,485,2128,860,1268,1729,927,802,566,209,13,2045,27.4925,77.6737,block_centroid_approximation
9,145,764,124219,Mudseras,625,4040,2172,1868,2101,1402,699,1939,770,1169,1804,1025,779,679,110,20,2236,27.4925,77.6737,block_centroid_approximation
9,145,764,124220,Daulatpur Mathura,374,2540,1374,1166,806,611,195,1734,763,971,806,564,242,222,74,1,1734,27.4925,77.6737,block_centroid_approximation
9,145,764,124221,Devseras,1161,7919,4225,3694,2811,1908,903,5108,2317,2791,3118,1953,1165,829,271,5,4801,27.4925,77.6737,block_centroid_approximation
9,145,764,124222,Madaura,542,3534,1877,1657,1542,1069,473,1992,808,1184,1100,819,281,448,184,6,2434,27.4925,77.6737,block_centroid_approximation
9,145,764,124223,Malsarai,416,2648,1426,1222,1465,939,526,1183,487,696,1147,664,483,510,122,3,1501,27.4925,77.6737,block_centroid_approximation
9,145,764,124224,Tond,0,0,0,0,0,0,0,0,0,0,0,0,0,0,0,0,0,27.4925,77.6737,block_centroid_approximation
9,145,764,124225,Gantholi,845,4995,2670,2325,2757,1777,980,2238,893,1345,1463,1168,295,379,80,116,3532,27.4925,77.6737,block_centroid_approximation
9,145,764,124226,Jatipura,871,4993,2688,2305,2825,1799,1026,2168,889,1279,1359,1175,184,187,60,29,3634,27.4925,77.6737,block_centroid_approximation
9,145,764,124227,Anore,1251,7531,4003,3528,3645,2373,1272,3886,1630,2256,2276,1777,499,540,167,32,5255,27.4925,77.6737,block_centroid_approximation
9,145,764,124228,Padal,410,2404,1280,1124,1325,861,464,1079,419,660,779,564,215,212,119,15,1625,27.4925,77.6737,block_centroid_approximation
9,145,764,124229,Kunjera,315,2125,1120,1005,1050,695,355,1075,425,650,555,529,26,343,4,2,1570,27.4925,77.6737,block_centroid_approximation
9,145,764,124230,Radhakund Rural,234,1232,668,564,588,396,192,644,272,372,375,322,53,103,147,16,857,27.4925,77.6737,block_centroid_approximation
9,145,764,124231,Neemgaon,745,4746,2513,2233,2182,1458,724,2564,1055,1509,1561,1083,478,434,218,33,3185,27.4925,77.6737,block_centroid_approximation
9,145,764,124232,Bhagosa,488,3028,1622,1406,2012,1236,776,1016,386,630,944,755,189,396,31,68,2084,27.4925,77.6737,block_centroid_approximation
9,145,764,124233,Sakarwa,586,3952,2072,1880,2380,1510,870,1572,562,1010,1174,950,224,693,93,24,2778,27.4925,77.6737,block_centroid_approximation
9,145,764,124234,Sakitara,366,2212,1207,1005,1394,890,504,818,317,501,601,544,57,214,45,9,1611,27.4925,77.6737,block_centroid_approximation
9,145,764,124235,Goverdhan Brahmnan,41,167,81,86,88,52,36,79,29,50,44,41,3,1,18,0,123,27.4925,77.6737,block_centroid_approximation
9,145,764,124236,Goverdhan Gorwan,153,747,430,317,350,236,114,397,194,203,212,166,46,2,2,2,535,27.4925,77.6737,block_centroid_approximation
9,145,764,124237,Pali Brahmnan,226,1521,792,729,837,515,322,684,277,407,436,349,87,145,106,21,1085,27.4925,77.6737,block_centroid_approximation
9,145,764,124238,Jamunavata,111,770,419,351,344,244,100,426,175,251,390,275,115,106,28,6,380,27.4925,77.6737,block_centroid_approximation
9,145,764,124239,Bhavanpura,477,2905,1562,1343,1802,1184,618,1103,378,725,945,736,209,369,225,49,1960,27.4925,77.6737,block_centroid_approximation
9,145,764,124240,Aring,2397,14608,7795,6813,8659,5344,3315,5949,2451,3498,4307,3531,776,1274,261,199,10301,27.4925,77.6737,block_centroid_approximation
9,145,764,124241,Madhuri Kund,354,2264,1223,1041,1335,875,460,929,348,581,552,495,57,217,14,16,1712,27.4925,77.6737,block_centroid_approximation
9,145,764,124242,Sonsa,487,2607,1396,1211,1269,868,401,1338,528,810,676,601,75,92,68,5,1931,27.4925,77.6737,block_centroid_approximation
9,145,764,124243,Mahmadpur,261,1506,828,678,1059,645,414,447,183,264,386,367,19,86,1,0,1120,27.4925,77.6737,block_centroid_approximation
9,145,764,124244,Pentha,566,3822,2061,1761,2260,1483,777,1562,578,984,1158,998,160,535,121,5,2664,27.4925,77.6737,block_centroid_approximation
9,145,764,124245,Kothara,303,1889,1012,877,1104,734,370,785,278,507,609,460,149,403,172,1,1280,27.4925,77.6737,block_centroid_approximation
9,145,764,124246,Bachhgaon,2156,12834,6802,6032,7581,4880,2701,5253,1922,3331,4494,3088,1406,2149,371,89,8340,27.4925,77.6737,block_centroid_approximation
9,145,764,124247,Sonkh Dehat,446,2630,1429,1201,1797,1141,656,833,288,545,1117,693,424,267,119,7,1513,27.4925,77.6737,block_centroid_approximation
9,145,764,124248,Nainupatti,1459,9170,4888,4282,5848,3728,2120,3322,1160,2162,3499,2297,1202,1127,129,59,5671,27.4925,77.6737,block_centroid_approximation
9,145,764,124249,Borpa,330,2057,1101,956,1397,861,536,660,240,420,663,496,167,389,9,2,1394,27.4925,77.6737,block_centroid_approximation
9,145,764,124250,Nagla Chhinga,127,802,437,365,477,320,157,325,117,208,376,199,177,25,50,1,426,27.4925,77.6737,block_centroid_approximation
9,145,764,124251,Malhu,456,2677,1489,1188,1617,1088,529,1060,401,659,709,638,71,344,39,12,1968,27.4925,77.6737,block_centroid_approximation
9,145,764,124252,Ahmal,598,3714,1979,1735,2356,1505,851,1358,474,884,1362,912,450,345,78,12,2352,27.4925,77.6737,block_centroid_approximation
9,145,764,124253,Singa Patti,529,3019,1650,1369,1868,1213,655,1151,437,714,785,754,31,262,244,12,2234,27.4925,77.6737,block_centroid_approximation
9,145,764,124254,Loriha Patti,628,3886,2074,1812,2504,1617,887,1382,457,925,1141,892,249,348,99,27,2745,27.4925,77.6737,block_centroid_approximation
9,145,764,124255,Bhadar,172,998,521,477,666,398,268,332,123,209,431,266,165,23,11,65,567,27.4925,77.6737,block_centroid_approximation
9,145,764,124256,Nagla Sawant,0,0,0,0,0,0,0,0,0,0,0,0,0,0,0,0,0,27.4925,77.6737,block_centroid_approximation
9,145,764,124257,Chak Sawant,0,0,0,0,0,0,0,0,0,0,0,0,0,0,0,0,0,27.4925,77.6737,block_centroid_approximation
9,145,764,124258,Lalpur,607,3578,1908,1670,2138,1382,756,1440,526,914,1315,896,419,577,85,3,2263,27.4925,77.6737,block_centroid_approximation
9,145,764,124259,Son,482,2943,1552,1391,1929,1197,732,1014,355,659,921,661,260,246,183,8,2022,27.4925,77.6737,block_centroid_approximation
9,145,764,124260,Palidungara,264,1608,864,744,821,542,279,787,322,465,434,367,67,231,10,19,1174,27.4925,77.6737,block_centroid_approximation
9,145,764,124261,Phondar,1422,8725,4771,3954,5439,3593,1846,3286,1178,2108,2507,2017,490,1225,214,58,6218,27.4925,77.6737,block_centroid_approximation
9,145,764,124262,Dhakpura,0,0,0,0,0,0,0,0,0,0,0,0,0,0,0,0,0,27.4925,77.6737,block_centroid_approximation
9,145,764,124263,Senha,172,1101,601,500,803,492,311,298,109,189,499,319,180,313,79,10,602,27.4925,77.6737,block_centroid_approximation
9,145,764,124264,Kosi Khurd,832,5265,2844,2421,3093,1979,1114,2172,865,1307,1524,1312,212,334,355,49,3741,27.4925,77.6737,block_centroid_approximation
9,145,764,124265,Magorra,2238,13690,7341,6349,8966,5541,3425,4724,1800,2924,3969,3201,768,1153,119,65,9721,27.4925,77.6737,block_centroid_approximation
9,145,764,124266,Rasulpur,404,2375,1265,1110,1452,935,517,923,330,593,825,623,202,249,25,1,1550,27.4925,77.6737,block_centroid_approximation
9,145,764,124267,Gopalpur,58,313,160,153,231,129,102,82,31,51,145,78,67,89,1,0,168,27.4925,77.6737,block_centroid_approximation
9,145,764,124268,Sonoth Shumali,0,0,0,0,0,0,0,0,0,0,0,0,0,0,0,0,0,27.4925,77.6737,block_centroid_approximation
9,145,764,124269,Sonoth Janubi,136,790,417,373,488,303,185,302,114,188,222,189,33,55,70,7,568,27.4925,77.6737,block_centroid_approximation
9,145,764,124270,Pura,351,2167,1148,1019,1377,820,557,790,328,462,950,540,410,250,371,14,1217,27.4925,77.6737,block_centroid_approximation
9,145,764,124271,Jhapara,136,769,420,349,422,274,148,347,146,201,196,193,3,63,17,0,573,27.4925,77.6737,block_centroid_approximation
9,145,764,124272,Badhauta,441,2807,1491,1316,1436,926,510,1371,565,806,861,643,218,331,197,0,1946,27.4925,77.6737,block_centroid_approximation
9,145,764,124273,Nagla Neta,76,462,248,214,238,152,86,224,96,128,132,118,14,94,15,0,330,27.4925,77.6737,block_centroid_approximation
9,145,764,124274,Bhadal Sundar,282,1858,1011,847,1041,675,366,817,336,481,552,447,105,257,82,29,1306,27.4925,77.6737,block_centroid_approximation
9,145,764,124275,Bhadal Ichchha,178,1099,592,507,590,384,206,509,208,301,292,260,32,132,13,1,807,27.4925,77.6737,block_centroid_approximation
9,145,764,124276,Konai,358,2220,1202,1018,954,675,279,1266,527,739,883,551,332,354,17,3,1337,27.4925,77.6737,block_centroid_approximation
9,145,764,124277,Junhaidi,313,2051,1118,933,1220,794,426,831,324,507,641,504,137,413,46,7,1410,27.4925,77.6737,block_centroid_approximation
9,145,764,124278,Ral,2092,12826,6901,5925,7260,4678,2582,5566,2223,3343,4045,3297,748,1366,761,91,8781,27.4925,77.6737,block_centroid_approximation
9,145,764,124279,Maghera,393,2288,1231,1057,1255,848,407,1033,383,650,720,561,159,420,43,20,1568,27.4925,77.6737,block_centroid_approximation
9,145,764,124280,Tos,468,2936,1631,1305,1550,1079,471,1386,552,834,1151,807,344,324,68,28,1785,27.4925,77.6737,block_centroid_approximation
9,145,764,124281,Jikhangaon,657,3772,2049,1723,2088,1400,688,1684,649,1035,1157,990,167,363,148,19,2615,27.4925,77.6737,block_centroid_approximation
9,145,764,124282,Basonti,418,2679,1426,1253,1527,978,549,1152,448,704,921,690,231,270,72,29,1758,27.4925,77.6737,block_centroid_approximation
9,145,764,124283,Mukhrai,294,1666,856,810,1052,643,409,614,213,401,426,374,52,208,45,9,1240,27.4925,77.6737,block_centroid_approximation
9,145,764,124284,Muhal Sakraya Bangar,0,0,0,0,0,0,0,0,0,0,0,0,0,0,0,0,0,27.4925,77.6737,block_centroid_approximation
9,145,764,124285,Muhal Sakrayakhadar,0,0,0,0,0,0,0,0,0,0,0,0,0,0,0,0,0,27.4925,77.6737,block_centroid_approximation
9,145,764,124286,Sakraya Bangar,1171,6927,3639,3288,3873,2457,1416,3054,1182,1872,2509,1669,840,944,216,82,4418,27.4925,77.6737,block_centroid_approximation
9,145,764,124287,Jonai,239,1351,715,636,822,520,302,529,195,334,398,328,70,60,203,29,953,27.4925,77.6737,block_centroid_approximation
9,145,764,124288,Atas Bangar,1214,7397,3978,3419,4199,2682,1517,3198,1296,1902,2547,1867,680,695,199,111,4850,27.4925,77.6737,block_centroid_approximation
9,145,764,124289,Sakraya Khadar,0,0,0,0,0,0,0,0,0,0,0,0,0,0,0,0,0,27.4925,77.6737,block_centroid_approximation
9,145,764,124290,Atas Khadar,0,0,0,0,0,0,0,0,0,0,0,0,0,0,0,0,0,27.4925,77.6737,block_centroid_approximation
9,145,764,124291,Sunrakh Khadar,0,0,0,0,0,0,0,0,0,0,0,0,0,0,0,0,0,27.4925,77.6737,block_centroid_approximation
9,145,764,124292,Sunrakh Bangar,925,5634,3003,2631,3615,2185,1430,2019,818,1201,1636,1376,260,214,324,54,3998,27.4925,77.6737,block_centroid_approximation
9,145,764,124293,Jait,1528,9287,4968,4319,5482,3431,2051,3805,1537,2268,2638,2215,423,887,235,212,6649,27.4925,77.6737,block_centroid_approximation
9,145,764,124294,Chhatikara,1004,6077,3167,2910,3910,2377,1533,2167,790,1377,1732,1427,305,302,68,63,4345,27.4925,77.6737,block_centroid_approximation
9,145,764,124295,Tahra,560,3306,1784,1522,1827,1182,645,1479,602,877,956,823,133,55,194,29,2350,27.4925,77.6737,block_centroid_approximation
9,145,764,124296,Vrindaban Bangar,203,951,577,374,763,487,276,188,90,98,307,226,81,15,6,28,644,27.4925,77.6737,block_centroid_approximation
9,145,764,124297,Rajpur Khadar,180,870,542,328,529,373,156,341,169,172,324,298,26,7,69,9,546,27.4925,77.6737,block_centroid_approximation
9,145,764,124298,Vrindaban Khadar,177,811,465,346,579,375,204,232,90,142,253,214,39,29,10,14,558,27.4925,77.6737,block_centroid_approximation
9,145,764,124299,Rajpur Naobaramad,744,3550,1760,1790,2718,1467,1251,832,293,539,1057,852,205,61,44,31,2493,27.4925,77.6737,block_centroid_approximation
9,145,764,124300,Dhorera Khadar,69,339,138,201,178,79,99,161,59,102,118,74,44,8,12,10,221,27.4925,77.6737,block_centroid_approximation
9,145,764,124301,Dhorera Bangar,600,3625,1940,1685,1945,1280,665,1680,660,1020,1005,899,106,64,22,19,2620,27.4925,77.6737,block_centroid_approximation
9,145,764,124302,Bati,1381,8308,4457,3851,5034,3254,1780,3274,1203,2071,2453,2022,431,744,146,44,5855,27.4925,77.6737,block_centroid_approximation
9,145,764,124303,Allhepur,109,629,342,287,388,249,139,241,93,148,350,192,158,63,18,22,279,27.4925,77.6737,block_centroid_approximation
9,145,764,124304,Chharaura,450,2997,1585,1412,1742,1071,671,1255,514,741,752,695,57,126,8,33,2245,27.4925,77.6737,block_centroid_approximation
9,145,764,124305,Ahilya Ganj Bangar,0,0,0,0,0,0,0,0,0,0,0,0,0,0,0,0,0,27.4925,77.6737,block_centroid_approximation
9,145,764,124306,Jaisinghpura Bangar,26,147,75,72,100,57,43,47,18,29,88,45,43,5,11,22,59,27.4925,77.6737,block_centroid_approximation
9,145,764,124307,Kota,637,4214,2242,1972,2691,1556,1135,1523,686,837,1098,1021,77,72,84,23,3116,27.4925,77.6737,block_centroid_approximation
9,145,764,124308,Bajna,694,4066,2204,1862,1944,1255,689,2122,949,1173,1099,927,172,137,97,41,2967,27.4925,77.6737,block_centroid_approximation
9,145,764,124309,Arhera,283,1900,1041,859,1097,720,377,803,321,482,519,492,27,131,51,24,1381,27.4925,77.6737,block_centroid_approximation
9,145,764,124310,Phenchari,440,2554,1383,1171,1493,957,536,1061,426,635,757,644,113,205,228,43,1797,27.4925,77.6737,block_centroid_approximation
9,145,764,124311,Sakana,197,1119,633,486,717,461,256,402,172,230,302,280,22,107,34,4,817,27.4925,77.6737,block_centroid_approximation
9,145,764,124312,Mora,750,4246,2311,1935,2599,1649,950,1647,662,985,1795,1177,618,500,188,34,2451,27.4925,77.6737,block_centroid_approximation
9,145,764,124313,Jachonda,535,3103,1657,1446,1904,1198,706,1199,459,740,1052,720,332,305,33,20,2051,27.4925,77.6737,block_centroid_approximation
9,145,764,124314,Khamini,734,4427,2313,2114,2343,1521,822,2084,792,1292,1073,1006,67,188,27,28,3354,27.4925,77.6737,block_centroid_approximation
9,145,764,124315,Datiya,412,2518,1278,1240,1560,928,632,958,350,608,805,622,183,173,131,54,1713,27.4925,77.6737,block_centroid_approximation
9,145,764,124316,Nagla Sadola,0,0,0,0,0,0,0,0,0,0,0,0,0,0,0,0,0,27.4925,77.6737,block_centroid_approximation
9,145,764,124317,Ganesara,1031,5345,2901,2444,3873,2264,1609,1472,637,835,1611,1441,170,266,122,19,3734,27.4925,77.6737,block_centroid_approximation
9,145,764,124318,Govindpur,117,651,344,307,334,213,121,317,131,186,212,181,31,29,6,4,439,27.4925,77.6737,block_centroid_approximation
9,145,764,124319,Keshonpur Manoharpur Dehat,252,1169,604,565,996,519,477,173,85,88,366,317,49,24,8,53,803,27.4925,77.6737,block_centroid_approximation
9,145,764,124320,Girdharpur,1261,7628,4166,3462,4494,2906,1588,3134,1260,1874,2098,1804,294,169,47,43,5530,27.4925,77.6737,block_centroid_approximation
9,145,764,124321,Satoha Asgarpur,880,4798,2588,2210,2907,1757,1150,1891,831,1060,1595,1176,419,242,95,17,3203,27.4925,77.6737,block_centroid_approximation
9,145,764,124322,Nagla Kasi,448,2558,1372,1186,1431,935,496,1127,437,690,968,617,351,177,45,11,1590,27.4925,77.6737,block_centroid_approximation
9,145,764,124323,Nagla Bohra,231,1440,783,657,808,548,260,632,235,397,511,352,159,154,11,78,929,27.4925,77.6737,block_centroid_approximation
9,145,764,124324,Junsuti,778,4614,2484,2130,2666,1758,908,1948,726,1222,1468,1218,250,322,156,28,3146,27.4925,77.6737,block_centroid_approximation
9,145,764,124325,Hakimpur,199,1322,746,576,857,563,294,465,183,282,342,316,26,179,4,11,980,27.4925,77.6737,block_centroid_approximation
9,145,764,124326,Nagla Mana,314,1929,1030,899,924,601,323,1005,429,576,498,468,30,192,10,6,1431,27.4925,77.6737,block_centroid_approximation
9,145,764,124327,Uspar,1217,7225,3852,3373,3768,2448,1320,3457,1404,2053,1938,1694,244,390,84,126,5287,27.4925,77.6737,block_centroid_approximation
9,145,764,124328,Nagla Gaju,63,368,206,162,213,146,67,155,60,95,92,87,5,31,9,0,276,27.4925,77.6737,block_centroid_approximation
9,145,764,124329,Basai,68,470,254,216,270,183,87,200,71,129,200,112,88,60,13,1,270,27.4925,77.6737,block_centroid_approximation
9,145,764,124330,Shahpur Chainpur,156,1033,537,496,571,363,208,462,174,288,242,227,15,125,12,0,791,27.4925,77.6737,block_centroid_approximation
9,145,764,124331,Beruka,114,761,417,344,444,281,163,317,136,181,235,172,63,59,27,4,526,27.4925,77.6737,block_centroid_approximation
9,145,764,124332,Shahpur Jaran,187,1133,606,527,584,385,199,549,221,328,357,274,83,107,78,7,776,27.4925,77.6737,block_centroid_approximation
9,145,764,124333,Unchagaon,547,3407,1862,1545,2125,1303,822,1282,559,723,835,764,71,252,67,66,2572,27.4925,77.6737,block_centroid_approximation
9,145,764,124334,Nabipur,174,941,509,432,565,371,194,376,138,238,262,211,51,27,2,6,679,27.4925,77.6737,block_centroid_approximation
9,145,764,124335,Navganva,643,3713,1982,1731,2201,1375,826,1512,607,905,1118,934,184,205,152,31,2595,27.4925,77.6737,block_centroid_approximation
9,145,764,124336,Mathura Bangar,833,4756,2615,2141,3011,1816,1195,1745,799,946,1375,1155,220,111,54,97,3381,27.4925,77.6737,block_centroid_approximation
9,145,764,124337,Maholi,1955,12011,6582,5429,7878,4806,3072,4133,1776,2357,3987,2938,1049,456,378,92,8024,27.4925,77.6737,block_centroid_approximation
9,145,764,124338,Salempur Mathura,437,2475,1335,1140,1555,980,575,920,355,565,762,648,114,116,168,8,1713,27.4925,77.6737,block_centroid_approximation
9,145,764,124339,Mukandpur,319,1860,1001,859,1119,722,397,741,279,462,823,503,320,161,11,6,1037,27.4925,77.6737,block_centroid_approximation
9,145,764,124340,Masum Nagar,195,1256,696,560,749,516,233,507,180,327,692,392,300,48,17,2,564,27.4925,77.6737,block_centroid_approximation
9,145,764,124341,Narholi,1003,5805,3111,2694,3556,2222,1334,2249,889,1360,1355,1225,130,92,139,26,4450,27.4925,77.6737,block_centroid_approximation
9,145,764,124342,Navada,986,5147,2759,2388,3488,2062,1426,1659,697,962,1390,1210,180,94,187,41,3757,27.4925,77.6737,block_centroid_approximation
9,145,764,124343,Murshidpur Khadar,0,0,0,0,0,0,0,0,0,0,0,0,0,0,0,0,0,27.4925,77.6737,block_centroid_approximation
9,145,764,124344,Madhopur Khadar,54,399,197,202,241,145,96,158,52,106,110,95,15,1,12,4,289,27.4925,77.6737,block_centroid_approximation
9,145,764,124345,Murshidpur Bangar,77,434,225,209,324,179,145,110,46,64,137,123,14,18,6,14,297,27.4925,77.6737,block_centroid_approximation
9,145,764,124346,Mai Mirzapur Khadar,0,0,0,0,0,0,0,0,0,0,0,0,0,0,0,0,0,27.4925,77.6737,block_centroid_approximation
9,145,764,124347,Mai Mirzapur Bangar,1123,6001,3246,2755,3989,2449,1540,2012,797,1215,1659,1334,325,175,280,41,4342,27.4925,77.6737,block_centroid_approximation
9,145,764,124348,Tartura,1645,9364,5005,4359,7331,4261,3070,2033,744,1289,2101,1924,177,72,30,61,7263,27.4925,77.6737,block_centroid_approximation
9,145,764,124349,Aurangabad Khadar,0,0,0,0,0,0,0,0,0,0,0,0,0,0,0,0,0,27.4925,77.6737,block_centroid_approximation
9,145,764,124350,Azampur,117,720,386,334,482,288,194,238,98,140,177,171,6,51,4,3,543,27.4925,77.6737,block_centroid_approximation
9,145,764,124351,Aduki,989,6163,3269,2894,3869,2421,1448,2294,848,1446,1958,1482,476,387,91,33,4205,27.4925,77.6737,block_centroid_approximation
9,145,764,124352,Ronchi Khadar,0,0,0,0,0,0,0,0,0,0,0,0,0,0,0,0,0,27.4925,77.6737,block_centroid_approximation
9,145,764,124353,Koila Alipur Khadar,0,0,0,0,0,0,0,0,0,0,0,0,0,0,0,0,0,27.4925,77.6737,block_centroid_approximation
9,145,764,124354,Koila Alipur Bangar,415,2390,1297,1093,1413,892,521,977,405,572,715,575,140,196,33,7,1675,27.4925,77.6737,block_centroid_approximation
9,145,764,124355,Madanpura Khadar,0,0,0,0,0,0,0,0,0,0,0,0,0,0,0,0,0,27.4925,77.6737,block_centroid_approximation
9,145,764,124356,Madanpura Bangar,132,818,411,407,484,291,193,334,120,214,182,170,12,116,8,3,636,27.4925,77.6737,block_centroid_approximation
9,145,764,124357,Karnawal Khadar,0,0,0,0,0,0,0,0,0,0,0,0,0,0,0,0,0,27.4925,77.6737,block_centroid_approximation
9,145,764,124358,Karnawal Bangar,292,1848,954,894,1042,636,406,806,318,488,426,407,19,267,32,2,1422,27.4925,77.6737,block_centroid_approximation
9,145,764,124359,Ladpur,441,2713,1399,1314,1505,921,584,1208,478,730,933,654,279,183,275,1,1780,27.4925,77.6737,block_centroid_approximation
9,145,764,124360,Nagla Maniram,40,270,141,129,189,115,74,81,26,55,72,68,4,21,29,1,198,27.4925,77.6737,block_centroid_approximation
9,145,764,124361,Baburi Sharqi,90,571,301,270,353,216,137,218,85,133,199,138,61,62,7,3,372,27.4925,77.6737,block_centroid_approximation
9,145,764,124362,Anganpura,208,1216,652,564,689,464,225,527,188,339,526,328,198,19,41,3,690,27.4925,77.6737,block_centroid_approximation
9,145,764,124363,Baburi Garbi,231,1431,760,671,803,510,293,628,250,378,349,328,21,93,3,0,1082,27.4925,77.6737,block_centroid_approximation
9,145,764,124364,Nagari,177,1039,577,462,619,404,215,420,173,247,266,251,15,135,58,9,773,27.4925,77.6737,block_centroid_approximation
9,145,764,124365,Umari,462,2661,1433,1228,1985,1188,797,676,245,431,972,644,328,505,31,8,1689,27.4925,77.6737,block_centroid_approximation
9,145,764,124366,Rampur,400,2403,1331,1072,1594,1057,537,809,274,535,678,611,67,221,32,19,1725,27.4925,77.6737,block_centroid_approximation
9,145,764,124367,Mudesi,300,1762,937,825,1165,709,456,597,228,369,526,431,95,139,154,36,1236,27.4925,77.6737,block_centroid_approximation
9,145,764,124368,Tarsi,534,3490,1815,1675,1970,1246,724,1520,569,951,937,791,146,260,106,45,2553,27.4925,77.6737,block_centroid_approximation
9,145,764,124369,Dhangaon,585,3488,1886,1602,2202,1375,827,1286,511,775,929,667,262,234,77,7,2559,27.4925,77.6737,block_centroid_approximation
9,145,764,124370,Bhainsa,513,3349,1813,1536,2057,1344,713,1292,469,823,858,819,39,263,3,10,2491,27.4925,77.6737,block_centroid_approximation
9,145,764,124371,Samaspur,227,1644,903,741,976,654,322,668,249,419,422,393,29,210,194,1,1222,27.4925,77.6737,block_centroid_approximation
9,145,764,124372,Bhuarsu,491,2940,1621,1319,1524,1053,471,1416,568,848,769,712,57,341,247,9,2171,27.4925,77.6737,block_centroid_approximation
9,145,764,124373,Dhana Lalchand,0,0,0,0,0,0,0,0,0,0,0,0,0,0,0,0,0,27.4925,77.6737,block_centroid_approximation
9,145,764,124374,Dhana Viran,37,288,157,131,145,99,46,143,58,85,64,63,1,24,0,0,224,27.4925,77.6737,block_centroid_approximation
9,145,764,124375,Mal,329,1883,1003,880,1063,687,376,820,316,504,749,431,318,351,38,1,1134,27.4925,77.6737,block_centroid_approximation
9,145,764,124376,Sersa,631,3662,1935,1727,2096,1405,691,1566,530,1036,987,923,64,374,20,8,2675,27.4925,77.6737,block_centroid_approximation
9,145,764,124377,Chharhgaon,447,2699,1450,1249,1590,1054,536,1109,396,713,653,615,38,298,61,21,2046,27.4925,77.6737,block_centroid_approximation
9,145,764,124378,Khediya,205,1221,666,555,737,487,250,484,179,305,354,287,67,214,5,2,867,27.4925,77.6737,block_centroid_approximation
9,145,764,124379,Pilua Sadiqpur,436,2570,1363,1207,1187,800,387,1383,563,820,646,589,57,167,7,9,1924,27.4925,77.6737,block_centroid_approximation
9,145,764,124380,Bamoli,159,900,493,407,595,364,231,305,129,176,247,218,29,116,30,7,653,27.4925,77.6737,block_centroid_approximation
9,145,764,124381,Beri,945,5391,2919,2472,3009,2034,975,2382,885,1497,1871,1350,521,633,807,43,3520,27.4925,77.6737,block_centroid_approximation
9,145,764,124382,Dhana Teja,560,3191,1724,1467,2093,1308,785,1098,416,682,738,669,69,162,67,47,2453,27.4925,77.6737,block_centroid_approximation
9,145,764,124383,Barari,755,4219,2288,1931,2662,1711,951,1557,577,980,1010,945,65,121,20,12,3209,27.4925,77.6737,block_centroid_approximation
9,145,764,124384,Anwla Sultanpur Bangar,336,2078,1080,998,1128,712,416,950,368,582,645,513,132,141,128,1,1433,27.4925,77.6737,block_centroid_approximation
9,145,764,124385,Anwla Sultanpur Khadar,0,0,0,0,0,0,0,0,0,0,0,0,0,0,0,0,0,27.4925,77.6737,block_centroid_approximation
9,145,764,124386,Balrai Khadar,0,0,0,0,0,0,0,0,0,0,0,0,0,0,0,0,0,27.4925,77.6737,block_centroid_approximation
9,145,764,124387,Jhandipur Khadar,0,0,0,0,0,0,0,0,0,0,0,0,0,0,0,0,0,27.4925,77.6737,block_centroid_approximation
9,145,764,124388,Jhandipur Bangar,396,2458,1310,1148,1507,980,527,951,330,621,633,599,34,151,25,24,1825,27.4925,77.6737,block_centroid_approximation
9,145,764,124389,Balrai Bangar,290,1676,850,826,1019,635,384,657,215,442,431,379,52,196,13,14,1245,27.4925,77.6737,block_centroid_approximation
9,145,764,124390,Kurkanda,221,1462,770,692,863,545,318,599,225,374,458,371,87,112,62,2,1004,27.4925,77.6737,block_centroid_approximation
9,145,764,124391,Bhahai,824,5626,3031,2595,2838,1992,846,2788,1039,1749,1470,1266,204,435,289,15,4156,27.4925,77.6737,block_centroid_approximation
9,145,764,124392,Dhana Shamsabad,357,2251,1216,1035,1597,965,632,654,251,403,627,528,99,194,135,36,1624,27.4925,77.6737,block_centroid_approximation
9,145,764,124393,Garhaya Latifpur Khadar,0,0,0,0,0,0,0,0,0,0,0,0,0,0,0,0,0,27.4925,77.6737,block_centroid_approximation
9,145,764,124394,Garhaya Latifpur Bangar,676,4365,2357,2008,2396,1600,796,1969,757,1212,1147,964,183,428,237,10,3218,27.4925,77.6737,block_centroid_approximation
9,145,764,124395,Kherat,89,620,331,289,258,163,95,362,168,194,133,113,20,83,6,0,487,27.4925,77.6737,block_centroid_approximation
9,145,764,124396,Shahpur Farah,180,1087,566,521,683,411,272,404,155,249,250,234,16,112,14,3,837,27.4925,77.6737,block_centroid_approximation
9,145,764,124397,Mahuan,611,3562,1854,1708,2049,1294,755,1513,560,953,1219,884,335,181,67,42,2343,27.4925,77.6737,block_centroid_approximation
9,145,764,124398,Fateha,174,1283,693,590,903,557,346,380,136,244,309,272,37,92,12,4,974,27.4925,77.6737,block_centroid_approximation
9,145,764,124399,Makhdum,394,2099,1070,1029,1360,806,554,739,264,475,987,644,343,65,67,228,1112,27.4925,77.6737,block_centroid_approximation
9,145,764,124400,Hathaoli,99,584,304,280,378,220,158,206,84,122,173,123,50,67,14,0,411,27.4925,77.6737,block_centroid_approximation
9,145,764,124401,Daulatpur Farah,551,3148,1714,1434,1830,1198,632,1318,516,802,750,718,32,37,52,12,2398,27.4925,77.6737,block_centroid_approximation
9,145,764,124402,Rahimpur,125,723,389,334,458,283,175,265,106,159,185,172,13,57,2,8,538,27.4925,77.6737,block_centroid_approximation
9,145,764,124403,Chandrabhan,367,2224,1175,1049,1525,902,623,699,273,426,617,555,62,70,4,4,1607,27.4925,77.6737,block_centroid_approximation
9,145,764,124404,Bisu,309,1949,1018,931,1085,689,396,864,329,535,707,495,212,198,112,4,1242,27.4925,77.6737,block_centroid_approximation
9,145,764,124405,Jalal,169,1000,534,466,434,286,148,566,248,318,323,228,95,1,140,20,677,27.4925,77.6737,block_centroid_approximation
9,145,764,124406,Rosu,165,896,477,419,519,329,190,377,148,229,308,205,103,46,8,4,588,27.4925,77.6737,block_centroid_approximation
9,145,764,124407,Salempur Farah,265,1634,831,803,951,544,407,683,287,396,365,345,20,69,30,2,1269,27.4925,77.6737,block_centroid_approximation
9,145,764,124408,Sanaura,335,2154,1125,1029,1277,775,502,877,350,527,923,570,353,188,38,9,1231,27.4925,77.6737,block_centroid_approximation
9,145,764,124409,Jamalpur,246,1373,721,652,944,564,380,429,157,272,457,351,106,98,104,57,916,27.4925,77.6737,block_centroid_approximation
9,145,764,124410,Thirawali,252,1469,771,698,909,564,345,560,207,353,360,327,33,207,18,9,1109,27.4925,77.6737,block_centroid_approximation
9,145,764,124411,Mustafabad,764,4658,2514,2144,2376,1557,819,2282,957,1325,1278,1084,194,298,324,45,3380,27.4925,77.6737,block_centroid_approximation
9,145,764,124412,Parkham,500,3018,1612,1406,1482,985,497,1536,627,909,1207,793,414,215,87,37,1811,27.4925,77.6737,block_centroid_approximation
9,145,764,124413,Mirpur,101,615,329,286,340,224,116,275,105,170,312,163,149,58,60,8,303,27.4925,77.6737,block_centroid_approximation
9,145,764,124414,Dhana Khema,125,705,376,329,476,283,193,229,93,136,177,160,17,75,7,3,528,27.4925,77.6737,block_centroid_approximation
9,145,764,124415,Nagla Hirday Nurullapur,188,1161,623,538,637,395,242,524,228,296,580,299,281,136,22,4,581,27.4925,77.6737,block_centroid_approximation
9,145,764,124416,Pingari,553,3761,1974,1787,2217,1347,870,1544,627,917,1536,896,640,316,240,16,2225,27.4925,77.6737,block_centroid_approximation
9,145,764,124417,Karanpur,129,798,423,375,518,328,190,280,95,185,213,179,34,78,9,4,585,27.4925,77.6737,block_centroid_approximation
9,145,764,124418,Ikdanta,85,577,309,268,395,237,158,182,72,110,108,106,2,65,0,0,469,27.4925,77.6737,block_centroid_approximation
9,145,764,124419,Hasanpur,11,59,27,32,47,25,22,12,2,10,25,13,12,13,0,0,34,27.4925,77.6737,block_centroid_approximation
9,145,764,124420,Dharmpura,469,2806,1486,1320,1672,1086,586,1134,400,734,840,630,210,309,68,7,1966,27.4925,77.6737,block_centroid_approximation
9,145,764,124421,Mirzapur Brahmnan,121,645,351,294,451,274,177,194,77,117,186,174,12,91,17,0,459,27.4925,77.6737,block_centroid_approximation
9,145,764,124422,Ganjoli,249,1247,731,516,763,550,213,484,181,303,476,301,175,192,11,15,771,27.4925,77.6737,block_centroid_approximation
9,145,764,124423,Jiroli,148,905,485,420,602,386,216,303,99,204,350,225,125,112,47,19,555,27.4925,77.6737,block_centroid_approximation
9,145,764,124424,Garhi Rambal,98,639,335,304,505,285,220,134,50,84,167,149,18,86,1,2,472,27.4925,77.6737,block_centroid_approximation
9,145,764,124425,Dhana Jiwna,280,1597,839,758,978,637,341,619,202,417,554,377,177,223,62,4,1043,27.4925,77.6737,block_centroid_approximation
9,145,764,124426,Sarurpur,275,1731,954,777,1103,679,424,628,275,353,452,377,75,277,85,4,1279,27.4925,77.6737,block_centroid_approximation
9,145,764,124427,Nagla Abua,342,2028,1087,941,1264,769,495,764,318,446,605,470,135,243,105,17,1423,27.4925,77.6737,block_centroid_approximation
9,145,764,124428,Muiuddinpur,92,516,276,240,276,183,93,240,93,147,214,136,78,31,2,2,302,27.4925,77.6737,block_centroid_approximation
9,145,764,124429,Ol,1784,11648,6241,5407,6507,4085,2422,5141,2156,2985,3584,2903,681,537,593,57,8064,27.4925,77.6737,block_centroid_approximation
9,145,764,124430,Chokipur Kalan,187,1141,587,554,720,437,283,421,150,271,309,300,9,147,107,0,832,27.4925,77.6737,block_centroid_approximation
9,145,764,124431,Luhara,275,2036,1111,925,1119,734,385,917,377,540,700,486,214,232,90,6,1336,27.4925,77.6737,block_centroid_approximation
9,145,764,124432,Bhaderua,331,1952,1077,875,1184,794,390,768,283,485,1035,566,469,230,206,352,917,27.4925,77.6737,block_centroid_approximation
9,145,764,124433,Kirarai,370,2464,1307,1157,1388,922,466,1076,385,691,855,527,328,246,250,3,1609,27.4925,77.6737,block_centroid_approximation
9,145,764,124434,Shahzoopur Gujar,196,1275,650,625,701,451,250,574,199,375,575,305,270,143,11,0,700,27.4925,77.6737,block_centroid_approximation
9,145,764,124435,Birona,199,1115,580,535,751,435,316,364,145,219,621,336,285,167,150,14,494,27.4925,77.6737,block_centroid_approximation
9,145,764,124436,Jafar Nagar,53,284,154,130,171,108,63,113,46,67,131,74,57,52,0,0,153,27.4925,77.6737,block_centroid_approximation
9,145,764,124437,Jhurawai,999,6234,3393,2841,3664,2428,1236,2570,965,1605,2200,1619,581,763,280,25,4034,27.4925,77.6737,block_centroid_approximation
9,145,764,124438,Malikpur,224,1395,738,657,906,557,349,489,181,308,568,374,194,167,83,34,827,27.4925,77.6737,block_centroid_approximation
9,145,764,124439,Kawaila,170,1124,611,513,670,438,232,454,173,281,571,326,245,114,55,2,553,27.4925,77.6737,block_centroid_approximation
9,145,764,124440,Baqalpur Farah,127,816,424,392,407,278,129,409,146,263,224,185,39,40,56,7,592,27.4925,77.6737,block_centroid_approximation
9,145,764,124441,Barauda Mashrakpur,453,2542,1332,1210,1393,857,536,1149,475,674,863,629,234,423,10,3,1679,27.4925,77.6737,block_centroid_approximation
9,145,764,124442,Begampur,112,721,376,345,470,286,184,251,90,161,203,159,44,76,3,12,518,27.4925,77.6737,block_centroid_approximation
9,145,764,124443,Mirzapur Nagla,152,919,481,438,496,318,178,423,163,260,369,234,135,54,88,9,550,27.4925,77.6737,block_centroid_approximation
9,145,764,124444,Gokulpur,44,228,115,113,155,95,60,73,20,53,94,47,47,36,8,1,134,27.4925,77.6737,block_centroid_approximation
9,145,764,124445,Jodhpur,165,960,524,436,547,358,189,413,166,247,341,237,104,74,11,8,619,27.4925,77.6737,block_centroid_approximation
9,145,764,124446,Koh,334,1914,1030,884,1050,657,393,864,373,491,857,576,281,232,20,1,1057,27.4925,77.6737,block_centroid_approximation
9,145,764,124447,Meghpur,143,816,461,355,442,312,130,374,149,225,359,218,141,171,34,1,457,27.4925,77.6737,block_centroid_approximation
9,145,764,124448,Chokipur Khurd,6,48,26,22,32,19,13,16,7,9,10,9,1,0,0,0,38,27.4925,77.6737,block_centroid_approximation
9,145,764,124449,Churmura,160,1049,547,502,574,357,217,475,190,285,280,234,46,113,95,6,769,27.4925,77.6737,block_centroid_approximation
9,145,764,124450,Bhadaya,415,2763,1449,1314,1837,1083,754,926,366,560,718,656,62,384,104,14,2045,27.4925,77.6737,block_centroid_approximation
9,145,764,124451,Pauri,260,1759,910,849,741,480,261,1018,430,588,408,375,33,85,49,3,1351,27.4925,77.6737,block_centroid_approximation
9,145,764,124452,Shehzadpur Pauri,287,1802,929,873,1144,674,470,658,255,403,421,382,39,237,4,1,1381,27.4925,77.6737,block_centroid_approximation
9,145,764,124453,Raipura Jat,478,2847,1522,1325,1896,1155,741,951,367,584,701,663,38,137,11,26,2146,27.4925,77.6737,block_centroid_approximation
9,145,764,124454,Piprauth Murshidpur,397,2408,1250,1158,1381,856,525,1027,394,633,640,551,89,162,390,6,1768,27.4925,77.6737,block_centroid_approximation
