{
  "type": "FeatureCollection",
  "generator": "overpass-turbo",
  "copyright": "The data included in this document is from www.openstreetmap.org. The data is made available under ODbL.",
  "timestamp": "2026-09-11T11:07:25Z",
  "features": [
    {
      "type": "Feature",
      "properties": {
        "@id": "relation/10000772",
        "admin_level": "6",
        "boundary": "administrative",
        "name": "Mahavan",
        "ref:LGD:subdistrict": "763",
        "type": "boundary",
        "wikidata": "Q20598189"
      },
      "geometry": {
        "type": "Polygon",
        "coordinates": [
          [
            [
              77.9609095,
              27.2676954
            ],
            [
              77.967267,
              27.2674476
            ],
            [
              77.9675245,
              27.2686301
            ],
            [
              77.9697346,
              27.2686682
            ],
            [
              77.9718906,
              27.2727196
            ],
            [
              77.9730177,
              27.2767931
            ],
            [
              77.9739833,
              27.2785667
            ],
            [
              77.9771375,
              27.2789481
            ],
            [
              77.9783177,
              27.2798445
            ],
            [
              77.9820943,
              27.2827814
            ],
            [
              77.9843473,
              27.2832963
            ],
            [
              77.9862571,
              27.2853368
            ],
            [
              77.9874546,
              27.2842192
            ],
            [
              77.9891777,
              27.2855579
            ],
            [
              77.9894328,
              27.2869006
            ],
            [
              77.9861498,
              27.2887694
            ],
            [
              77.9867291,
              27.2899898
            ],
            [
              77.9870295,
              27.2931362
            ],
            [
              77.9878878,
              27.3022126
            ],
            [
              77.9843944,
              27.3057157
            ],
            [
              77.9811849,
              27.3082928
            ],
            [
              77.9809115,
              27.3106984
            ],
            [
              77.9805278,
              27.3115743
            ],
            [
              77.9781537,
              27.3151642
            ],
            [
              77.9789433,
              27.3168216
            ],
            [
              77.9771938,
              27.3182978
            ],
            [
              77.9775667,
              27.3219836
            ],
            [
              77.9791537,
              27.3239276
            ],
            [
              77.9805619,
              27.3254226
            ],
            [
              77.9805437,
              27.3254298
            ],
            [
              77.9805154,
              27.3254518
            ],
            [
              77.9800159,
              27.3258308
            ],
            [
              77.9787696,
              27.3264378
            ],
            [
              77.9761845,
              27.3270749
            ],
            [
              77.9750976,
              27.3273913
            ],
            [
              77.9734983,
              27.3276166
            ],
            [
              77.97141,
              27.3280765
            ],
            [
              77.9702031,
              27.3282622
            ],
            [
              77.9681869,
              27.3284891
            ],
            [
              77.9661018,
              27.3286558
            ],
            [
              77.9649698,
              27.3288658
            ],
            [
              77.9640967,
              27.329397
            ],
            [
              77.9635429,
              27.3293354
            ],
            [
              77.9630714,
              27.3295912
            ],
            [
              77.9629662,
              27.3290026
            ],
            [
              77.9625488,
              27.3280103
            ],
            [
              77.9616883,
              27.3267828
            ],
            [
              77.9612981,
              27.326463
            ],
            [
              77.9595597,
              27.3246571
            ],
            [
              77.9582266,
              27.3229908
            ],
            [
              77.9579032,
              27.3224469
            ],
            [
              77.9574213,
              27.3214126
            ],
            [
              77.9564923,
              27.320116
            ],
            [
              77.9555239,
              27.3187778
            ],
            [
              77.9539574,
              27.317156
            ],
            [
              77.9534196,
              27.3163279
            ],
            [
              77.9528317,
              27.3154806
            ],
            [
              77.9520034,
              27.3143801
            ],
            [
              77.951451,
              27.3135291
            ],
            [
              77.9510742,
              27.3129074
            ],
            [
              77.9506829,
              27.3124433
            ],
            [
              77.9504518,
              27.3120323
            ],
            [
              77.9501304,
              27.311412
            ],
            [
              77.9497199,
              27.3109159
            ],
            [
              77.9490011,
              27.3102461
            ],
            [
              77.9487011,
              27.309766
            ],
            [
              77.9483597,
              27.3091407
            ],
            [
              77.9479665,
              27.3089336
            ],
            [
              77.9465932,
              27.3085608
            ],
            [
              77.9463067,
              27.3083335
            ],
            [
              77.9459841,
              27.3079386
            ],
            [
              77.9451067,
              27.3064219
            ],
            [
              77.9443259,
              27.3050697
            ],
            [
              77.9424683,
              27.3030265
            ],
            [
              77.9424817,
              27.3027246
            ],
            [
              77.9407986,
              27.3009513
            ],
            [
              77.9408376,
              27.2969515
            ],
            [
              77.9402646,
              27.2970426
            ],
            [
              77.9376879,
              27.2982131
            ],
            [
              77.9349869,
              27.2994934
            ],
            [
              77.9341034,
              27.3000468
            ],
            [
              77.9327663,
              27.3007526
            ],
            [
              77.932536,
              27.3004951
            ],
            [
              77.9314084,
              27.3009258
            ],
            [
              77.9304108,
              27.3015849
            ],
            [
              77.9279042,
              27.3038663
            ],
            [
              77.9272675,
              27.3044386
            ],
            [
              77.9268234,
              27.3046137
            ],
            [
              77.9255371,
              27.305298
            ],
            [
              77.9234612,
              27.3067902
            ],
            [
              77.9232358,
              27.3069071
            ],
            [
              77.9219143,
              27.3077711
            ],
            [
              77.9213431,
              27.3079795
            ],
            [
              77.9207736,
              27.3084901
            ],
            [
              77.9200206,
              27.3090643
            ],
            [
              77.9189085,
              27.3096577
            ],
            [
              77.9182347,
              27.3101029
            ],
            [
              77.9172156,
              27.3106171
            ],
            [
              77.9164828,
              27.3111918
            ],
            [
              77.9158537,
              27.3118454
            ],
            [
              77.9144619,
              27.3126942
            ],
            [
              77.9124141,
              27.3140697
            ],
            [
              77.9117539,
              27.3145693
            ],
            [
              77.9107675,
              27.3149985
            ],
            [
              77.9101415,
              27.3151785
            ],
            [
              77.9096588,
              27.3154655
            ],
            [
              77.9086758,
              27.3166796
            ],
            [
              77.9066416,
              27.3186552
            ],
            [
              77.9061227,
              27.3197036
            ],
            [
              77.906121,
              27.3201275
            ],
            [
              77.907306,
              27.322914
            ],
            [
              77.9085344,
              27.3252325
            ],
            [
              77.9094124,
              27.3272589
            ],
            [
              77.9103464,
              27.3287229
            ],
            [
              77.9119796,
              27.3286553
            ],
            [
              77.9120001,
              27.3287018
            ],
            [
              77.9124068,
              27.3296211
            ],
            [
              77.9124108,
              27.3296301
            ],
            [
              77.9110297,
              27.3301272
            ],
            [
              77.9096996,
              27.3307428
            ],
            [
              77.9093984,
              27.3304925
            ],
            [
              77.9091009,
              27.3306573
            ],
            [
              77.9096687,
              27.3316712
            ],
            [
              77.9096221,
              27.3318956
            ],
            [
              77.909466,
              27.3320635
            ],
            [
              77.9081451,
              27.3321606
            ],
            [
              77.9077237,
              27.3322415
            ],
            [
              77.9078645,
              27.3328084
            ],
            [
              77.9063426,
              27.3332392
            ],
            [
              77.9058092,
              27.3324426
            ],
            [
              77.9054783,
              27.3323541
            ],
            [
              77.9045282,
              27.3323781
            ],
            [
              77.9040402,
              27.3324937
            ],
            [
              77.9035076,
              27.3327569
            ],
            [
              77.9031591,
              27.3329431
            ],
            [
              77.9027411,
              27.3330827
            ],
            [
              77.9023914,
              27.3333049
            ],
            [
              77.9018926,
              27.3336276
            ],
            [
              77.9011846,
              27.3342027
            ],
            [
              77.9001054,
              27.3348733
            ],
            [
              77.8997464,
              27.3352533
            ],
            [
              77.8993812,
              27.3356736
            ],
            [
              77.8992382,
              27.3355487
            ],
            [
              77.8990757,
              27.3355766
            ],
            [
              77.8970705,
              27.3354058
            ],
            [
              77.897022,
              27.335513
            ],
            [
              77.8968502,
              27.335879
            ],
            [
              77.8967528,
              27.335931
            ],
            [
              77.8966316,
              27.3359328
            ],
            [
              77.8964727,
              27.3358345
            ],
            [
              77.8963163,
              27.3356506
            ],
            [
              77.8961596,
              27.3356516
            ],
            [
              77.8958939,
              27.3357629
            ],
            [
              77.8957545,
              27.3356923
            ],
            [
              77.8957019,
              27.3355829
            ],
            [
              77.8958624,
              27.3354421
            ],
            [
              77.8958147,
              27.3351659
            ],
            [
              77.8944986,
              27.3352719
            ],
            [
              77.8944818,
              27.3355106
            ],
            [
              77.8941822,
              27.3355716
            ],
            [
              77.893995,
              27.3352201
            ],
            [
              77.8928474,
              27.3354427
            ],
            [
              77.8911881,
              27.3359063
            ],
            [
              77.8912818,
              27.3363504
            ],
            [
              77.8907621,
              27.3365102
            ],
            [
              77.8908453,
              27.3369721
            ],
            [
              77.8890873,
              27.3373479
            ],
            [
              77.8889564,
              27.337151
            ],
            [
              77.8888589,
              27.3370271
            ],
            [
              77.8887748,
              27.3372469
            ],
            [
              77.8886844,
              27.3374832
            ],
            [
              77.8884226,
              27.3378157
            ],
            [
              77.8879452,
              27.3382742
            ],
            [
              77.8883275,
              27.3388734
            ],
            [
              77.8892403,
              27.3407249
            ],
            [
              77.8904164,
              27.3432814
            ],
            [
              77.891038,
              27.344531
            ],
            [
              77.8917482,
              27.3462337
            ],
            [
              77.8914533,
              27.3462993
            ],
            [
              77.8916105,
              27.3475431
            ],
            [
              77.8925368,
              27.3481951
            ],
            [
              77.8948389,
              27.3496851
            ],
            [
              77.8954011,
              27.3492692
            ],
            [
              77.8959453,
              27.3494933
            ],
            [
              77.8965597,
              27.3491957
            ],
            [
              77.89678,
              27.3496291
            ],
            [
              77.8971434,
              27.3507241
            ],
            [
              77.8975875,
              27.3518255
            ],
            [
              77.8979358,
              27.352379
            ],
            [
              77.8989774,
              27.3532411
            ],
            [
              77.900494,
              27.3541046
            ],
            [
              77.9005494,
              27.3542953
            ],
            [
              77.9006101,
              27.3548333
            ],
            [
              77.9010732,
              27.3548888
            ],
            [
              77.9017657,
              27.3557836
            ],
            [
              77.9025604,
              27.356992
            ],
            [
              77.9035442,
              27.3583037
            ],
            [
              77.9014354,
              27.3589335
            ],
            [
              77.9015981,
              27.3597985
            ],
            [
              77.9022198,
              27.3612375
            ],
            [
              77.9026137,
              27.3621483
            ],
            [
              77.9030275,
              27.3636144
            ],
            [
              77.9036175,
              27.3654676
            ],
            [
              77.9035775,
              27.3656336
            ],
            [
              77.9033239,
              27.3658536
            ],
            [
              77.9021849,
              27.3663018
            ],
            [
              77.9030571,
              27.3670878
            ],
            [
              77.9036324,
              27.3678358
            ],
            [
              77.9041011,
              27.3687798
            ],
            [
              77.9042752,
              27.3692437
            ],
            [
              77.9029517,
              27.369963
            ],
            [
              77.9014472,
              27.3708362
            ],
            [
              77.9002778,
              27.3716446
            ],
            [
              77.8985668,
              27.3730407
            ],
            [
              77.8981827,
              27.3733687
            ],
            [
              77.8981799,
              27.3733711
            ],
            [
              77.898716,
              27.3743881
            ],
            [
              77.8992535,
              27.375221
            ],
            [
              77.9000056,
              27.3761532
            ],
            [
              77.9008291,
              27.3770601
            ],
            [
              77.9016193,
              27.3778895
            ],
            [
              77.9025379,
              27.3786451
            ],
            [
              77.9032859,
              27.3793653
            ],
            [
              77.9040352,
              27.3805771
            ],
            [
              77.9047012,
              27.3817014
            ],
            [
              77.9058708,
              27.3832428
            ],
            [
              77.9069066,
              27.3841499
            ],
            [
              77.9075242,
              27.384831
            ],
            [
              77.90738,
              27.384927
            ],
            [
              77.9067379,
              27.3852316
            ],
            [
              77.9067349,
              27.385233
            ],
            [
              77.905736,
              27.3855446
            ],
            [
              77.9061326,
              27.3859954
            ],
            [
              77.9058708,
              27.3863233
            ],
            [
              77.9050225,
              27.3859436
            ],
            [
              77.9036497,
              27.3869731
            ],
            [
              77.9034117,
              27.3873602
            ],
            [
              77.9034647,
              27.3876319
            ],
            [
              77.9040055,
              27.388352
            ],
            [
              77.9046646,
              27.3888132
            ],
            [
              77.905753,
              27.3883774
            ],
            [
              77.9060421,
              27.388704
            ],
            [
              77.9060963,
              27.3892961
            ],
            [
              77.9070493,
              27.3890015
            ],
            [
              77.9071585,
              27.3898022
            ],
            [
              77.9060228,
              27.3903002
            ],
            [
              77.9052707,
              27.3906398
            ],
            [
              77.9057031,
              27.3919845
            ],
            [
              77.9048734,
              27.3920201
            ],
            [
              77.9039757,
              27.3921401
            ],
            [
              77.9029715,
              27.3926364
            ],
            [
              77.9018109,
              27.393481
            ],
            [
              77.9020353,
              27.3939506
            ],
            [
              77.9025633,
              27.3944089
            ],
            [
              77.9034731,
              27.3940367
            ],
            [
              77.9037117,
              27.394538
            ],
            [
              77.9016116,
              27.3955559
            ],
            [
              77.9016497,
              27.3958184
            ],
            [
              77.900955,
              27.396087
            ],
            [
              77.901177,
              27.3964617
            ],
            [
              77.9005701,
              27.3966602
            ],
            [
              77.9012298,
              27.3978295
            ],
            [
              77.900584,
              27.3979729
            ],
            [
              77.9004364,
              27.3972887
            ],
            [
              77.8989308,
              27.3976431
            ],
            [
              77.8994595,
              27.3989763
            ],
            [
              77.8980111,
              27.3996342
            ],
            [
              77.8964237,
              27.400379
            ],
            [
              77.8941068,
              27.4015497
            ],
            [
              77.8933098,
              27.4020416
            ],
            [
              77.8926745,
              27.402713
            ],
            [
              77.8922128,
              27.4031402
            ],
            [
              77.8912605,
              27.4033985
            ],
            [
              77.8902824,
              27.4036834
            ],
            [
              77.8895919,
              27.4039793
            ],
            [
              77.8888246,
              27.4043093
            ],
            [
              77.8895302,
              27.4052768
            ],
            [
              77.8903098,
              27.4064939
            ],
            [
              77.8910437,
              27.4080753
            ],
            [
              77.8914196,
              27.4085482
            ],
            [
              77.8918795,
              27.4089057
            ],
            [
              77.8914951,
              27.4092805
            ],
            [
              77.8921935,
              27.4101486
            ],
            [
              77.8928145,
              27.4110689
            ],
            [
              77.8934542,
              27.4107855
            ],
            [
              77.893714,
              27.4110709
            ],
            [
              77.8940357,
              27.4114932
            ],
            [
              77.894671,
              27.4119086
            ],
            [
              77.8947966,
              27.4121189
            ],
            [
              77.8947711,
              27.4123079
            ],
            [
              77.8956326,
              27.4129404
            ],
            [
              77.8959374,
              27.4132493
            ],
            [
              77.8959375,
              27.4134253
            ],
            [
              77.8952897,
              27.4141821
            ],
            [
              77.8950639,
              27.4146641
            ],
            [
              77.894654,
              27.4150428
            ],
            [
              77.8937389,
              27.4155953
            ],
            [
              77.8928398,
              27.4161255
            ],
            [
              77.8933756,
              27.4164802
            ],
            [
              77.8945237,
              27.4175482
            ],
            [
              77.8946992,
              27.417499
            ],
            [
              77.8947254,
              27.4175091
            ],
            [
              77.8947469,
              27.417503
            ],
            [
              77.8949969,
              27.4175988
            ],
            [
              77.8958163,
              27.418298
            ],
            [
              77.8968899,
              27.4191248
            ],
            [
              77.8977318,
              27.4197012
            ],
            [
              77.8977806,
              27.4196904
            ],
            [
              77.8982545,
              27.4195852
            ],
            [
              77.8992963,
              27.4195633
            ],
            [
              77.9009112,
              27.4196489
            ],
            [
              77.9021568,
              27.4197488
            ],
            [
              77.9021587,
              27.4197491
            ],
            [
              77.9031376,
              27.4199194
            ],
            [
              77.9036119,
              27.4201284
            ],
            [
              77.9039702,
              27.4205108
            ],
            [
              77.9054477,
              27.4220815
            ],
            [
              77.9063709,
              27.4232296
            ],
            [
              77.9076694,
              27.4245168
            ],
            [
              77.908651,
              27.4256556
            ],
            [
              77.9088817,
              27.4255344
            ],
            [
              77.9091202,
              27.4253186
            ],
            [
              77.9091577,
              27.4252782
            ],
            [
              77.9096987,
              27.4246956
            ],
            [
              77.9105333,
              27.4241277
            ],
            [
              77.9115636,
              27.4236093
            ],
            [
              77.9117189,
              27.4234775
            ],
            [
              77.9117879,
              27.4231813
            ],
            [
              77.9122233,
              27.4227941
            ],
            [
              77.9123976,
              27.4226987
            ],
            [
              77.912925,
              27.4230036
            ],
            [
              77.9132969,
              27.4227142
            ],
            [
              77.9128185,
              27.4222886
            ],
            [
              77.91303,
              27.4221354
            ],
            [
              77.9131352,
              27.4219889
            ],
            [
              77.9130921,
              27.4217218
            ],
            [
              77.9139006,
              27.4211805
            ],
            [
              77.914683,
              27.4208596
            ],
            [
              77.9147875,
              27.4207356
            ],
            [
              77.9147897,
              27.4204741
            ],
            [
              77.914509,
              27.4200258
            ],
            [
              77.9148211,
              27.419708
            ],
            [
              77.9138975,
              27.4187494
            ],
            [
              77.9146025,
              27.4184809
            ],
            [
              77.9155925,
              27.4181375
            ],
            [
              77.9165733,
              27.4188584
            ],
            [
              77.9169266,
              27.4190555
            ],
            [
              77.9173764,
              27.4190565
            ],
            [
              77.9185163,
              27.4189599
            ],
            [
              77.9203985,
              27.4186994
            ],
            [
              77.92106,
              27.418723
            ],
            [
              77.9214718,
              27.4188179
            ],
            [
              77.9218661,
              27.4191828
            ],
            [
              77.9224373,
              27.4197277
            ],
            [
              77.9227657,
              27.4199108
            ],
            [
              77.923216,
              27.4200786
            ],
            [
              77.9239051,
              27.4201975
            ],
            [
              77.9244187,
              27.4202675
            ],
            [
              77.9247625,
              27.4202661
            ],
            [
              77.9251506,
              27.4201214
            ],
            [
              77.9257601,
              27.4198281
            ],
            [
              77.9261418,
              27.4197329
            ],
            [
              77.926629,
              27.4196624
            ],
            [
              77.9280902,
              27.4190992
            ],
            [
              77.928796,
              27.4189796
            ],
            [
              77.9290171,
              27.419025
            ],
            [
              77.9295879,
              27.4194029
            ],
            [
              77.9308256,
              27.4203368
            ],
            [
              77.9318738,
              27.421361
            ],
            [
              77.9320476,
              27.4216581
            ],
            [
              77.9319054,
              27.4220519
            ],
            [
              77.9310879,
              27.4232787
            ],
            [
              77.93077,
              27.4239888
            ],
            [
              77.9303499,
              27.4240111
            ],
            [
              77.9301351,
              27.4241056
            ],
            [
              77.9292404,
              27.4251955
            ],
            [
              77.9287018,
              27.4258466
            ],
            [
              77.9286074,
              27.4261557
            ],
            [
              77.928628,
              27.426323
            ],
            [
              77.9288316,
              27.4264538
            ],
            [
              77.9287283,
              27.4268981
            ],
            [
              77.9288424,
              27.4269727
            ],
            [
              77.9290162,
              27.4270893
            ],
            [
              77.9290285,
              27.4271934
            ],
            [
              77.9289658,
              27.4272641
            ],
            [
              77.9283283,
              27.427656
            ],
            [
              77.9281942,
              27.4277478
            ],
            [
              77.92826,
              27.4279296
            ],
            [
              77.9287035,
              27.4283408
            ],
            [
              77.9285003,
              27.4289271
            ],
            [
              77.9281162,
              27.4294735
            ],
            [
              77.9274969,
              27.4299289
            ],
            [
              77.9264955,
              27.4303171
            ],
            [
              77.926289,
              27.4304705
            ],
            [
              77.9263062,
              27.4305791
            ],
            [
              77.9266413,
              27.4308931
            ],
            [
              77.9257935,
              27.431754
            ],
            [
              77.925372,
              27.4321867
            ],
            [
              77.9258882,
              27.4328972
            ],
            [
              77.926177,
              27.4334178
            ],
            [
              77.9260724,
              27.4335461
            ],
            [
              77.9260368,
              27.4337349
            ],
            [
              77.9260686,
              27.4338618
            ],
            [
              77.9264133,
              27.4341942
            ],
            [
              77.9268932,
              27.4345702
            ],
            [
              77.9270109,
              27.4346991
            ],
            [
              77.9269623,
              27.4348106
            ],
            [
              77.926693,
              27.4350438
            ],
            [
              77.9266443,
              27.43516
            ],
            [
              77.9267067,
              27.4352786
            ],
            [
              77.9272228,
              27.4354433
            ],
            [
              77.9275937,
              27.4355817
            ],
            [
              77.927807,
              27.4357363
            ],
            [
              77.9279349,
              27.4358289
            ],
            [
              77.928445,
              27.4362145
            ],
            [
              77.9288505,
              27.4367196
            ],
            [
              77.9288205,
              27.4368902
            ],
            [
              77.9282228,
              27.4374815
            ],
            [
              77.9285876,
              27.4378187
            ],
            [
              77.9288371,
              27.4381174
            ],
            [
              77.9298197,
              27.4382293
            ],
            [
              77.9300884,
              27.4383841
            ],
            [
              77.9304982,
              27.4387404
            ],
            [
              77.9310429,
              27.4395147
            ],
            [
              77.9301356,
              27.4401442
            ],
            [
              77.9287897,
              27.4407368
            ],
            [
              77.9277611,
              27.4411878
            ],
            [
              77.9268651,
              27.441601
            ],
            [
              77.9260063,
              27.4421232
            ],
            [
              77.9252937,
              27.4428471
            ],
            [
              77.9248864,
              27.4425856
            ],
            [
              77.924178,
              27.4431518
            ],
            [
              77.9233365,
              27.4437872
            ],
            [
              77.9223598,
              27.4445503
            ],
            [
              77.9216792,
              27.4448466
            ],
            [
              77.9207905,
              27.4453547
            ],
            [
              77.9204899,
              27.4452577
            ],
            [
              77.9200308,
              27.4446748
            ],
            [
              77.9198021,
              27.4443584
            ],
            [
              77.9192812,
              27.4445454
            ],
            [
              77.9189463,
              27.443681
            ],
            [
              77.9187919,
              27.4437814
            ],
            [
              77.9176088,
              27.4443325
            ],
            [
              77.9172107,
              27.4435569
            ],
            [
              77.9159811,
              27.44233
            ],
            [
              77.9137961,
              27.4405542
            ],
            [
              77.9126935,
              27.4396683
            ],
            [
              77.911835,
              27.4392748
            ],
            [
              77.9112343,
              27.4388781
            ],
            [
              77.9094634,
              27.4380315
            ],
            [
              77.9096851,
              27.4367916
            ],
            [
              77.9095087,
              27.436767
            ],
            [
              77.908688,
              27.4366522
            ],
            [
              77.9085495,
              27.4369063
            ],
            [
              77.9084068,
              27.4369482
            ],
            [
              77.9079467,
              27.4369515
            ],
            [
              77.9071714,
              27.4377417
            ],
            [
              77.9068707,
              27.4376537
            ],
            [
              77.9060335,
              27.4384875
            ],
            [
              77.9052093,
              27.439218
            ],
            [
              77.9045132,
              27.4398881
            ],
            [
              77.9043741,
              27.4398037
            ],
            [
              77.9025916,
              27.4411803
            ],
            [
              77.9023696,
              27.4409814
            ],
            [
              77.8999393,
              27.442745
            ],
            [
              77.8984658,
              27.4439164
            ],
            [
              77.89728,
              27.4452791
            ],
            [
              77.8966046,
              27.4461119
            ],
            [
              77.8961006,
              27.4476837
            ],
            [
              77.8957976,
              27.44857
            ],
            [
              77.8954377,
              27.4484222
            ],
            [
              77.8951834,
              27.4484797
            ],
            [
              77.8948222,
              27.4489181
            ],
            [
              77.8954047,
              27.4494227
            ],
            [
              77.8962621,
              27.4503979
            ],
            [
              77.8969866,
              27.4512484
            ],
            [
              77.897893,
              27.4522745
            ],
            [
              77.8985034,
              27.4528654
            ],
            [
              77.898883,
              27.4530317
            ],
            [
              77.8994977,
              27.4532844
            ],
            [
              77.8997745,
              27.4535116
            ],
            [
              77.8998775,
              27.453807
            ],
            [
              77.8999765,
              27.4540618
            ],
            [
              77.9001176,
              27.4542589
            ],
            [
              77.9006753,
              27.4547449
            ],
            [
              77.9011275,
              27.455206
            ],
            [
              77.9017303,
              27.4562477
            ],
            [
              77.9020934,
              27.4568241
            ],
            [
              77.9024127,
              27.4571604
            ],
            [
              77.9028535,
              27.4574859
            ],
            [
              77.9034402,
              27.4579945
            ],
            [
              77.9034407,
              27.4579978
            ],
            [
              77.9037998,
              27.4580031
            ],
            [
              77.9040998,
              27.4582984
            ],
            [
              77.9046853,
              27.4590601
            ],
            [
              77.9054767,
              27.4587801
            ],
            [
              77.9056826,
              27.4588343
            ],
            [
              77.9061568,
              27.4592327
            ],
            [
              77.9062968,
              27.4593651
            ],
            [
              77.9067528,
              27.4597962
            ],
            [
              77.9072311,
              27.4602308
            ],
            [
              77.9074518,
              27.4606551
            ],
            [
              77.9078486,
              27.4612909
            ],
            [
              77.9089701,
              27.4629575
            ],
            [
              77.9093367,
              27.4637685
            ],
            [
              77.9096545,
              27.4647046
            ],
            [
              77.9099361,
              27.4653062
            ],
            [
              77.9103006,
              27.465833
            ],
            [
              77.9107783,
              27.4657444
            ],
            [
              77.9112772,
              27.4663508
            ],
            [
              77.911533,
              27.4664242
            ],
            [
              77.9117033,
              27.4668429
            ],
            [
              77.9122915,
              27.4666033
            ],
            [
              77.9132097,
              27.4661366
            ],
            [
              77.9142218,
              27.4653743
            ],
            [
              77.9147143,
              27.4649387
            ],
            [
              77.9148712,
              27.4649377
            ],
            [
              77.9151543,
              27.4651198
            ],
            [
              77.9162438,
              27.4661227
            ],
            [
              77.9169555,
              27.4665309
            ],
            [
              77.9184889,
              27.4672098
            ],
            [
              77.9191433,
              27.4674995
            ],
            [
              77.920252,
              27.4683584
            ],
            [
              77.9209152,
              27.4692345
            ],
            [
              77.9213752,
              27.4696055
            ],
            [
              77.9227988,
              27.4702369
            ],
            [
              77.9239519,
              27.470772
            ],
            [
              77.9242558,
              27.4705758
            ],
            [
              77.924473,
              27.4709459
            ],
            [
              77.924874,
              27.471072
            ],
            [
              77.9251875,
              27.4710699
            ],
            [
              77.925694,
              27.4708601
            ],
            [
              77.9260293,
              27.4711697
            ],
            [
              77.9264039,
              27.4709706
            ],
            [
              77.9267393,
              27.4712757
            ],
            [
              77.9277036,
              27.4716938
            ],
            [
              77.9278795,
              27.4717338
            ],
            [
              77.9281571,
              27.4719338
            ],
            [
              77.9281565,
              27.4721368
            ],
            [
              77.9281062,
              27.472492
            ],
            [
              77.9281459,
              27.4728853
            ],
            [
              77.9280878,
              27.4733395
            ],
            [
              77.9279221,
              27.4738455
            ],
            [
              77.9275163,
              27.4744364
            ],
            [
              77.9277444,
              27.4745947
            ],
            [
              77.9278471,
              27.4747188
            ],
            [
              77.9278067,
              27.4749029
            ],
            [
              77.9275763,
              27.4753669
            ],
            [
              77.9275458,
              27.475736
            ],
            [
              77.9274681,
              27.4759914
            ],
            [
              77.927206,
              27.476139
            ],
            [
              77.9269289,
              27.4762862
            ],
            [
              77.926485,
              27.4766101
            ],
            [
              77.9262475,
              27.4769657
            ],
            [
              77.9259776,
              27.4768515
            ],
            [
              77.9250389,
              27.4776967
            ],
            [
              77.9240584,
              27.4784012
            ],
            [
              77.9233746,
              27.47881
            ],
            [
              77.9227899,
              27.4794646
            ],
            [
              77.9223435,
              27.4798786
            ],
            [
              77.9222177,
              27.4800382
            ],
            [
              77.9222623,
              27.4802512
            ],
            [
              77.9215046,
              27.4807621
            ],
            [
              77.9204056,
              27.4815542
            ],
            [
              77.9191778,
              27.48242
            ],
            [
              77.9187521,
              27.4828165
            ],
            [
              77.9184614,
              27.4830852
            ],
            [
              77.91774,
              27.4833849
            ],
            [
              77.917374,
              27.4836338
            ],
            [
              77.917195,
              27.483887
            ],
            [
              77.9176245,
              27.4844467
            ],
            [
              77.915139,
              27.4863446
            ],
            [
              77.9148537,
              27.4864194
            ],
            [
              77.9145135,
              27.48629
            ],
            [
              77.9141818,
              27.4862151
            ],
            [
              77.913715,
              27.4861626
            ],
            [
              77.9132985,
              27.4857896
            ],
            [
              77.9124112,
              27.4864149
            ],
            [
              77.9116154,
              27.4867436
            ],
            [
              77.9110803,
              27.4871046
            ],
            [
              77.9107245,
              27.487501
            ],
            [
              77.9100118,
              27.4880436
            ],
            [
              77.9104331,
              27.4884786
            ],
            [
              77.910249,
              27.488731
            ],
            [
              77.9106902,
              27.4892464
            ],
            [
              77.9109482,
              27.4896415
            ],
            [
              77.911052,
              27.4900817
            ],
            [
              77.9111633,
              27.4916592
            ],
            [
              77.9115789,
              27.4923137
            ],
            [
              77.9119306,
              27.4926131
            ],
            [
              77.9121908,
              27.4931922
            ],
            [
              77.9126541,
              27.4940199
            ],
            [
              77.912862,
              27.4945176
            ],
            [
              77.9123709,
              27.4947753
            ],
            [
              77.9118432,
              27.4951624
            ],
            [
              77.9112642,
              27.4957752
            ],
            [
              77.9108659,
              27.4961828
            ],
            [
              77.9102684,
              27.4967931
            ],
            [
              77.9098959,
              27.4971609
            ],
            [
              77.9108578,
              27.4980301
            ],
            [
              77.9120109,
              27.4994019
            ],
            [
              77.912322,
              27.4997859
            ],
            [
              77.9127482,
              27.5003141
            ],
            [
              77.9122786,
              27.5004685
            ],
            [
              77.9120481,
              27.5005986
            ],
            [
              77.9110867,
              27.5011284
            ],
            [
              77.9102212,
              27.5016203
            ],
            [
              77.9099279,
              27.5018517
            ],
            [
              77.9095437,
              27.5020361
            ],
            [
              77.9093507,
              27.501746
            ],
            [
              77.9089873,
              27.5020092
            ],
            [
              77.9087099,
              27.5023846
            ],
            [
              77.9088434,
              27.5027328
            ],
            [
              77.9085158,
              27.5030356
            ],
            [
              77.9081748,
              27.5032795
            ],
            [
              77.9077488,
              27.5037771
            ],
            [
              77.9073747,
              27.5044585
            ],
            [
              77.907247,
              27.5046463
            ],
            [
              77.9072351,
              27.5049207
            ],
            [
              77.9073205,
              27.5050721
            ],
            [
              77.9069839,
              27.5054794
            ],
            [
              77.9072638,
              27.5058361
            ],
            [
              77.9070334,
              27.5062513
            ],
            [
              77.9073732,
              27.5065303
            ],
            [
              77.9070615,
              27.5067615
            ],
            [
              77.9066904,
              27.5070442
            ],
            [
              77.9063126,
              27.5072876
            ],
            [
              77.905853,
              27.5076017
            ],
            [
              77.9058643,
              27.5082489
            ],
            [
              77.9060665,
              27.5090882
            ],
            [
              77.9063158,
              27.5095164
            ],
            [
              77.906683,
              27.5099134
            ],
            [
              77.9063555,
              27.5102097
            ],
            [
              77.9061911,
              27.5101814
            ],
            [
              77.9061175,
              27.5102066
            ],
            [
              77.9059905,
              27.5103422
            ],
            [
              77.9055878,
              27.5107682
            ],
            [
              77.9051293,
              27.5114484
            ],
            [
              77.9048872,
              27.5119027
            ],
            [
              77.9050787,
              27.5122909
            ],
            [
              77.9046921,
              27.5125146
            ],
            [
              77.9039636,
              27.5131291
            ],
            [
              77.9035692,
              27.5134866
            ],
            [
              77.9032881,
              27.5138652
            ],
            [
              77.9032322,
              27.5140279
            ],
            [
              77.9032307,
              27.5141161
            ],
            [
              77.9032297,
              27.5141782
            ],
            [
              77.9032069,
              27.5142302
            ],
            [
              77.9031811,
              27.5142397
            ],
            [
              77.9031223,
              27.5142486
            ],
            [
              77.9026037,
              27.5139281
            ],
            [
              77.9023616,
              27.5143823
            ],
            [
              77.9019428,
              27.5151056
            ],
            [
              77.9016213,
              27.515598
            ],
            [
              77.901417,
              27.5159776
            ],
            [
              77.9010772,
              27.516362
            ],
            [
              77.9006093,
              27.5168427
            ],
            [
              77.9003094,
              27.5172439
            ],
            [
              77.9000806,
              27.5174336
            ],
            [
              77.8997688,
              27.5173445
            ],
            [
              77.8992107,
              27.5169679
            ],
            [
              77.8987285,
              27.5166673
            ],
            [
              77.8983415,
              27.5163615
            ],
            [
              77.8976552,
              27.5158753
            ],
            [
              77.8976036,
              27.515891
            ],
            [
              77.8973307,
              27.5162207
            ],
            [
              77.8970501,
              27.5167822
            ],
            [
              77.896931,
              27.517114
            ],
            [
              77.8968692,
              27.5171949
            ],
            [
              77.8965933,
              27.5172566
            ],
            [
              77.895964,
              27.5172057
            ],
            [
              77.8955949,
              27.5173642
            ],
            [
              77.8950508,
              27.5176838
            ],
            [
              77.8947901,
              27.5178241
            ],
            [
              77.894757,
              27.5178335
            ],
            [
              77.8947136,
              27.5178002
            ],
            [
              77.894689,
              27.5177377
            ],
            [
              77.8946564,
              27.5177144
            ],
            [
              77.8946163,
              27.5177009
            ],
            [
              77.8945831,
              27.5177135
            ],
            [
              77.8944753,
              27.5178068
            ],
            [
              77.8943682,
              27.517861
            ],
            [
              77.8942949,
              27.5178567
            ],
            [
              77.8939657,
              27.517604
            ],
            [
              77.8931241,
              27.5181875
            ],
            [
              77.8928327,
              27.5184123
            ],
            [
              77.8925852,
              27.5185332
            ],
            [
              77.8920098,
              27.5187575
            ],
            [
              77.8914998,
              27.5190122
            ],
            [
              77.8912135,
              27.518711
            ],
            [
              77.8909033,
              27.5184226
            ],
            [
              77.8902162,
              27.5189689
            ],
            [
              77.8900194,
              27.5191199
            ],
            [
              77.8898969,
              27.5188829
            ],
            [
              77.8897359,
              27.5188775
            ],
            [
              77.8894378,
              27.5189454
            ],
            [
              77.8887321,
              27.5190733
            ],
            [
              77.8885671,
              27.5190809
            ],
            [
              77.8884003,
              27.5186473
            ],
            [
              77.8879184,
              27.5187553
            ],
            [
              77.8875114,
              27.5187727
            ],
            [
              77.8874046,
              27.5188072
            ],
            [
              77.8872085,
              27.518919
            ],
            [
              77.8870723,
              27.5189596
            ],
            [
              77.8866868,
              27.5186799
            ],
            [
              77.8864304,
              27.518451
            ],
            [
              77.8859851,
              27.5187849
            ],
            [
              77.8858974,
              27.5189896
            ],
            [
              77.8858965,
              27.5190452
            ],
            [
              77.8858811,
              27.5190874
            ],
            [
              77.8858515,
              27.5191001
            ],
            [
              77.8857345,
              27.5190888
            ],
            [
              77.8855593,
              27.5190472
            ],
            [
              77.8854515,
              27.5190262
            ],
            [
              77.8853409,
              27.5190672
            ],
            [
              77.8852481,
              27.5191345
            ],
            [
              77.884924,
              27.5194505
            ],
            [
              77.8841876,
              27.5200942
            ],
            [
              77.8840251,
              27.5202783
            ],
            [
              77.8839547,
              27.520323
            ],
            [
              77.8838848,
              27.5203418
            ],
            [
              77.8838152,
              27.5203408
            ],
            [
              77.8837537,
              27.5202943
            ],
            [
              77.8836721,
              27.5201363
            ],
            [
              77.8836471,
              27.5200968
            ],
            [
              77.8835994,
              27.5201027
            ],
            [
              77.8835251,
              27.5201605
            ],
            [
              77.8830787,
              27.5203408
            ],
            [
              77.8830238,
              27.5203368
            ],
            [
              77.8829622,
              27.5202935
            ],
            [
              77.8828062,
              27.5201999
            ],
            [
              77.8827548,
              27.5202057
            ],
            [
              77.8826291,
              27.5202727
            ],
            [
              77.8822753,
              27.5203987
            ],
            [
              77.8818172,
              27.520399
            ],
            [
              77.8812071,
              27.5202928
            ],
            [
              77.8806267,
              27.5201608
            ],
            [
              77.8800394,
              27.5200223
            ],
            [
              77.8797713,
              27.5200383
            ],
            [
              77.8796989,
              27.5200961
            ],
            [
              77.8796862,
              27.5201973
            ],
            [
              77.8796427,
              27.5203862
            ],
            [
              77.8795675,
              27.5204996
            ],
            [
              77.8792047,
              27.5209326
            ],
            [
              77.8788583,
              27.5212679
            ],
            [
              77.8786734,
              27.5214745
            ],
            [
              77.8780798,
              27.5219045
            ],
            [
              77.877767,
              27.5222009
            ],
            [
              77.8775597,
              27.5224301
            ],
            [
              77.8774058,
              27.5226437
            ],
            [
              77.877305,
              27.52276
            ],
            [
              77.8772421,
              27.5227983
            ],
            [
              77.8771534,
              27.5228364
            ],
            [
              77.8771421,
              27.5228624
            ],
            [
              77.8771381,
              27.5228787
            ],
            [
              77.8771889,
              27.5229088
            ],
            [
              77.8772762,
              27.5229459
            ],
            [
              77.8773633,
              27.5229961
            ],
            [
              77.8774279,
              27.5230753
            ],
            [
              77.8774357,
              27.523265
            ],
            [
              77.877403,
              27.5233593
            ],
            [
              77.8772909,
              27.5234885
            ],
            [
              77.8771761,
              27.5235589
            ],
            [
              77.877091,
              27.5236067
            ],
            [
              77.8770647,
              27.5236456
            ],
            [
              77.8770825,
              27.5236785
            ],
            [
              77.8773823,
              27.5239309
            ],
            [
              77.8779496,
              27.5244058
            ],
            [
              77.8774415,
              27.5246538
            ],
            [
              77.8774224,
              27.5247059
            ],
            [
              77.877459,
              27.5249286
            ],
            [
              77.8775609,
              27.5251849
            ],
            [
              77.8775666,
              27.5252765
            ],
            [
              77.8774278,
              27.5254673
            ],
            [
              77.8770649,
              27.5257991
            ],
            [
              77.8768353,
              27.5261587
            ],
            [
              77.8765889,
              27.5266423
            ],
            [
              77.8765155,
              27.526759
            ],
            [
              77.8764887,
              27.526824
            ],
            [
              77.8764874,
              27.5269024
            ],
            [
              77.8766385,
              27.5270678
            ],
            [
              77.8767169,
              27.5272029
            ],
            [
              77.8767229,
              27.5272813
            ],
            [
              77.8766592,
              27.5273621
            ],
            [
              77.8763735,
              27.5275675
            ],
            [
              77.87615,
              27.5278913
            ],
            [
              77.8759813,
              27.5281144
            ],
            [
              77.8758206,
              27.5283051
            ],
            [
              77.875761,
              27.5283599
            ],
            [
              77.8757243,
              27.5283594
            ],
            [
              77.8756626,
              27.5283292
            ],
            [
              77.8755551,
              27.5281806
            ],
            [
              77.8755009,
              27.5281374
            ],
            [
              77.8754572,
              27.5281237
            ],
            [
              77.8753943,
              27.5281523
            ],
            [
              77.8752667,
              27.5283304
            ],
            [
              77.8751623,
              27.52844
            ],
            [
              77.8749628,
              27.5285354
            ],
            [
              77.8747816,
              27.5287355
            ],
            [
              77.8742558,
              27.5294932
            ],
            [
              77.8740397,
              27.5298105
            ],
            [
              77.87384,
              27.5301378
            ],
            [
              77.8741218,
              27.5303737
            ],
            [
              77.8742776,
              27.5304738
            ],
            [
              77.8744309,
              27.5306164
            ],
            [
              77.8744847,
              27.530689
            ],
            [
              77.874476,
              27.5307739
            ],
            [
              77.8744542,
              27.5309761
            ],
            [
              77.8744377,
              27.5310871
            ],
            [
              77.8744939,
              27.5312316
            ],
            [
              77.8751317,
              27.5318709
            ],
            [
              77.875765,
              27.5326702
            ],
            [
              77.8762208,
              27.533026
            ],
            [
              77.8765478,
              27.533295
            ],
            [
              77.8767421,
              27.5335101
            ],
            [
              77.8769069,
              27.5339534
            ],
            [
              77.877031,
              27.5343047
            ],
            [
              77.8771008,
              27.5347305
            ],
            [
              77.8771777,
              27.5351695
            ],
            [
              77.8774626,
              27.5362027
            ],
            [
              77.8775339,
              27.5364324
            ],
            [
              77.8775874,
              27.5365148
            ],
            [
              77.8776558,
              27.5365876
            ],
            [
              77.8778432,
              27.5367764
            ],
            [
              77.8779223,
              27.5368722
            ],
            [
              77.8779719,
              27.5369676
            ],
            [
              77.8779773,
              27.5370788
            ],
            [
              77.877983,
              27.5371802
            ],
            [
              77.8783575,
              27.5376851
            ],
            [
              77.8784223,
              27.5377514
            ],
            [
              77.8785239,
              27.5378116
            ],
            [
              77.878615,
              27.5378455
            ],
            [
              77.8786731,
              27.5378789
            ],
            [
              77.8787125,
              27.5379317
            ],
            [
              77.8787111,
              27.5380134
            ],
            [
              77.8787084,
              27.5381735
            ],
            [
              77.8788842,
              27.5383916
            ],
            [
              77.8792461,
              27.5386742
            ],
            [
              77.8794341,
              27.5388206
            ],
            [
              77.8795573,
              27.5389039
            ],
            [
              77.8796253,
              27.5389995
            ],
            [
              77.8796242,
              27.5390649
            ],
            [
              77.8796226,
              27.5391564
            ],
            [
              77.8795212,
              27.539302
            ],
            [
              77.8792726,
              27.5394882
            ],
            [
              77.8791836,
              27.5395491
            ],
            [
              77.8791387,
              27.5396041
            ],
            [
              77.8791229,
              27.5396692
            ],
            [
              77.8791216,
              27.5397443
            ],
            [
              77.8791892,
              27.5398662
            ],
            [
              77.8792941,
              27.539975
            ],
            [
              77.878654,
              27.541157
            ],
            [
              77.878281,
              27.541661
            ],
            [
              77.877848,
              27.542208
            ],
            [
              77.877601,
              27.542421
            ],
            [
              77.877477,
              27.542524
            ],
            [
              77.877433,
              27.542609
            ],
            [
              77.877471,
              27.542935
            ],
            [
              77.877479,
              27.543187
            ],
            [
              77.877438,
              27.543325
            ],
            [
              77.877305,
              27.543457
            ],
            [
              77.876668,
              27.544161
            ],
            [
              77.875939,
              27.545118
            ],
            [
              77.876737,
              27.54598
            ],
            [
              77.876587,
              27.546126
            ],
            [
              77.877145,
              27.546743
            ],
            [
              77.878409,
              27.547767
            ],
            [
              77.878132,
              27.548
            ],
            [
              77.877593,
              27.548498
            ],
            [
              77.877393,
              27.548813
            ],
            [
              77.877121,
              27.549227
            ],
            [
              77.877005,
              27.549615
            ],
            [
              77.876805,
              27.549887
            ],
            [
              77.876221,
              27.55029
            ],
            [
              77.875888,
              27.550169
            ],
            [
              77.875662,
              27.550174
            ],
            [
              77.875187,
              27.550284
            ],
            [
              77.874916,
              27.550379
            ],
            [
              77.874727,
              27.549749
            ],
            [
              77.874801,
              27.549479
            ],
            [
              77.874804,
              27.549339
            ],
            [
              77.874648,
              27.549314
            ],
            [
              77.874422,
              27.549319
            ],
            [
              77.874282,
              27.549332
            ],
            [
              77.873821,
              27.549676
            ],
            [
              77.873759,
              27.549581
            ],
            [
              77.873568,
              27.549238
            ],
            [
              77.873242,
              27.548624
            ],
            [
              77.873748,
              27.548156
            ],
            [
              77.873754,
              27.547283
            ],
            [
              77.873567,
              27.547384
            ],
            [
              77.873462,
              27.547424
            ],
            [
              77.873269,
              27.547174
            ],
            [
              77.873166,
              27.547121
            ],
            [
              77.872964,
              27.547397
            ],
            [
              77.872447,
              27.547193
            ],
            [
              77.872001,
              27.546878
            ],
            [
              77.871439,
              27.54654
            ],
            [
              77.870923,
              27.546233
            ],
            [
              77.870568,
              27.546011
            ],
            [
              77.870351,
              27.545843
            ],
            [
              77.870062,
              27.545829
            ],
            [
              77.869756,
              27.546114
            ],
            [
              77.869432,
              27.546089
            ],
            [
              77.869271,
              27.546046
            ],
            [
              77.869231,
              27.546355
            ],
            [
              77.869056,
              27.546456
            ],
            [
              77.868827,
              27.546308
            ],
            [
              77.868451,
              27.546644
            ],
            [
              77.868037,
              27.546432
            ],
            [
              77.867687,
              27.546613
            ],
            [
              77.86742,
              27.546682
            ],
            [
              77.867258,
              27.546638
            ],
            [
              77.867179,
              27.546554
            ],
            [
              77.867087,
              27.546471
            ],
            [
              77.866999,
              27.546242
            ],
            [
              77.867105,
              27.54613
            ],
            [
              77.867315,
              27.545999
            ],
            [
              77.86771,
              27.545952
            ],
            [
              77.868003,
              27.545739
            ],
            [
              77.868299,
              27.546012
            ],
            [
              77.868459,
              27.546128
            ],
            [
              77.868906,
              27.545752
            ],
            [
              77.869001,
              27.545598
            ],
            [
              77.868567,
              27.54521
            ],
            [
              77.86825,
              27.544824
            ],
            [
              77.867776,
              27.54511
            ],
            [
              77.867743,
              27.545037
            ],
            [
              77.86755,
              27.544787
            ],
            [
              77.867233,
              27.545061
            ],
            [
              77.866603,
              27.546013
            ],
            [
              77.865836,
              27.546922
            ],
            [
              77.866098,
              27.547173
            ],
            [
              77.866251,
              27.54701
            ],
            [
              77.866555,
              27.546818
            ],
            [
              77.866634,
              27.546922
            ],
            [
              77.866745,
              27.547213
            ],
            [
              77.866196,
              27.547771
            ],
            [
              77.866342,
              27.548042
            ],
            [
              77.865389,
              27.548917
            ],
            [
              77.865063,
              27.549078
            ],
            [
              77.86487,
              27.548807
            ],
            [
              77.86463,
              27.548638
            ],
            [
              77.864231,
              27.548984
            ],
            [
              77.864359,
              27.549595
            ],
            [
              77.864043,
              27.549807
            ],
            [
              77.863757,
              27.550309
            ],
            [
              77.863235,
              27.550364
            ],
            [
              77.862722,
              27.550595
            ],
            [
              77.862237,
              27.550506
            ],
            [
              77.861624,
              27.550877
            ],
            [
              77.861413,
              27.551009
            ],
            [
              77.86081,
              27.551073
            ],
            [
              77.859905,
              27.551195
            ],
            [
              77.859239,
              27.551558
            ],
            [
              77.858871,
              27.551954
            ],
            [
              77.85844,
              27.552816
            ],
            [
              77.857951,
              27.554296
            ],
            [
              77.857675,
              27.55421
            ],
            [
              77.858046,
              27.552976
            ],
            [
              77.85804,
              27.552635
            ],
            [
              77.857863,
              27.552317
            ],
            [
              77.85738,
              27.552513
            ],
            [
              77.8565,
              27.552542
            ],
            [
              77.856208,
              27.553323
            ],
            [
              77.856805,
              27.553661
            ],
            [
              77.855949,
              27.554971
            ],
            [
              77.85561,
              27.555834
            ],
            [
              77.854061,
              27.555579
            ],
            [
              77.853256,
              27.555242
            ],
            [
              77.852819,
              27.55507
            ],
            [
              77.852221,
              27.554835
            ],
            [
              77.851725,
              27.554736
            ],
            [
              77.851667,
              27.554084
            ],
            [
              77.851666,
              27.553496
            ],
            [
              77.85141,
              27.552202
            ],
            [
              77.851208,
              27.551827
            ],
            [
              77.850666,
              27.551436
            ],
            [
              77.849993,
              27.550879
            ],
            [
              77.849345,
              27.550287
            ],
            [
              77.848461,
              27.549222
            ],
            [
              77.848028,
              27.548782
            ],
            [
              77.847739,
              27.548107
            ],
            [
              77.84739,
              27.547504
            ],
            [
              77.847445,
              27.547035
            ],
            [
              77.847558,
              27.54651
            ],
            [
              77.847289,
              27.546001
            ],
            [
              77.846845,
              27.545571
            ],
            [
              77.846193,
              27.544721
            ],
            [
              77.84596,
              27.54415
            ],
            [
              77.845483,
              27.543586
            ],
            [
              77.845097,
              27.543157
            ],
            [
              77.844915,
              27.542292
            ],
            [
              77.844757,
              27.542084
            ],
            [
              77.844011,
              27.54102
            ],
            [
              77.843204,
              27.540142
            ],
            [
              77.842957,
              27.539726
            ],
            [
              77.842962,
              27.539416
            ],
            [
              77.84303,
              27.538817
            ],
            [
              77.842747,
              27.538472
            ],
            [
              77.842752,
              27.538162
            ],
            [
              77.842744,
              27.537956
            ],
            [
              77.842546,
              27.537365
            ],
            [
              77.842321,
              27.536964
            ],
            [
              77.841621,
              27.537274
            ],
            [
              77.840349,
              27.537897
            ],
            [
              77.84009,
              27.538111
            ],
            [
              77.839894,
              27.538748
            ],
            [
              77.839635,
              27.539003
            ],
            [
              77.838792,
              27.540249
            ],
            [
              77.838521,
              27.540483
            ],
            [
              77.83816,
              27.540643
            ],
            [
              77.837195,
              27.541549
            ],
            [
              77.836892,
              27.541668
            ],
            [
              77.836057,
              27.542694
            ],
            [
              77.835933,
              27.543136
            ],
            [
              77.835604,
              27.544102
            ],
            [
              77.83554,
              27.544483
            ],
            [
              77.835257,
              27.544769
            ],
            [
              77.834747,
              27.544824
            ],
            [
              77.834364,
              27.544849
            ],
            [
              77.833708,
              27.545315
            ],
            [
              77.833472,
              27.545539
            ],
            [
              77.832975,
              27.546057
            ],
            [
              77.83281,
              27.54623
            ],
            [
              77.832531,
              27.546257
            ],
            [
              77.832055,
              27.546364
            ],
            [
              77.831886,
              27.546754
            ],
            [
              77.831455,
              27.547564
            ],
            [
              77.831166,
              27.548232
            ],
            [
              77.830746,
              27.549092
            ],
            [
              77.830557,
              27.549265
            ],
            [
              77.830151,
              27.549342
            ],
            [
              77.82967,
              27.549046
            ],
            [
              77.829282,
              27.548711
            ],
            [
              77.829126,
              27.548368
            ],
            [
              77.828935,
              27.548035
            ],
            [
              77.828306,
              27.547572
            ],
            [
              77.827974,
              27.547329
            ],
            [
              77.827746,
              27.547151
            ],
            [
              77.827445,
              27.547147
            ],
            [
              77.826865,
              27.547201
            ],
            [
              77.826213,
              27.547181
            ],
            [
              77.825798,
              27.547031
            ],
            [
              77.825078,
              27.547155
            ],
            [
              77.824686,
              27.547057
            ],
            [
              77.824306,
              27.54699
            ],
            [
              77.824169,
              27.546869
            ],
            [
              77.823678,
              27.54711
            ],
            [
              77.822938,
              27.547059
            ],
            [
              77.821848,
              27.547188
            ],
            [
              77.821794,
              27.547601
            ],
            [
              77.821511,
              27.547927
            ],
            [
              77.821691,
              27.548198
            ],
            [
              77.822009,
              27.548574
            ],
            [
              77.821584,
              27.549023
            ],
            [
              77.821615,
              27.548589
            ],
            [
              77.821183,
              27.548108
            ],
            [
              77.820897,
              27.547278
            ],
            [
              77.820298,
              27.547105
            ],
            [
              77.819394,
              27.547134
            ],
            [
              77.81769,
              27.546615
            ],
            [
              77.81616,
              27.545643
            ],
            [
              77.815679,
              27.545389
            ],
            [
              77.814222,
              27.54422
            ],
            [
              77.813733,
              27.544338
            ],
            [
              77.813195,
              27.544681
            ],
            [
              77.812611,
              27.544983
            ],
            [
              77.811528,
              27.54598
            ],
            [
              77.81103,
              27.546655
            ],
            [
              77.810845,
              27.546631
            ],
            [
              77.810073,
              27.547116
            ],
            [
              77.809718,
              27.547525
            ],
            [
              77.809358,
              27.546941
            ],
            [
              77.809297,
              27.546486
            ],
            [
              77.808949,
              27.546523
            ],
            [
              77.808152,
              27.547069
            ],
            [
              77.807822,
              27.547416
            ],
            [
              77.807622,
              27.546897
            ],
            [
              77.807044,
              27.546888
            ],
            [
              77.806548,
              27.547398
            ],
            [
              77.805872,
              27.547698
            ],
            [
              77.805614,
              27.547881
            ],
            [
              77.804978,
              27.548215
            ],
            [
              77.803928,
              27.548612
            ],
            [
              77.802572,
              27.549633
            ],
            [
              77.801168,
              27.5508
            ],
            [
              77.800049,
              27.550737
            ],
            [
              77.798716,
              27.550883
            ],
            [
              77.796712,
              27.551666
            ],
            [
              77.79602,
              27.550587
            ],
            [
              77.795541,
              27.550064
            ],
            [
              77.795401,
              27.549803
            ],
            [
              77.795284,
              27.549708
            ],
            [
              77.795278,
              27.54969
            ],
            [
              77.794825,
              27.549596
            ],
            [
              77.794609,
              27.54951
            ],
            [
              77.794679,
              27.549288
            ],
            [
              77.795005,
              27.548723
            ],
            [
              77.795227,
              27.548106
            ],
            [
              77.795227,
              27.54808
            ],
            [
              77.795065,
              27.547955
            ],
            [
              77.794665,
              27.548219
            ],
            [
              77.794328,
              27.548649
            ],
            [
              77.793893,
              27.548667
            ],
            [
              77.793459,
              27.547862
            ],
            [
              77.793301,
              27.547466
            ],
            [
              77.793347,
              27.547103
            ],
            [
              77.793677,
              27.546702
            ],
            [
              77.793946,
              27.546401
            ],
            [
              77.793909,
              27.546218
            ],
            [
              77.793532,
              27.545925
            ],
            [
              77.793167,
              27.545738
            ],
            [
              77.792918,
              27.545658
            ],
            [
              77.792731,
              27.545785
            ],
            [
              77.792654,
              27.546054
            ],
            [
              77.792603,
              27.546311
            ],
            [
              77.792366,
              27.546672
            ],
            [
              77.79192,
              27.546578
            ],
            [
              77.791288,
              27.546939
            ],
            [
              77.790918,
              27.547333
            ],
            [
              77.790539,
              27.547527
            ],
            [
              77.790429,
              27.54708
            ],
            [
              77.790265,
              27.546625
            ],
            [
              77.790026,
              27.546358
            ],
            [
              77.789765,
              27.546201
            ],
            [
              77.789443,
              27.546185
            ],
            [
              77.788831,
              27.546511
            ],
            [
              77.788233,
              27.546802
            ],
            [
              77.787777,
              27.546976
            ],
            [
              77.787782,
              27.54699
            ],
            [
              77.787587,
              27.547181
            ],
            [
              77.787112,
              27.547319
            ],
            [
              77.787144,
              27.548014
            ],
            [
              77.787267,
              27.548515
            ],
            [
              77.787054,
              27.549011
            ],
            [
              77.786746,
              27.54933
            ],
            [
              77.78626,
              27.549582
            ],
            [
              77.785941,
              27.549736
            ],
            [
              77.785482,
              27.550017
            ],
            [
              77.785315,
              27.550103
            ],
            [
              77.785437,
              27.550692
            ],
            [
              77.784916,
              27.551095
            ],
            [
              77.783942,
              27.55174
            ],
            [
              77.783438,
              27.551967
            ],
            [
              77.782772,
              27.551297
            ],
            [
              77.782765,
              27.551265
            ],
            [
              77.781797,
              27.550124
            ],
            [
              77.78135,
              27.549529
            ],
            [
              77.780612,
              27.548545
            ],
            [
              77.779952,
              27.547902
            ],
            [
              77.779147,
              27.547209
            ],
            [
              77.778086,
              27.546126
            ],
            [
              77.777142,
              27.545126
            ],
            [
              77.774967,
              27.542934
            ],
            [
              77.774333,
              27.542256
            ],
            [
              77.773602,
              27.54187
            ],
            [
              77.77216,
              27.541473
            ],
            [
              77.770757,
              27.541078
            ],
            [
              77.769313,
              27.540787
            ],
            [
              77.768079,
              27.540511
            ],
            [
              77.768025,
              27.53983
            ],
            [
              77.768442,
              27.539354
            ],
            [
              77.768631,
              27.539133
            ],
            [
              77.76878,
              27.538889
            ],
            [
              77.768694,
              27.538512
            ],
            [
              77.768962,
              27.538141
            ],
            [
              77.768902,
              27.536549
            ],
            [
              77.768203,
              27.535435
            ],
            [
              77.767569,
              27.534735
            ],
            [
              77.767582,
              27.533992
            ],
            [
              77.767516,
              27.53284
            ],
            [
              77.767502,
              27.532606
            ],
            [
              77.767263,
              27.531957
            ],
            [
              77.766098,
              27.530073
            ],
            [
              77.765326,
              27.528716
            ],
            [
              77.76509,
              27.528302
            ],
            [
              77.76426,
              27.526803
            ],
            [
              77.763126,
              27.524728
            ],
            [
              77.76264,
              27.523024
            ],
            [
              77.760651,
              27.519964
            ],
            [
              77.759698,
              27.518897
            ],
            [
              77.758248,
              27.517383
            ],
            [
              77.757228,
              27.516787
            ],
            [
              77.756367,
              27.517785
            ],
            [
              77.755403,
              27.517207
            ],
            [
              77.754045,
              27.517987
            ],
            [
              77.752926,
              27.518652
            ],
            [
              77.752521,
              27.518502
            ],
            [
              77.752191,
              27.518524
            ],
            [
              77.751409,
              27.5195
            ],
            [
              77.751027,
              27.520269
            ],
            [
              77.749828,
              27.521004
            ],
            [
              77.748915,
              27.521527
            ],
            [
              77.74874,
              27.521628
            ],
            [
              77.74836,
              27.521691
            ],
            [
              77.747401,
              27.521985
            ],
            [
              77.746909,
              27.522244
            ],
            [
              77.746338,
              27.522593
            ],
            [
              77.745722,
              27.523222
            ],
            [
              77.745009,
              27.523758
            ],
            [
              77.744666,
              27.524061
            ],
            [
              77.744097,
              27.524691
            ],
            [
              77.743617,
              27.52544
            ],
            [
              77.743328,
              27.525751
            ],
            [
              77.742764,
              27.526542
            ],
            [
              77.742174,
              27.527262
            ],
            [
              77.74191,
              27.527538
            ],
            [
              77.741597,
              27.527926
            ],
            [
              77.741109,
              27.528395
            ],
            [
              77.740707,
              27.52895
            ],
            [
              77.74032,
              27.528853
            ],
            [
              77.739978,
              27.529506
            ],
            [
              77.739745,
              27.52979
            ],
            [
              77.739506,
              27.529976
            ],
            [
              77.739235,
              27.530231
            ],
            [
              77.738863,
              27.530366
            ],
            [
              77.738551,
              27.530474
            ],
            [
              77.738266,
              27.530595
            ],
            [
              77.737984,
              27.530577
            ],
            [
              77.737354,
              27.530666
            ],
            [
              77.73699,
              27.530794
            ],
            [
              77.736602,
              27.530985
            ],
            [
              77.736339,
              27.531198
            ],
            [
              77.736051,
              27.531089
            ],
            [
              77.735617,
              27.531832
            ],
            [
              77.735337,
              27.532143
            ],
            [
              77.734646,
              27.531692
            ],
            [
              77.734364,
              27.532059
            ],
            [
              77.733951,
              27.532334
            ],
            [
              77.733484,
              27.532075
            ],
            [
              77.733041,
              27.531851
            ],
            [
              77.733033,
              27.531871
            ],
            [
              77.733033,
              27.53187
            ],
            [
              77.733123,
              27.531599
            ],
            [
              77.732174,
              27.531088
            ],
            [
              77.731663,
              27.530688
            ],
            [
              77.731561,
              27.530238
            ],
            [
              77.730923,
              27.529641
            ],
            [
              77.730006,
              27.529116
            ],
            [
              77.729791,
              27.528832
            ],
            [
              77.729654,
              27.528578
            ],
            [
              77.728608,
              27.528024
            ],
            [
              77.727609,
              27.527624
            ],
            [
              77.726641,
              27.527309
            ],
            [
              77.725677,
              27.526973
            ],
            [
              77.724987,
              27.526458
            ],
            [
              77.724676,
              27.526243
            ],
            [
              77.724325,
              27.526547
            ],
            [
              77.723882,
              27.525875
            ],
            [
              77.723601,
              27.525534
            ],
            [
              77.722963,
              27.526072
            ],
            [
              77.722754,
              27.525921
            ],
            [
              77.722644,
              27.525493
            ],
            [
              77.721924,
              27.524915
            ],
            [
              77.721668,
              27.524722
            ],
            [
              77.721687,
              27.524519
            ],
            [
              77.721276,
              27.524053
            ],
            [
              77.720726,
              27.523531
            ],
            [
              77.72001,
              27.523149
            ],
            [
              77.719029,
              27.522259
            ],
            [
              77.718426,
              27.521697
            ],
            [
              77.718178,
              27.521273
            ],
            [
              77.718394,
              27.520652
            ],
            [
              77.71833,
              27.519831
            ],
            [
              77.718501,
              27.519308
            ],
            [
              77.718878,
              27.518879
            ],
            [
              77.719089,
              27.51849
            ],
            [
              77.719254,
              27.518086
            ],
            [
              77.719474,
              27.51769
            ],
            [
              77.718316,
              27.517318
            ],
            [
              77.71741,
              27.517163
            ],
            [
              77.717334,
              27.51715
            ],
            [
              77.715709,
              27.517126
            ],
            [
              77.714819,
              27.516833
            ],
            [
              77.714131,
              27.516683
            ],
            [
              77.713368,
              27.516546
            ],
            [
              77.712749,
              27.516467
            ],
            [
              77.712014,
              27.516302
            ],
            [
              77.711582,
              27.516296
            ],
            [
              77.711202,
              27.516487
            ],
            [
              77.710614,
              27.516422
            ],
            [
              77.710133,
              27.516331
            ],
            [
              77.709596,
              27.516905
            ],
            [
              77.709068,
              27.517443
            ],
            [
              77.709875,
              27.518189
            ],
            [
              77.710374,
              27.518826
            ],
            [
              77.709577,
              27.519473
            ],
            [
              77.708889,
              27.520191
            ],
            [
              77.708241,
              27.520847
            ],
            [
              77.707531,
              27.521663
            ],
            [
              77.706842,
              27.522437
            ],
            [
              77.706506,
              27.523202
            ],
            [
              77.707509,
              27.523924
            ],
            [
              77.708485,
              27.524667
            ],
            [
              77.70954,
              27.525564
            ],
            [
              77.710655,
              27.526449
            ],
            [
              77.710461,
              27.526733
            ],
            [
              77.710085,
              27.526727
            ],
            [
              77.709587,
              27.527505
            ],
            [
              77.70918,
              27.528297
            ],
            [
              77.708907,
              27.528209
            ],
            [
              77.708326,
              27.529124
            ],
            [
              77.708012,
              27.528791
            ],
            [
              77.707471,
              27.528317
            ],
            [
              77.707062,
              27.527883
            ],
            [
              77.706757,
              27.527529
            ],
            [
              77.706241,
              27.527143
            ],
            [
              77.705899,
              27.526906
            ],
            [
              77.705516,
              27.526732
            ],
            [
              77.705077,
              27.526421
            ],
            [
              77.704624,
              27.526064
            ],
            [
              77.704197,
              27.525672
            ],
            [
              77.703652,
              27.525367
            ],
            [
              77.703167,
              27.525279
            ],
            [
              77.702471,
              27.525164
            ],
            [
              77.70166,
              27.525061
            ],
            [
              77.701325,
              27.524793
            ],
            [
              77.701252,
              27.524455
            ],
            [
              77.700849,
              27.524183
            ],
            [
              77.700563,
              27.524032
            ],
            [
              77.701275,
              27.523341
            ],
            [
              77.701858,
              27.522838
            ],
            [
              77.701421,
              27.521808
            ],
            [
              77.700663,
              27.522638
            ],
            [
              77.699706,
              27.523395
            ],
            [
              77.698745,
              27.524146
            ],
            [
              77.697997,
              27.524674
            ],
            [
              77.697273,
              27.525169
            ],
            [
              77.696229,
              27.525714
            ],
            [
              77.695921,
              27.52538
            ],
            [
              77.695079,
              27.525852
            ],
            [
              77.694203,
              27.526484
            ],
            [
              77.692901,
              27.527418
            ],
            [
              77.692426,
              27.527726
            ],
            [
              77.6912693,
              27.5284789
            ],
            [
              77.691261,
              27.528484
            ],
            [
              77.691017,
              27.527999
            ],
            [
              77.690772,
              27.527513
            ],
            [
              77.690422,
              27.527169
            ],
            [
              77.689673,
              27.526331
            ],
            [
              77.689379,
              27.525971
            ],
            [
              77.688742,
              27.525562
            ],
            [
              77.687965,
              27.524723
            ],
            [
              77.687534,
              27.52412
            ],
            [
              77.687223,
              27.523471
            ],
            [
              77.687035,
              27.522668
            ],
            [
              77.686888,
              27.521861
            ],
            [
              77.686715,
              27.521245
            ],
            [
              77.686146,
              27.519588
            ],
            [
              77.685902,
              27.518834
            ],
            [
              77.685967,
              27.518304
            ],
            [
              77.685875,
              27.517148
            ],
            [
              77.685823,
              27.516621
            ],
            [
              77.685712,
              27.515831
            ],
            [
              77.685381,
              27.515141
            ],
            [
              77.684768,
              27.514223
            ],
            [
              77.684411,
              27.51327
            ],
            [
              77.684047,
              27.512372
            ],
            [
              77.683867,
              27.511954
            ],
            [
              77.683458,
              27.511164
            ],
            [
              77.683279,
              27.510554
            ],
            [
              77.682905,
              27.509666
            ],
            [
              77.682819,
              27.509342
            ],
            [
              77.682889,
              27.508866
            ],
            [
              77.68313,
              27.508283
            ],
            [
              77.683663,
              27.507683
            ],
            [
              77.684212,
              27.50722
            ],
            [
              77.684731,
              27.50691
            ],
            [
              77.685641,
              27.506205
            ],
            [
              77.686177,
              27.505786
            ],
            [
              77.687183,
              27.504979
            ],
            [
              77.687474,
              27.504709
            ],
            [
              77.687764,
              27.50444
            ],
            [
              77.688812,
              27.503743
            ],
            [
              77.689275,
              27.503629
            ],
            [
              77.690058,
              27.503087
            ],
            [
              77.690913,
              27.50253
            ],
            [
              77.691173,
              27.502402
            ],
            [
              77.691373,
              27.502213
            ],
            [
              77.691797,
              27.50188
            ],
            [
              77.692963,
              27.501119
            ],
            [
              77.693687,
              27.500779
            ],
            [
              77.694316,
              27.500311
            ],
            [
              77.694435,
              27.500236
            ],
            [
              77.695657,
              27.499651
            ],
            [
              77.695932,
              27.499495
            ],
            [
              77.696083,
              27.499338
            ],
            [
              77.696369,
              27.499043
            ],
            [
              77.696739,
              27.498416
            ],
            [
              77.697188,
              27.497912
            ],
            [
              77.697617,
              27.497446
            ],
            [
              77.697972,
              27.497187
            ],
            [
              77.698697,
              27.496718
            ],
            [
              77.699569,
              27.496293
            ],
            [
              77.700352,
              27.496041
            ],
            [
              77.700995,
              27.495828
            ],
            [
              77.701509,
              27.495766
            ],
            [
              77.702289,
              27.495708
            ],
            [
              77.7036,
              27.495588
            ],
            [
              77.703716,
              27.495596
            ],
            [
              77.704422,
              27.495343
            ],
            [
              77.704986,
              27.495156
            ],
            [
              77.705693,
              27.494791
            ],
            [
              77.706225,
              27.494632
            ],
            [
              77.706759,
              27.494432
            ],
            [
              77.707511,
              27.494151
            ],
            [
              77.708186,
              27.493855
            ],
            [
              77.708589,
              27.49352
            ],
            [
              77.708672,
              27.493243
            ],
            [
              77.708651,
              27.492687
            ],
            [
              77.708376,
              27.491544
            ],
            [
              77.708325,
              27.490932
            ],
            [
              77.708545,
              27.4904
            ],
            [
              77.708831,
              27.490098
            ],
            [
              77.709147,
              27.489839
            ],
            [
              77.710097,
              27.489839
            ],
            [
              77.711033,
              27.489727
            ],
            [
              77.711379,
              27.489579
            ],
            [
              77.712354,
              27.489024
            ],
            [
              77.712778,
              27.488835
            ],
            [
              77.713698,
              27.488765
            ],
            [
              77.714456,
              27.488603
            ],
            [
              77.714958,
              27.488401
            ],
            [
              77.715273,
              27.488212
            ],
            [
              77.715542,
              27.487993
            ],
            [
              77.715786,
              27.487413
            ],
            [
              77.716053,
              27.486416
            ],
            [
              77.716489,
              27.485547
            ],
            [
              77.71677,
              27.485113
            ],
            [
              77.716901,
              27.484754
            ],
            [
              77.716879,
              27.484239
            ],
            [
              77.716884,
              27.4831
            ],
            [
              77.716966,
              27.482455
            ],
            [
              77.717398,
              27.481794
            ],
            [
              77.717798,
              27.481203
            ],
            [
              77.717995,
              27.480691
            ],
            [
              77.718097,
              27.48022
            ],
            [
              77.717997,
              27.479267
            ],
            [
              77.717618,
              27.478706
            ],
            [
              77.716991,
              27.478071
            ],
            [
              77.716532,
              27.47762
            ],
            [
              77.716288,
              27.476901
            ],
            [
              77.716269,
              27.476275
            ],
            [
              77.716325,
              27.475748
            ],
            [
              77.716459,
              27.475208
            ],
            [
              77.716718,
              27.474697
            ],
            [
              77.717597,
              27.473842
            ],
            [
              77.718155,
              27.473155
            ],
            [
              77.718616,
              27.472592
            ],
            [
              77.718907,
              27.472012
            ],
            [
              77.718986,
              27.471534
            ],
            [
              77.718719,
              27.47078
            ],
            [
              77.718411,
              27.469733
            ],
            [
              77.7183,
              27.468995
            ],
            [
              77.718227,
              27.468334
            ],
            [
              77.718261,
              27.467306
            ],
            [
              77.718226,
              27.466652
            ],
            [
              77.718175,
              27.466026
            ],
            [
              77.717769,
              27.464819
            ],
            [
              77.717307,
              27.463686
            ],
            [
              77.717021,
              27.463154
            ],
            [
              77.715464,
              27.461026
            ],
            [
              77.714748,
              27.460168
            ],
            [
              77.714177,
              27.459417
            ],
            [
              77.713999,
              27.458941
            ],
            [
              77.714041,
              27.458331
            ],
            [
              77.714139,
              27.457262
            ],
            [
              77.714379,
              27.454729
            ],
            [
              77.71462,
              27.452197
            ],
            [
              77.714669,
              27.45186
            ],
            [
              77.714718,
              27.451524
            ],
            [
              77.714455,
              27.450589
            ],
            [
              77.714272,
              27.449381
            ],
            [
              77.714218,
              27.449029
            ],
            [
              77.714011,
              27.448033
            ],
            [
              77.71399,
              27.447463
            ],
            [
              77.714179,
              27.446493
            ],
            [
              77.714685,
              27.445631
            ],
            [
              77.715005,
              27.445122
            ],
            [
              77.715545,
              27.444546
            ],
            [
              77.71613,
              27.444068
            ],
            [
              77.717411,
              27.443399
            ],
            [
              77.718117,
              27.443089
            ],
            [
              77.718812,
              27.44253
            ],
            [
              77.71905,
              27.442269
            ],
            [
              77.719149,
              27.441979
            ],
            [
              77.719156,
              27.44159
            ],
            [
              77.718938,
              27.440301
            ],
            [
              77.718591,
              27.439698
            ],
            [
              77.717865,
              27.438534
            ],
            [
              77.716959,
              27.437389
            ],
            [
              77.716429,
              27.436617
            ],
            [
              77.716085,
              27.43582
            ],
            [
              77.714833,
              27.433182
            ],
            [
              77.714347,
              27.432086
            ],
            [
              77.714228,
              27.431818
            ],
            [
              77.714004,
              27.431301
            ],
            [
              77.713945,
              27.431092
            ],
            [
              77.71396,
              27.4303
            ],
            [
              77.713726,
              27.429039
            ],
            [
              77.713334,
              27.428338
            ],
            [
              77.713164,
              27.427821
            ],
            [
              77.71173,
              27.428119
            ],
            [
              77.710602,
              27.428471
            ],
            [
              77.709761,
              27.428632
            ],
            [
              77.709161,
              27.428301
            ],
            [
              77.708635,
              27.427453
            ],
            [
              77.708074,
              27.426398
            ],
            [
              77.706998,
              27.424564
            ],
            [
              77.706777,
              27.423963
            ],
            [
              77.70739,
              27.42358
            ],
            [
              77.707442,
              27.423547
            ],
            [
              77.707912,
              27.423231
            ],
            [
              77.708717,
              27.422909
            ],
            [
              77.709185,
              27.422732
            ],
            [
              77.709198,
              27.422732
            ],
            [
              77.709635,
              27.422807
            ],
            [
              77.710066,
              27.423205
            ],
            [
              77.710322,
              27.424003
            ],
            [
              77.710686,
              27.424549
            ],
            [
              77.710699,
              27.42456
            ],
            [
              77.711119,
              27.424854
            ],
            [
              77.7116,
              27.424654
            ],
            [
              77.712366,
              27.423664
            ],
            [
              77.714095,
              27.422182
            ],
            [
              77.714866,
              27.421595
            ],
            [
              77.716313,
              27.420028
            ],
            [
              77.716675,
              27.419285
            ],
            [
              77.71832,
              27.417422
            ],
            [
              77.719395,
              27.41647
            ],
            [
              77.721229,
              27.414875
            ],
            [
              77.721516,
              27.414672
            ],
            [
              77.722451,
              27.415019
            ],
            [
              77.722279,
              27.415281
            ],
            [
              77.722609,
              27.415596
            ],
            [
              77.722487,
              27.415928
            ],
            [
              77.722144,
              27.415636
            ],
            [
              77.72179,
              27.415964
            ],
            [
              77.722033,
              27.416071
            ],
            [
              77.722055,
              27.416256
            ],
            [
              77.721497,
              27.416455
            ],
            [
              77.722019,
              27.416831
            ],
            [
              77.721796,
              27.417736
            ],
            [
              77.721639,
              27.418609
            ],
            [
              77.72189,
              27.419385
            ],
            [
              77.721895,
              27.419418
            ],
            [
              77.723242,
              27.419782
            ],
            [
              77.72411,
              27.420278
            ],
            [
              77.724942,
              27.420601
            ],
            [
              77.726316,
              27.420908
            ],
            [
              77.727025,
              27.42093
            ],
            [
              77.728339,
              27.420983
            ],
            [
              77.729552,
              27.420943
            ],
            [
              77.730531,
              27.420992
            ],
            [
              77.732226,
              27.420683
            ],
            [
              77.733132,
              27.420523
            ],
            [
              77.734827,
              27.420156
            ],
            [
              77.73575,
              27.41979
            ],
            [
              77.736768,
              27.419102
            ],
            [
              77.737947,
              27.418061
            ],
            [
              77.738905,
              27.417119
            ],
            [
              77.740637,
              27.417604
            ],
            [
              77.741637,
              27.417918
            ],
            [
              77.743023,
              27.418283
            ],
            [
              77.744126,
              27.418609
            ],
            [
              77.744131,
              27.418611
            ],
            [
              77.744364,
              27.417757
            ],
            [
              77.744696,
              27.416171
            ],
            [
              77.744882,
              27.415381
            ],
            [
              77.745006,
              27.414522
            ],
            [
              77.745154,
              27.413627
            ],
            [
              77.74549,
              27.413118
            ],
            [
              77.746163,
              27.412071
            ],
            [
              77.7471,
              27.410563
            ],
            [
              77.747847,
              27.409698
            ],
            [
              77.748342,
              27.408996
            ],
            [
              77.748685,
              27.40855
            ],
            [
              77.748741,
              27.408493
            ],
            [
              77.749334,
              27.408107
            ],
            [
              77.750036,
              27.407296
            ],
            [
              77.750738,
              27.406484
            ],
            [
              77.751421,
              27.405513
            ],
            [
              77.751854,
              27.404943
            ],
            [
              77.752274,
              27.404543
            ],
            [
              77.753267,
              27.40401
            ],
            [
              77.75388,
              27.403452
            ],
            [
              77.754237,
              27.40283
            ],
            [
              77.754654,
              27.402142
            ],
            [
              77.755322,
              27.401481
            ],
            [
              77.755653,
              27.400693
            ],
            [
              77.755769,
              27.399602
            ],
            [
              77.756325,
              27.397427
            ],
            [
              77.756447,
              27.396767
            ],
            [
              77.756569,
              27.396107
            ],
            [
              77.756645,
              27.394884
            ],
            [
              77.75662,
              27.393902
            ],
            [
              77.756531,
              27.392598
            ],
            [
              77.756015,
              27.391409
            ],
            [
              77.755054,
              27.38984
            ],
            [
              77.754806,
              27.389477
            ],
            [
              77.754139,
              27.388345
            ],
            [
              77.753785,
              27.38774
            ],
            [
              77.753431,
              27.387136
            ],
            [
              77.752723,
              27.385927
            ],
            [
              77.751802,
              27.384215
            ],
            [
              77.750638,
              27.382713
            ],
            [
              77.750038,
              27.382031
            ],
            [
              77.749778,
              27.381675
            ],
            [
              77.749162,
              27.380634
            ],
            [
              77.748979,
              27.379908
            ],
            [
              77.748906,
              27.379591
            ],
            [
              77.748814,
              27.379109
            ],
            [
              77.748489,
              27.378026
            ],
            [
              77.74821,
              27.376535
            ],
            [
              77.747721,
              27.375158
            ],
            [
              77.747254,
              27.374275
            ],
            [
              77.747143,
              27.373467
            ],
            [
              77.747133,
              27.37291
            ],
            [
              77.747276,
              27.372372
            ],
            [
              77.747435,
              27.371834
            ],
            [
              77.747604,
              27.371406
            ],
            [
              77.747745,
              27.370987
            ],
            [
              77.747866,
              27.370344
            ],
            [
              77.748059,
              27.369439
            ],
            [
              77.748278,
              27.369008
            ],
            [
              77.748632,
              27.368294
            ],
            [
              77.748831,
              27.367736
            ],
            [
              77.748952,
              27.367492
            ],
            [
              77.748223,
              27.367117
            ],
            [
              77.748283,
              27.366882
            ],
            [
              77.749116,
              27.365954
            ],
            [
              77.750841,
              27.365133
            ],
            [
              77.752581,
              27.364923
            ],
            [
              77.753738,
              27.364986
            ],
            [
              77.755864,
              27.365322
            ],
            [
              77.757165,
              27.365788
            ],
            [
              77.756964,
              27.366459
            ],
            [
              77.758469,
              27.366839
            ],
            [
              77.759595,
              27.367167
            ],
            [
              77.760766,
              27.367891
            ],
            [
              77.762168,
              27.368695
            ],
            [
              77.763444,
              27.369269
            ],
            [
              77.764017,
              27.369562
            ],
            [
              77.765343,
              27.370306
            ],
            [
              77.766387,
              27.371058
            ],
            [
              77.767432,
              27.371761
            ],
            [
              77.768525,
              27.372683
            ],
            [
              77.769873,
              27.374203
            ],
            [
              77.771461,
              27.376101
            ],
            [
              77.773421,
              27.378311
            ],
            [
              77.773626,
              27.37872
            ],
            [
              77.773712,
              27.379188
            ],
            [
              77.773407,
              27.380297
            ],
            [
              77.773523,
              27.380946
            ],
            [
              77.773748,
              27.381341
            ],
            [
              77.774247,
              27.381857
            ],
            [
              77.775674,
              27.384246
            ],
            [
              77.776098,
              27.384903
            ],
            [
              77.776588,
              27.385523
            ],
            [
              77.777933,
              27.386469
            ],
            [
              77.77886,
              27.387244
            ],
            [
              77.779929,
              27.387907
            ],
            [
              77.780758,
              27.38824
            ],
            [
              77.781995,
              27.38878
            ],
            [
              77.783638,
              27.389447
            ],
            [
              77.785597,
              27.390029
            ],
            [
              77.786959,
              27.390422
            ],
            [
              77.788861,
              27.390468
            ],
            [
              77.789823,
              27.390524
            ],
            [
              77.790825,
              27.390365
            ],
            [
              77.792607,
              27.390331
            ],
            [
              77.793324,
              27.390417
            ],
            [
              77.794955,
              27.390298
            ],
            [
              77.796841,
              27.390107
            ],
            [
              77.797998,
              27.38985
            ],
            [
              77.799634,
              27.38942
            ],
            [
              77.800633,
              27.389113
            ],
            [
              77.80176,
              27.38881
            ],
            [
              77.802697,
              27.388455
            ],
            [
              77.803734,
              27.387837
            ],
            [
              77.804399,
              27.387243
            ],
            [
              77.804417,
              27.387225
            ],
            [
              77.805153,
              27.386488
            ],
            [
              77.806286,
              27.385183
            ],
            [
              77.807281,
              27.383875
            ],
            [
              77.807467,
              27.382934
            ],
            [
              77.807443,
              27.381905
            ],
            [
              77.807376,
              27.380875
            ],
            [
              77.807197,
              27.379013
            ],
            [
              77.806968,
              27.377575
            ],
            [
              77.806788,
              27.376796
            ],
            [
              77.806607,
              27.37626
            ],
            [
              77.806366,
              27.375789
            ],
            [
              77.805934,
              27.374825
            ],
            [
              77.805147,
              27.373715
            ],
            [
              77.804704,
              27.373058
            ],
            [
              77.803995,
              27.372472
            ],
            [
              77.803386,
              27.371978
            ],
            [
              77.80338,
              27.371973
            ],
            [
              77.802527,
              27.371456
            ],
            [
              77.80164,
              27.370821
            ],
            [
              77.799881,
              27.369815
            ],
            [
              77.798708,
              27.369278
            ],
            [
              77.797563,
              27.368715
            ],
            [
              77.796378,
              27.368069
            ],
            [
              77.795037,
              27.367687
            ],
            [
              77.794517,
              27.367611
            ],
            [
              77.793597,
              27.36765
            ],
            [
              77.792492,
              27.367961
            ],
            [
              77.791638,
              27.367623
            ],
            [
              77.790464,
              27.367181
            ],
            [
              77.787803,
              27.366258
            ],
            [
              77.786157,
              27.365691
            ],
            [
              77.784709,
              27.365077
            ],
            [
              77.78407,
              27.364747
            ],
            [
              77.783435,
              27.36385
            ],
            [
              77.78305,
              27.362918
            ],
            [
              77.782872,
              27.362166
            ],
            [
              77.782863,
              27.362129
            ],
            [
              77.782646,
              27.361382
            ],
            [
              77.782364,
              27.360166
            ],
            [
              77.782201,
              27.359192
            ],
            [
              77.78189,
              27.357667
            ],
            [
              77.781744,
              27.356957
            ],
            [
              77.781598,
              27.356248
            ],
            [
              77.781764,
              27.35462
            ],
            [
              77.781747,
              27.354349
            ],
            [
              77.78175,
              27.354249
            ],
            [
              77.781754,
              27.35415
            ],
            [
              77.781714,
              27.352813
            ],
            [
              77.781793,
              27.351894
            ],
            [
              77.781688,
              27.349759
            ],
            [
              77.781588,
              27.347077
            ],
            [
              77.781459,
              27.345348
            ],
            [
              77.781646,
              27.343784
            ],
            [
              77.781717,
              27.343351
            ],
            [
              77.781859,
              27.342475
            ],
            [
              77.781804,
              27.341389
            ],
            [
              77.781884,
              27.339861
            ],
            [
              77.781571,
              27.337827
            ],
            [
              77.781419,
              27.336871
            ],
            [
              77.781482,
              27.335683
            ],
            [
              77.781547,
              27.334693
            ],
            [
              77.781614,
              27.334203
            ],
            [
              77.781654,
              27.333689
            ],
            [
              77.781848,
              27.332884
            ],
            [
              77.782072,
              27.331868
            ],
            [
              77.782488,
              27.330482
            ],
            [
              77.782775,
              27.328853
            ],
            [
              77.782791,
              27.327966
            ],
            [
              77.782462,
              27.327437
            ],
            [
              77.782366,
              27.327209
            ],
            [
              77.782343,
              27.32668
            ],
            [
              77.782704,
              27.326006
            ],
            [
              77.782867,
              27.325159
            ],
            [
              77.783197,
              27.324446
            ],
            [
              77.783816,
              27.323492
            ],
            [
              77.784648,
              27.322427
            ],
            [
              77.786145,
              27.320834
            ],
            [
              77.787209,
              27.320013
            ],
            [
              77.788291,
              27.319024
            ],
            [
              77.78871,
              27.318642
            ],
            [
              77.789063,
              27.318369
            ],
            [
              77.78985,
              27.317516
            ],
            [
              77.790719,
              27.316754
            ],
            [
              77.791762,
              27.31575
            ],
            [
              77.792516,
              27.314948
            ],
            [
              77.793086,
              27.314343
            ],
            [
              77.793537,
              27.313934
            ],
            [
              77.794203,
              27.31321
            ],
            [
              77.79599,
              27.311601
            ],
            [
              77.796602,
              27.311071
            ],
            [
              77.797468,
              27.310498
            ],
            [
              77.79804,
              27.310129
            ],
            [
              77.798733,
              27.309588
            ],
            [
              77.79968,
              27.308956
            ],
            [
              77.800604,
              27.3083
            ],
            [
              77.802019,
              27.307692
            ],
            [
              77.803032,
              27.307405
            ],
            [
              77.804755,
              27.307423
            ],
            [
              77.806192,
              27.307141
            ],
            [
              77.807011,
              27.306804
            ],
            [
              77.808095,
              27.306488
            ],
            [
              77.809423,
              27.306054
            ],
            [
              77.810496,
              27.30571
            ],
            [
              77.811919,
              27.305343
            ],
            [
              77.813268,
              27.304927
            ],
            [
              77.81468,
              27.304531
            ],
            [
              77.815954,
              27.304209
            ],
            [
              77.817627,
              27.304025
            ],
            [
              77.818454,
              27.30398
            ],
            [
              77.818885,
              27.303957
            ],
            [
              77.81969,
              27.303883
            ],
            [
              77.820589,
              27.303792
            ],
            [
              77.822283,
              27.303743
            ],
            [
              77.825676,
              27.30356
            ],
            [
              77.82811,
              27.303348
            ],
            [
              77.828687,
              27.30328
            ],
            [
              77.829592,
              27.30318
            ],
            [
              77.830736,
              27.302752
            ],
            [
              77.831575,
              27.302461
            ],
            [
              77.833152,
              27.302053
            ],
            [
              77.835313,
              27.301705
            ],
            [
              77.836427,
              27.301438
            ],
            [
              77.837001,
              27.301238
            ],
            [
              77.838741,
              27.300865
            ],
            [
              77.840651,
              27.300372
            ],
            [
              77.842609,
              27.298964
            ],
            [
              77.842903,
              27.298877
            ],
            [
              77.844273,
              27.298666
            ],
            [
              77.846919,
              27.2984
            ],
            [
              77.849019,
              27.297928
            ],
            [
              77.849513,
              27.29772
            ],
            [
              77.850126,
              27.297462
            ],
            [
              77.850945,
              27.296952
            ],
            [
              77.851763,
              27.296441
            ],
            [
              77.8533317,
              27.2943853
            ],
            [
              77.853826,
              27.2921197
            ],
            [
              77.85404,
              27.2823013
            ],
            [
              77.8530767,
              27.2761106
            ],
            [
              77.8506826,
              27.2663358
            ],
            [
              77.8506944,
              27.2614513
            ],
            [
              77.8516317,
              27.2593376
            ],
            [
              77.8568166,
              27.2538128
            ],
            [
              77.8620987,
              27.2506907
            ],
            [
              77.8667614,
              27.2499028
            ],
            [
              77.873023,
              27.2508803
            ],
            [
              77.8790897,
              27.2535054
            ],
            [
              77.8821178,
              27.2558386
            ],
            [
              77.8838886,
              27.2586152
            ],
            [
              77.8838866,
              27.2614173
            ],
            [
              77.8835911,
              27.2657408
            ],
            [
              77.8829111,
              27.2690983
            ],
            [
              77.8810083,
              27.2706744
            ],
            [
              77.8783779,
              27.2716907
            ],
            [
              77.8757429,
              27.2711241
            ],
            [
              77.873278,
              27.2706141
            ],
            [
              77.8692405,
              27.2709682
            ],
            [
              77.8654177,
              27.272776
            ],
            [
              77.8629365,
              27.2773856
            ],
            [
              77.863733,
              27.2845977
            ],
            [
              77.8642829,
              27.2894639
            ],
            [
              77.8656783,
              27.2914573
            ],
            [
              77.8697633,
              27.2937136
            ],
            [
              77.8761952,
              27.2956563
            ],
            [
              77.8809711,
              27.2957182
            ],
            [
              77.8884976,
              27.2947159
            ],
            [
              77.8936732,
              27.2929846
            ],
            [
              77.8995778,
              27.2935314
            ],
            [
              77.9037138,
              27.2930455
            ],
            [
              77.9047534,
              27.2921463
            ],
            [
              77.9056464,
              27.2930393
            ],
            [
              77.9094916,
              27.2911987
            ],
            [
              77.9116608,
              27.2885614
            ],
            [
              77.9152841,
              27.2834247
            ],
            [
              77.9151767,
              27.2776078
            ],
            [
              77.9137196,
              27.273485
            ],
            [
              77.9130271,
              27.273977
            ],
            [
              77.9119334,
              27.2692152
            ],
            [
              77.9114052,
              27.2653935
            ],
            [
              77.9079455,
              27.2574855
            ],
            [
              77.9048909,
              27.2531325
            ],
            [
              77.9052855,
              27.2506199
            ],
            [
              77.9100314,
              27.2428878
            ],
            [
              77.91262,
              27.23932
            ],
            [
              77.9133467,
              27.2389546
            ],
            [
              77.921089,
              27.2341462
            ],
            [
              77.9262129,
              27.2332014
            ],
            [
              77.9318235,
              27.2353904
            ],
            [
              77.9362746,
              27.2395098
            ],
            [
              77.9383643,
              27.2441128
            ],
            [
              77.9376058,
              27.2496671
            ],
            [
              77.933532,
              27.2561704
            ],
            [
              77.9289436,
              27.2613058
            ],
            [
              77.9280619,
              27.2640996
            ],
            [
              77.9287318,
              27.2667609
            ],
            [
              77.9351822,
              27.2715467
            ],
            [
              77.9420215,
              27.2742504
            ],
            [
              77.9462719,
              27.2762074
            ],
            [
              77.9489938,
              27.280456
            ],
            [
              77.9516028,
              27.2911722
            ],
            [
              77.952883,
              27.294479
            ],
            [
              77.9557117,
              27.2963239
            ],
            [
              77.9579584,
              27.2961556
            ],
            [
              77.9589842,
              27.2956725
            ],
            [
              77.9606645,
              27.2947844
            ],
            [
              77.9617507,
              27.2926882
            ],
            [
              77.9624947,
              27.2870096
            ],
            [
              77.9621864,
              27.2807017
            ],
            [
              77.9621142,
              27.2747986
            ],
            [
              77.9616852,
              27.2707605
            ],
            [
              77.9609095,
              27.2676954
            ]
          ]
        ]
      },
      "id": "relation/10000772"
    },
    {
      "type": "Feature",
      "properties": {
        "@id": "relation/10000773",
        "admin_level": "6",
        "boundary": "administrative",
        "name": "Mathura",
        "ref:LGD:subdistrict": "764",
        "type": "boundary",
        "wikidata": "Q20595912"
      },
      "geometry": {
        "type": "Polygon",
        "coordinates": [
          [
            [
              77.4382397,
              27.4022241
            ],
            [
              77.4384384,
              27.4000388
            ],
            [
              77.4388263,
              27.3924131
            ],
            [
              77.4404421,
              27.3902097
            ],
            [
              77.452634,
              27.3872574
            ],
            [
              77.4664084,
              27.3844441
            ],
            [
              77.4697665,
              27.3831078
            ],
            [
              77.473526,
              27.3776362
            ],
            [
              77.4842548,
              27.3839621
            ],
            [
              77.4971832,
              27.381322
            ],
            [
              77.5070428,
              27.3778649
            ],
            [
              77.5101645,
              27.3703987
            ],
            [
              77.5114429,
              27.3700358
            ],
            [
              77.5141668,
              27.3704716
            ],
            [
              77.5157437,
              27.3676849
            ],
            [
              77.5153684,
              27.3654408
            ],
            [
              77.5163772,
              27.3621716
            ],
            [
              77.5196072,
              27.3612153
            ],
            [
              77.5208477,
              27.3587768
            ],
            [
              77.5300091,
              27.3526311
            ],
            [
              77.5296486,
              27.3515566
            ],
            [
              77.5335486,
              27.3492968
            ],
            [
              77.5338948,
              27.3499893
            ],
            [
              77.5373392,
              27.3494244
            ],
            [
              77.5395227,
              27.3480304
            ],
            [
              77.5447634,
              27.3499919
            ],
            [
              77.5456311,
              27.3494791
            ],
            [
              77.5466837,
              27.3427143
            ],
            [
              77.5480002,
              27.3403853
            ],
            [
              77.5480193,
              27.3369746
            ],
            [
              77.5578605,
              27.3339914
            ],
            [
              77.5654028,
              27.3313931
            ],
            [
              77.5710267,
              27.3295322
            ],
            [
              77.5774684,
              27.3277196
            ],
            [
              77.5770378,
              27.3254914
            ],
            [
              77.5775049,
              27.3235645
            ],
            [
              77.5804281,
              27.3223649
            ],
            [
              77.5838231,
              27.3212301
            ],
            [
              77.5867809,
              27.323437
            ],
            [
              77.5892837,
              27.3273527
            ],
            [
              77.5911734,
              27.3303767
            ],
            [
              77.5933962,
              27.3300887
            ],
            [
              77.5995948,
              27.3322352
            ],
            [
              77.6012508,
              27.3343896
            ],
            [
              77.60249,
              27.3331321
            ],
            [
              77.6046404,
              27.3321663
            ],
            [
              77.6124558,
              27.3323683
            ],
            [
              77.6121854,
              27.3364713
            ],
            [
              77.6150178,
              27.3360138
            ],
            [
              77.6178073,
              27.340436
            ],
            [
              77.6226577,
              27.3362047
            ],
            [
              77.6215674,
              27.3258847
            ],
            [
              77.6217556,
              27.3137478
            ],
            [
              77.6171636,
              27.3092483
            ],
            [
              77.6091489,
              27.3059207
            ],
            [
              77.6085232,
              27.3012876
            ],
            [
              77.599881,
              27.3011138
            ],
            [
              77.5988653,
              27.2971664
            ],
            [
              77.6007391,
              27.2949328
            ],
            [
              77.6067996,
              27.2916489
            ],
            [
              77.6128936,
              27.2910387
            ],
            [
              77.6157689,
              27.2877015
            ],
            [
              77.6159405,
              27.2823428
            ],
            [
              77.6140382,
              27.2791854
            ],
            [
              77.6149532,
              27.2786936
            ],
            [
              77.6174855,
              27.2770028
            ],
            [
              77.621541,
              27.2749049
            ],
            [
              77.6194811,
              27.2720632
            ],
            [
              77.6140308,
              27.267562
            ],
            [
              77.613816,
              27.2643059
            ],
            [
              77.6158118,
              27.2616301
            ],
            [
              77.6169061,
              27.2569377
            ],
            [
              77.6198029,
              27.2558695
            ],
            [
              77.6223315,
              27.2564675
            ],
            [
              77.625575,
              27.2591504
            ],
            [
              77.6309824,
              27.2594937
            ],
            [
              77.6349306,
              27.2575863
            ],
            [
              77.636733,
              27.2516347
            ],
            [
              77.6437712,
              27.2479339
            ],
            [
              77.6443148,
              27.2436006
            ],
            [
              77.6461315,
              27.2433554
            ],
            [
              77.6490712,
              27.2444619
            ],
            [
              77.6666309,
              27.2402798
            ],
            [
              77.6676105,
              27.2403689
            ],
            [
              77.6689679,
              27.2419332
            ],
            [
              77.6709821,
              27.2417855
            ],
            [
              77.6719029,
              27.242338
            ],
            [
              77.675988,
              27.2420068
            ],
            [
              77.6811252,
              27.2410347
            ],
            [
              77.6843884,
              27.2408334
            ],
            [
              77.6853787,
              27.2424791
            ],
            [
              77.6884422,
              27.2454333
            ],
            [
              77.6902838,
              27.2464321
            ],
            [
              77.6919838,
              27.2465525
            ],
            [
              77.6924341,
              27.2469822
            ],
            [
              77.6938254,
              27.2476291
            ],
            [
              77.6941512,
              27.2486279
            ],
            [
              77.6955537,
              27.2502995
            ],
            [
              77.6965704,
              27.2512855
            ],
            [
              77.6983516,
              27.2528636
            ],
            [
              77.6987695,
              27.2529486
            ],
            [
              77.6998802,
              27.2543899
            ],
            [
              77.7025246,
              27.2534831
            ],
            [
              77.702219,
              27.2516665
            ],
            [
              77.7030123,
              27.2513832
            ],
            [
              77.7029556,
              27.2503278
            ],
            [
              77.7030381,
              27.2494742
            ],
            [
              77.7038623,
              27.248302
            ],
            [
              77.7062706,
              27.2474875
            ],
            [
              77.7078147,
              27.2473246
            ],
            [
              77.7090616,
              27.2473005
            ],
            [
              77.711335,
              27.2466233
            ],
            [
              77.7126759,
              27.2486112
            ],
            [
              77.7144871,
              27.2514186
            ],
            [
              77.7147052,
              27.2533232
            ],
            [
              77.718227,
              27.2519782
            ],
            [
              77.7189778,
              27.2524669
            ],
            [
              77.7220879,
              27.2511321
            ],
            [
              77.7242406,
              27.2502074
            ],
            [
              77.7285776,
              27.2477594
            ],
            [
              77.7314867,
              27.2473387
            ],
            [
              77.7332496,
              27.2463696
            ],
            [
              77.7347946,
              27.2449375
            ],
            [
              77.7349362,
              27.24413
            ],
            [
              77.7353762,
              27.2437397
            ],
            [
              77.738152,
              27.2427771
            ],
            [
              77.740539,
              27.2410347
            ],
            [
              77.7412686,
              27.2416934
            ],
            [
              77.7424019,
              27.2420476
            ],
            [
              77.7448268,
              27.2428359
            ],
            [
              77.7464535,
              27.244045
            ],
            [
              77.7502626,
              27.2459941
            ],
            [
              77.7531896,
              27.2465029
            ],
            [
              77.7574222,
              27.2479883
            ],
            [
              77.7623694,
              27.2468996
            ],
            [
              77.7661747,
              27.2457415
            ],
            [
              77.7707559,
              27.2424655
            ],
            [
              77.7730367,
              27.2405955
            ],
            [
              77.7726825,
              27.2398872
            ],
            [
              77.772253,
              27.2387312
            ],
            [
              77.7768471,
              27.2372703
            ],
            [
              77.7784482,
              27.236119
            ],
            [
              77.7794824,
              27.2358498
            ],
            [
              77.7826777,
              27.2344728
            ],
            [
              77.7834093,
              27.2364809
            ],
            [
              77.7845681,
              27.2366714
            ],
            [
              77.7857864,
              27.2385839
            ],
            [
              77.7868347,
              27.2392639
            ],
            [
              77.7887567,
              27.2397314
            ],
            [
              77.7923667,
              27.2439457
            ],
            [
              77.787482,
              27.2501406
            ],
            [
              77.7887897,
              27.2511495
            ],
            [
              77.7888605,
              27.2527786
            ],
            [
              77.7882788,
              27.2545654
            ],
            [
              77.7908278,
              27.2584009
            ],
            [
              77.7936629,
              27.257751
            ],
            [
              77.7965104,
              27.2592385
            ],
            [
              77.7998743,
              27.2596438
            ],
            [
              77.8023753,
              27.2618734
            ],
            [
              77.8030694,
              27.2622134
            ],
            [
              77.80404,
              27.2643994
            ],
            [
              77.8061577,
              27.2643525
            ],
            [
              77.8089902,
              27.2622105
            ],
            [
              77.8105776,
              27.2614909
            ],
            [
              77.8157396,
              27.2598463
            ],
            [
              77.8165841,
              27.2596351
            ],
            [
              77.8192228,
              27.2608469
            ],
            [
              77.818914,
              27.2627064
            ],
            [
              77.8150946,
              27.2668261
            ],
            [
              77.8154508,
              27.2682908
            ],
            [
              77.8164708,
              27.2686308
            ],
            [
              77.8158722,
              27.2715596
            ],
            [
              77.8179299,
              27.2728807
            ],
            [
              77.8178783,
              27.2748348
            ],
            [
              77.8223215,
              27.2773148
            ],
            [
              77.8238868,
              27.2795012
            ],
            [
              77.8260189,
              27.2804172
            ],
            [
              77.8293492,
              27.2802903
            ],
            [
              77.8305947,
              27.2822305
            ],
            [
              77.8348871,
              27.285163
            ],
            [
              77.8379007,
              27.2863705
            ],
            [
              77.8425653,
              27.289087
            ],
            [
              77.8474145,
              27.2931836
            ],
            [
              77.851763,
              27.296441
            ],
            [
              77.850945,
              27.296952
            ],
            [
              77.850126,
              27.297462
            ],
            [
              77.849513,
              27.29772
            ],
            [
              77.849019,
              27.297928
            ],
            [
              77.846919,
              27.2984
            ],
            [
              77.844273,
              27.298666
            ],
            [
              77.842903,
              27.298877
            ],
            [
              77.842609,
              27.298964
            ],
            [
              77.840651,
              27.300372
            ],
            [
              77.838741,
              27.300865
            ],
            [
              77.837001,
              27.301238
            ],
            [
              77.836427,
              27.301438
            ],
            [
              77.835313,
              27.301705
            ],
            [
              77.833152,
              27.302053
            ],
            [
              77.831575,
              27.302461
            ],
            [
              77.830736,
              27.302752
            ],
            [
              77.829592,
              27.30318
            ],
            [
              77.828687,
              27.30328
            ],
            [
              77.82811,
              27.303348
            ],
            [
              77.825676,
              27.30356
            ],
            [
              77.822283,
              27.303743
            ],
            [
              77.820589,
              27.303792
            ],
            [
              77.81969,
              27.303883
            ],
            [
              77.818885,
              27.303957
            ],
            [
              77.818454,
              27.30398
            ],
            [
              77.817627,
              27.304025
            ],
            [
              77.815954,
              27.304209
            ],
            [
              77.81468,
              27.304531
            ],
            [
              77.813268,
              27.304927
            ],
            [
              77.811919,
              27.305343
            ],
            [
              77.810496,
              27.30571
            ],
            [
              77.809423,
              27.306054
            ],
            [
              77.808095,
              27.306488
            ],
            [
              77.807011,
              27.306804
            ],
            [
              77.806192,
              27.307141
            ],
            [
              77.804755,
              27.307423
            ],
            [
              77.803032,
              27.307405
            ],
            [
              77.802019,
              27.307692
            ],
            [
              77.800604,
              27.3083
            ],
            [
              77.79968,
              27.308956
            ],
            [
              77.798733,
              27.309588
            ],
            [
              77.79804,
              27.310129
            ],
            [
              77.797468,
              27.310498
            ],
            [
              77.796602,
              27.311071
            ],
            [
              77.79599,
              27.311601
            ],
            [
              77.794203,
              27.31321
            ],
            [
              77.793537,
              27.313934
            ],
            [
              77.793086,
              27.314343
            ],
            [
              77.792516,
              27.314948
            ],
            [
              77.791762,
              27.31575
            ],
            [
              77.790719,
              27.316754
            ],
            [
              77.78985,
              27.317516
            ],
            [
              77.789063,
              27.318369
            ],
            [
              77.78871,
              27.318642
            ],
            [
              77.788291,
              27.319024
            ],
            [
              77.787209,
              27.320013
            ],
            [
              77.786145,
              27.320834
            ],
            [
              77.784648,
              27.322427
            ],
            [
              77.783816,
              27.323492
            ],
            [
              77.783197,
              27.324446
            ],
            [
              77.782867,
              27.325159
            ],
            [
              77.782704,
              27.326006
            ],
            [
              77.782343,
              27.32668
            ],
            [
              77.782366,
              27.327209
            ],
            [
              77.782462,
              27.327437
            ],
            [
              77.782791,
              27.327966
            ],
            [
              77.782775,
              27.328853
            ],
            [
              77.782488,
              27.330482
            ],
            [
              77.782072,
              27.331868
            ],
            [
              77.781848,
              27.332884
            ],
            [
              77.781654,
              27.333689
            ],
            [
              77.781614,
              27.334203
            ],
            [
              77.781547,
              27.334693
            ],
            [
              77.781482,
              27.335683
            ],
            [
              77.781419,
              27.336871
            ],
            [
              77.781571,
              27.337827
            ],
            [
              77.781884,
              27.339861
            ],
            [
              77.781804,
              27.341389
            ],
            [
              77.781859,
              27.342475
            ],
            [
              77.781717,
              27.343351
            ],
            [
              77.781646,
              27.343784
            ],
            [
              77.781459,
              27.345348
            ],
            [
              77.781588,
              27.347077
            ],
            [
              77.781688,
              27.349759
            ],
            [
              77.781793,
              27.351894
            ],
            [
              77.781714,
              27.352813
            ],
            [
              77.781754,
              27.35415
            ],
            [
              77.78175,
              27.354249
            ],
            [
              77.781747,
              27.354349
            ],
            [
              77.781764,
              27.35462
            ],
            [
              77.781598,
              27.356248
            ],
            [
              77.781744,
              27.356957
            ],
            [
              77.78189,
              27.357667
            ],
            [
              77.782201,
              27.359192
            ],
            [
              77.782364,
              27.360166
            ],
            [
              77.782646,
              27.361382
            ],
            [
              77.782863,
              27.362129
            ],
            [
              77.782872,
              27.362166
            ],
            [
              77.78305,
              27.362918
            ],
            [
              77.783435,
              27.36385
            ],
            [
              77.78407,
              27.364747
            ],
            [
              77.784709,
              27.365077
            ],
            [
              77.786157,
              27.365691
            ],
            [
              77.787803,
              27.366258
            ],
            [
              77.790464,
              27.367181
            ],
            [
              77.791638,
              27.367623
            ],
            [
              77.792492,
              27.367961
            ],
            [
              77.793597,
              27.36765
            ],
            [
              77.794517,
              27.367611
            ],
            [
              77.795037,
              27.367687
            ],
            [
              77.796378,
              27.368069
            ],
            [
              77.797563,
              27.368715
            ],
            [
              77.798708,
              27.369278
            ],
            [
              77.799881,
              27.369815
            ],
            [
              77.80164,
              27.370821
            ],
            [
              77.802527,
              27.371456
            ],
            [
              77.80338,
              27.371973
            ],
            [
              77.803386,
              27.371978
            ],
            [
              77.803995,
              27.372472
            ],
            [
              77.804704,
              27.373058
            ],
            [
              77.805147,
              27.373715
            ],
            [
              77.805934,
              27.374825
            ],
            [
              77.806366,
              27.375789
            ],
            [
              77.806607,
              27.37626
            ],
            [
              77.806788,
              27.376796
            ],
            [
              77.806968,
              27.377575
            ],
            [
              77.807197,
              27.379013
            ],
            [
              77.807376,
              27.380875
            ],
            [
              77.807443,
              27.381905
            ],
            [
              77.807467,
              27.382934
            ],
            [
              77.807281,
              27.383875
            ],
            [
              77.806286,
              27.385183
            ],
            [
              77.805153,
              27.386488
            ],
            [
              77.804417,
              27.387225
            ],
            [
              77.804399,
              27.387243
            ],
            [
              77.803734,
              27.387837
            ],
            [
              77.802697,
              27.388455
            ],
            [
              77.80176,
              27.38881
            ],
            [
              77.800633,
              27.389113
            ],
            [
              77.799634,
              27.38942
            ],
            [
              77.797998,
              27.38985
            ],
            [
              77.796841,
              27.390107
            ],
            [
              77.794955,
              27.390298
            ],
            [
              77.793324,
              27.390417
            ],
            [
              77.792607,
              27.390331
            ],
            [
              77.790825,
              27.390365
            ],
            [
              77.789823,
              27.390524
            ],
            [
              77.788861,
              27.390468
            ],
            [
              77.786959,
              27.390422
            ],
            [
              77.785597,
              27.390029
            ],
            [
              77.783638,
              27.389447
            ],
            [
              77.781995,
              27.38878
            ],
            [
              77.780758,
              27.38824
            ],
            [
              77.779929,
              27.387907
            ],
            [
              77.77886,
              27.387244
            ],
            [
              77.777933,
              27.386469
            ],
            [
              77.776588,
              27.385523
            ],
            [
              77.776098,
              27.384903
            ],
            [
              77.775674,
              27.384246
            ],
            [
              77.774247,
              27.381857
            ],
            [
              77.773748,
              27.381341
            ],
            [
              77.773523,
              27.380946
            ],
            [
              77.773407,
              27.380297
            ],
            [
              77.773712,
              27.379188
            ],
            [
              77.773626,
              27.37872
            ],
            [
              77.773421,
              27.378311
            ],
            [
              77.771461,
              27.376101
            ],
            [
              77.769873,
              27.374203
            ],
            [
              77.768525,
              27.372683
            ],
            [
              77.767432,
              27.371761
            ],
            [
              77.766387,
              27.371058
            ],
            [
              77.765343,
              27.370306
            ],
            [
              77.764017,
              27.369562
            ],
            [
              77.763444,
              27.369269
            ],
            [
              77.762168,
              27.368695
            ],
            [
              77.760766,
              27.367891
            ],
            [
              77.759595,
              27.367167
            ],
            [
              77.758469,
              27.366839
            ],
            [
              77.756964,
              27.366459
            ],
            [
              77.757165,
              27.365788
            ],
            [
              77.755864,
              27.365322
            ],
            [
              77.753738,
              27.364986
            ],
            [
              77.752581,
              27.364923
            ],
            [
              77.750841,
              27.365133
            ],
            [
              77.749116,
              27.365954
            ],
            [
              77.748283,
              27.366882
            ],
            [
              77.748223,
              27.367117
            ],
            [
              77.748952,
              27.367492
            ],
            [
              77.748831,
              27.367736
            ],
            [
              77.748632,
              27.368294
            ],
            [
              77.748278,
              27.369008
            ],
            [
              77.748059,
              27.369439
            ],
            [
              77.747866,
              27.370344
            ],
            [
              77.747745,
              27.370987
            ],
            [
              77.747604,
              27.371406
            ],
            [
              77.747435,
              27.371834
            ],
            [
              77.747276,
              27.372372
            ],
            [
              77.747133,
              27.37291
            ],
            [
              77.747143,
              27.373467
            ],
            [
              77.747254,
              27.374275
            ],
            [
              77.747721,
              27.375158
            ],
            [
              77.74821,
              27.376535
            ],
            [
              77.748489,
              27.378026
            ],
            [
              77.748814,
              27.379109
            ],
            [
              77.748906,
              27.379591
            ],
            [
              77.748979,
              27.379908
            ],
            [
              77.749162,
              27.380634
            ],
            [
              77.749778,
              27.381675
            ],
            [
              77.750038,
              27.382031
            ],
            [
              77.750638,
              27.382713
            ],
            [
              77.751802,
              27.384215
            ],
            [
              77.752723,
              27.385927
            ],
            [
              77.753431,
              27.387136
            ],
            [
              77.753785,
              27.38774
            ],
            [
              77.754139,
              27.388345
            ],
            [
              77.754806,
              27.389477
            ],
            [
              77.755054,
              27.38984
            ],
            [
              77.756015,
              27.391409
            ],
            [
              77.756531,
              27.392598
            ],
            [
              77.75662,
              27.393902
            ],
            [
              77.756645,
              27.394884
            ],
            [
              77.756569,
              27.396107
            ],
            [
              77.756447,
              27.396767
            ],
            [
              77.756325,
              27.397427
            ],
            [
              77.755769,
              27.399602
            ],
            [
              77.755653,
              27.400693
            ],
            [
              77.755322,
              27.401481
            ],
            [
              77.754654,
              27.402142
            ],
            [
              77.754237,
              27.40283
            ],
            [
              77.75388,
              27.403452
            ],
            [
              77.753267,
              27.40401
            ],
            [
              77.752274,
              27.404543
            ],
            [
              77.751854,
              27.404943
            ],
            [
              77.751421,
              27.405513
            ],
            [
              77.750738,
              27.406484
            ],
            [
              77.750036,
              27.407296
            ],
            [
              77.749334,
              27.408107
            ],
            [
              77.748741,
              27.408493
            ],
            [
              77.748685,
              27.40855
            ],
            [
              77.748342,
              27.408996
            ],
            [
              77.747847,
              27.409698
            ],
            [
              77.7471,
              27.410563
            ],
            [
              77.746163,
              27.412071
            ],
            [
              77.74549,
              27.413118
            ],
            [
              77.745154,
              27.413627
            ],
            [
              77.745006,
              27.414522
            ],
            [
              77.744882,
              27.415381
            ],
            [
              77.744696,
              27.416171
            ],
            [
              77.744364,
              27.417757
            ],
            [
              77.744131,
              27.418611
            ],
            [
              77.744126,
              27.418609
            ],
            [
              77.743023,
              27.418283
            ],
            [
              77.741637,
              27.417918
            ],
            [
              77.740637,
              27.417604
            ],
            [
              77.738905,
              27.417119
            ],
            [
              77.737947,
              27.418061
            ],
            [
              77.736768,
              27.419102
            ],
            [
              77.73575,
              27.41979
            ],
            [
              77.734827,
              27.420156
            ],
            [
              77.733132,
              27.420523
            ],
            [
              77.732226,
              27.420683
            ],
            [
              77.730531,
              27.420992
            ],
            [
              77.729552,
              27.420943
            ],
            [
              77.728339,
              27.420983
            ],
            [
              77.727025,
              27.42093
            ],
            [
              77.726316,
              27.420908
            ],
            [
              77.724942,
              27.420601
            ],
            [
              77.72411,
              27.420278
            ],
            [
              77.723242,
              27.419782
            ],
            [
              77.721895,
              27.419418
            ],
            [
              77.72189,
              27.419385
            ],
            [
              77.721639,
              27.418609
            ],
            [
              77.721796,
              27.417736
            ],
            [
              77.722019,
              27.416831
            ],
            [
              77.721497,
              27.416455
            ],
            [
              77.722055,
              27.416256
            ],
            [
              77.722033,
              27.416071
            ],
            [
              77.72179,
              27.415964
            ],
            [
              77.722144,
              27.415636
            ],
            [
              77.722487,
              27.415928
            ],
            [
              77.722609,
              27.415596
            ],
            [
              77.722279,
              27.415281
            ],
            [
              77.722451,
              27.415019
            ],
            [
              77.721516,
              27.414672
            ],
            [
              77.721229,
              27.414875
            ],
            [
              77.719395,
              27.41647
            ],
            [
              77.71832,
              27.417422
            ],
            [
              77.716675,
              27.419285
            ],
            [
              77.716313,
              27.420028
            ],
            [
              77.714866,
              27.421595
            ],
            [
              77.714095,
              27.422182
            ],
            [
              77.712366,
              27.423664
            ],
            [
              77.7116,
              27.424654
            ],
            [
              77.711119,
              27.424854
            ],
            [
              77.710699,
              27.42456
            ],
            [
              77.710686,
              27.424549
            ],
            [
              77.710322,
              27.424003
            ],
            [
              77.710066,
              27.423205
            ],
            [
              77.709635,
              27.422807
            ],
            [
              77.709198,
              27.422732
            ],
            [
              77.709185,
              27.422732
            ],
            [
              77.708717,
              27.422909
            ],
            [
              77.707912,
              27.423231
            ],
            [
              77.707442,
              27.423547
            ],
            [
              77.70739,
              27.42358
            ],
            [
              77.706777,
              27.423963
            ],
            [
              77.706998,
              27.424564
            ],
            [
              77.708074,
              27.426398
            ],
            [
              77.708635,
              27.427453
            ],
            [
              77.709161,
              27.428301
            ],
            [
              77.709761,
              27.428632
            ],
            [
              77.710602,
              27.428471
            ],
            [
              77.71173,
              27.428119
            ],
            [
              77.713164,
              27.427821
            ],
            [
              77.713334,
              27.428338
            ],
            [
              77.713726,
              27.429039
            ],
            [
              77.71396,
              27.4303
            ],
            [
              77.713945,
              27.431092
            ],
            [
              77.714004,
              27.431301
            ],
            [
              77.714228,
              27.431818
            ],
            [
              77.714347,
              27.432086
            ],
            [
              77.714833,
              27.433182
            ],
            [
              77.716085,
              27.43582
            ],
            [
              77.716429,
              27.436617
            ],
            [
              77.716959,
              27.437389
            ],
            [
              77.717865,
              27.438534
            ],
            [
              77.718591,
              27.439698
            ],
            [
              77.718938,
              27.440301
            ],
            [
              77.719156,
              27.44159
            ],
            [
              77.719149,
              27.441979
            ],
            [
              77.71905,
              27.442269
            ],
            [
              77.718812,
              27.44253
            ],
            [
              77.718117,
              27.443089
            ],
            [
              77.717411,
              27.443399
            ],
            [
              77.71613,
              27.444068
            ],
            [
              77.715545,
              27.444546
            ],
            [
              77.715005,
              27.445122
            ],
            [
              77.714685,
              27.445631
            ],
            [
              77.714179,
              27.446493
            ],
            [
              77.71399,
              27.447463
            ],
            [
              77.714011,
              27.448033
            ],
            [
              77.714218,
              27.449029
            ],
            [
              77.714272,
              27.449381
            ],
            [
              77.714455,
              27.450589
            ],
            [
              77.714718,
              27.451524
            ],
            [
              77.714669,
              27.45186
            ],
            [
              77.71462,
              27.452197
            ],
            [
              77.714379,
              27.454729
            ],
            [
              77.714139,
              27.457262
            ],
            [
              77.714041,
              27.458331
            ],
            [
              77.713999,
              27.458941
            ],
            [
              77.714177,
              27.459417
            ],
            [
              77.714748,
              27.460168
            ],
            [
              77.715464,
              27.461026
            ],
            [
              77.717021,
              27.463154
            ],
            [
              77.717307,
              27.463686
            ],
            [
              77.717769,
              27.464819
            ],
            [
              77.718175,
              27.466026
            ],
            [
              77.718226,
              27.466652
            ],
            [
              77.718261,
              27.467306
            ],
            [
              77.718227,
              27.468334
            ],
            [
              77.7183,
              27.468995
            ],
            [
              77.718411,
              27.469733
            ],
            [
              77.718719,
              27.47078
            ],
            [
              77.718986,
              27.471534
            ],
            [
              77.718907,
              27.472012
            ],
            [
              77.718616,
              27.472592
            ],
            [
              77.718155,
              27.473155
            ],
            [
              77.717597,
              27.473842
            ],
            [
              77.716718,
              27.474697
            ],
            [
              77.716459,
              27.475208
            ],
            [
              77.716325,
              27.475748
            ],
            [
              77.716269,
              27.476275
            ],
            [
              77.716288,
              27.476901
            ],
            [
              77.716532,
              27.47762
            ],
            [
              77.716991,
              27.478071
            ],
            [
              77.717618,
              27.478706
            ],
            [
              77.717997,
              27.479267
            ],
            [
              77.718097,
              27.48022
            ],
            [
              77.717995,
              27.480691
            ],
            [
              77.717798,
              27.481203
            ],
            [
              77.717398,
              27.481794
            ],
            [
              77.716966,
              27.482455
            ],
            [
              77.716884,
              27.4831
            ],
            [
              77.716879,
              27.484239
            ],
            [
              77.716901,
              27.484754
            ],
            [
              77.71677,
              27.485113
            ],
            [
              77.716489,
              27.485547
            ],
            [
              77.716053,
              27.486416
            ],
            [
              77.715786,
              27.487413
            ],
            [
              77.715542,
              27.487993
            ],
            [
              77.715273,
              27.488212
            ],
            [
              77.714958,
              27.488401
            ],
            [
              77.714456,
              27.488603
            ],
            [
              77.713698,
              27.488765
            ],
            [
              77.712778,
              27.488835
            ],
            [
              77.712354,
              27.489024
            ],
            [
              77.711379,
              27.489579
            ],
            [
              77.711033,
              27.489727
            ],
            [
              77.710097,
              27.489839
            ],
            [
              77.709147,
              27.489839
            ],
            [
              77.708831,
              27.490098
            ],
            [
              77.708545,
              27.4904
            ],
            [
              77.708325,
              27.490932
            ],
            [
              77.708376,
              27.491544
            ],
            [
              77.708651,
              27.492687
            ],
            [
              77.708672,
              27.493243
            ],
            [
              77.708589,
              27.49352
            ],
            [
              77.708186,
              27.493855
            ],
            [
              77.707511,
              27.494151
            ],
            [
              77.706759,
              27.494432
            ],
            [
              77.706225,
              27.494632
            ],
            [
              77.705693,
              27.494791
            ],
            [
              77.704986,
              27.495156
            ],
            [
              77.704422,
              27.495343
            ],
            [
              77.703716,
              27.495596
            ],
            [
              77.7036,
              27.495588
            ],
            [
              77.702289,
              27.495708
            ],
            [
              77.701509,
              27.495766
            ],
            [
              77.700995,
              27.495828
            ],
            [
              77.700352,
              27.496041
            ],
            [
              77.699569,
              27.496293
            ],
            [
              77.698697,
              27.496718
            ],
            [
              77.697972,
              27.497187
            ],
            [
              77.697617,
              27.497446
            ],
            [
              77.697188,
              27.497912
            ],
            [
              77.696739,
              27.498416
            ],
            [
              77.696369,
              27.499043
            ],
            [
              77.696083,
              27.499338
            ],
            [
              77.695932,
              27.499495
            ],
            [
              77.695657,
              27.499651
            ],
            [
              77.694435,
              27.500236
            ],
            [
              77.694316,
              27.500311
            ],
            [
              77.693687,
              27.500779
            ],
            [
              77.692963,
              27.501119
            ],
            [
              77.691797,
              27.50188
            ],
            [
              77.691373,
              27.502213
            ],
            [
              77.691173,
              27.502402
            ],
            [
              77.690913,
              27.50253
            ],
            [
              77.690058,
              27.503087
            ],
            [
              77.689275,
              27.503629
            ],
            [
              77.688812,
              27.503743
            ],
            [
              77.687764,
              27.50444
            ],
            [
              77.687474,
              27.504709
            ],
            [
              77.687183,
              27.504979
            ],
            [
              77.686177,
              27.505786
            ],
            [
              77.685641,
              27.506205
            ],
            [
              77.684731,
              27.50691
            ],
            [
              77.684212,
              27.50722
            ],
            [
              77.683663,
              27.507683
            ],
            [
              77.68313,
              27.508283
            ],
            [
              77.682889,
              27.508866
            ],
            [
              77.682819,
              27.509342
            ],
            [
              77.682905,
              27.509666
            ],
            [
              77.683279,
              27.510554
            ],
            [
              77.683458,
              27.511164
            ],
            [
              77.683867,
              27.511954
            ],
            [
              77.684047,
              27.512372
            ],
            [
              77.684411,
              27.51327
            ],
            [
              77.684768,
              27.514223
            ],
            [
              77.685381,
              27.515141
            ],
            [
              77.685712,
              27.515831
            ],
            [
              77.685823,
              27.516621
            ],
            [
              77.685875,
              27.517148
            ],
            [
              77.685967,
              27.518304
            ],
            [
              77.685902,
              27.518834
            ],
            [
              77.686146,
              27.519588
            ],
            [
              77.686715,
              27.521245
            ],
            [
              77.686888,
              27.521861
            ],
            [
              77.687035,
              27.522668
            ],
            [
              77.687223,
              27.523471
            ],
            [
              77.687534,
              27.52412
            ],
            [
              77.687965,
              27.524723
            ],
            [
              77.688742,
              27.525562
            ],
            [
              77.689379,
              27.525971
            ],
            [
              77.689673,
              27.526331
            ],
            [
              77.690422,
              27.527169
            ],
            [
              77.690772,
              27.527513
            ],
            [
              77.691017,
              27.527999
            ],
            [
              77.691261,
              27.528484
            ],
            [
              77.691934,
              27.529283
            ],
            [
              77.692575,
              27.52996
            ],
            [
              77.693058,
              27.530422
            ],
            [
              77.694194,
              27.531621
            ],
            [
              77.694711,
              27.532209
            ],
            [
              77.695316,
              27.532875
            ],
            [
              77.695895,
              27.533459
            ],
            [
              77.696219,
              27.533858
            ],
            [
              77.696555,
              27.53446
            ],
            [
              77.696725,
              27.535267
            ],
            [
              77.696838,
              27.535548
            ],
            [
              77.696951,
              27.535829
            ],
            [
              77.697,
              27.536487
            ],
            [
              77.69709,
              27.536943
            ],
            [
              77.69728,
              27.537471
            ],
            [
              77.697529,
              27.537957
            ],
            [
              77.697717,
              27.538403
            ],
            [
              77.69826,
              27.53909
            ],
            [
              77.698763,
              27.539837
            ],
            [
              77.699233,
              27.54049
            ],
            [
              77.699398,
              27.540832
            ],
            [
              77.699831,
              27.541336
            ],
            [
              77.700276,
              27.542044
            ],
            [
              77.700635,
              27.54258
            ],
            [
              77.7011,
              27.543474
            ],
            [
              77.701367,
              27.543987
            ],
            [
              77.701806,
              27.545023
            ],
            [
              77.701956,
              27.545359
            ],
            [
              77.702006,
              27.54547
            ],
            [
              77.702468,
              27.546561
            ],
            [
              77.702668,
              27.547068
            ],
            [
              77.702771,
              27.547502
            ],
            [
              77.702714,
              27.548059
            ],
            [
              77.702538,
              27.548298
            ],
            [
              77.702014,
              27.548734
            ],
            [
              77.701196,
              27.549313
            ],
            [
              77.700722,
              27.549712
            ],
            [
              77.700408,
              27.550085
            ],
            [
              77.699999,
              27.550796
            ],
            [
              77.699702,
              27.551219
            ],
            [
              77.69929,
              27.551936
            ],
            [
              77.698991,
              27.552359
            ],
            [
              77.698638,
              27.552836
            ],
            [
              77.698517,
              27.553381
            ],
            [
              77.698418,
              27.553898
            ],
            [
              77.698416,
              27.553911
            ],
            [
              77.698471,
              27.554224
            ],
            [
              77.698699,
              27.554545
            ],
            [
              77.699204,
              27.555115
            ],
            [
              77.699615,
              27.555477
            ],
            [
              77.700368,
              27.55597
            ],
            [
              77.701268,
              27.556574
            ],
            [
              77.701817,
              27.557108
            ],
            [
              77.702854,
              27.558016
            ],
            [
              77.703457,
              27.55861
            ],
            [
              77.704218,
              27.559487
            ],
            [
              77.704819,
              27.56018
            ],
            [
              77.705469,
              27.561104
            ],
            [
              77.705962,
              27.561697
            ],
            [
              77.706387,
              27.562289
            ],
            [
              77.706793,
              27.56288
            ],
            [
              77.707424,
              27.563517
            ],
            [
              77.709046,
              27.564206
            ],
            [
              77.710194,
              27.564555
            ],
            [
              77.710969,
              27.564915
            ],
            [
              77.711193,
              27.56533
            ],
            [
              77.711927,
              27.566006
            ],
            [
              77.712655,
              27.566498
            ],
            [
              77.71291,
              27.56667
            ],
            [
              77.714017,
              27.56686
            ],
            [
              77.715225,
              27.566846
            ],
            [
              77.716887,
              27.567266
            ],
            [
              77.719257,
              27.567902
            ],
            [
              77.720348,
              27.568472
            ],
            [
              77.72087,
              27.569573
            ],
            [
              77.720885,
              27.570714
            ],
            [
              77.720735,
              27.572121
            ],
            [
              77.720515,
              27.57394
            ],
            [
              77.720573,
              27.575667
            ],
            [
              77.720204,
              27.577373
            ],
            [
              77.720387,
              27.578547
            ],
            [
              77.721222,
              27.579526
            ],
            [
              77.721952,
              27.580439
            ],
            [
              77.722238,
              27.581314
            ],
            [
              77.721812,
              27.58275
            ],
            [
              77.721279,
              27.583724
            ],
            [
              77.720652,
              27.584982
            ],
            [
              77.719355,
              27.585993
            ],
            [
              77.717046,
              27.586388
            ],
            [
              77.714974,
              27.586009
            ],
            [
              77.713107,
              27.586127
            ],
            [
              77.712323,
              27.586177
            ],
            [
              77.709663,
              27.587374
            ],
            [
              77.708699,
              27.587863
            ],
            [
              77.708084,
              27.588175
            ],
            [
              77.706359,
              27.589227
            ],
            [
              77.704763,
              27.590043
            ],
            [
              77.704219,
              27.59016
            ],
            [
              77.702078,
              27.590622
            ],
            [
              77.699197,
              27.590738
            ],
            [
              77.697152,
              27.590804
            ],
            [
              77.696007,
              27.590177
            ],
            [
              77.695577,
              27.589941
            ],
            [
              77.69435,
              27.589052
            ],
            [
              77.693059,
              27.587703
            ],
            [
              77.691566,
              27.586271
            ],
            [
              77.690765,
              27.585404
            ],
            [
              77.690126,
              27.584413
            ],
            [
              77.690018,
              27.583623
            ],
            [
              77.688457,
              27.582909
            ],
            [
              77.687813,
              27.582475
            ],
            [
              77.686959,
              27.582352
            ],
            [
              77.686603,
              27.581592
            ],
            [
              77.686012,
              27.58086
            ],
            [
              77.685028,
              27.580201
            ],
            [
              77.682942,
              27.57929
            ],
            [
              77.681273,
              27.578888
            ],
            [
              77.679932,
              27.57868
            ],
            [
              77.678576,
              27.578566
            ],
            [
              77.677299,
              27.578468
            ],
            [
              77.677005,
              27.578519
            ],
            [
              77.676711,
              27.57857
            ],
            [
              77.676031,
              27.579094
            ],
            [
              77.675373,
              27.579879
            ],
            [
              77.674549,
              27.580794
            ],
            [
              77.673956,
              27.581847
            ],
            [
              77.673923,
              27.581865
            ],
            [
              77.673644,
              27.582023
            ],
            [
              77.673118,
              27.582353
            ],
            [
              77.672604,
              27.582487
            ],
            [
              77.672145,
              27.582748
            ],
            [
              77.671587,
              27.583337
            ],
            [
              77.67109,
              27.583966
            ],
            [
              77.670616,
              27.585029
            ],
            [
              77.670519,
              27.586018
            ],
            [
              77.670392,
              27.586928
            ],
            [
              77.670285,
              27.587901
            ],
            [
              77.669859,
              27.58876
            ],
            [
              77.669896,
              27.589649
            ],
            [
              77.670135,
              27.590797
            ],
            [
              77.670167,
              27.59095
            ],
            [
              77.670182,
              27.592027
            ],
            [
              77.670343,
              27.593602
            ],
            [
              77.670362,
              27.594451
            ],
            [
              77.670645,
              27.596098
            ],
            [
              77.670957,
              27.596858
            ],
            [
              77.671218,
              27.598245
            ],
            [
              77.671293,
              27.598969
            ],
            [
              77.671521,
              27.600679
            ],
            [
              77.671663,
              27.601601
            ],
            [
              77.672025,
              27.603217
            ],
            [
              77.672428,
              27.604324
            ],
            [
              77.672916,
              27.605385
            ],
            [
              77.67376,
              27.606474
            ],
            [
              77.674983,
              27.607828
            ],
            [
              77.676109,
              27.608969
            ],
            [
              77.676582,
              27.609841
            ],
            [
              77.677182,
              27.610809
            ],
            [
              77.678476,
              27.612392
            ],
            [
              77.6787,
              27.612395
            ],
            [
              77.679642,
              27.612527
            ],
            [
              77.681242,
              27.612834
            ],
            [
              77.682551,
              27.61334
            ],
            [
              77.684042,
              27.613826
            ],
            [
              77.685832,
              27.614347
            ],
            [
              77.685689,
              27.615131
            ],
            [
              77.685843,
              27.616376
            ],
            [
              77.686012,
              27.616795
            ],
            [
              77.686857,
              27.616886
            ],
            [
              77.688626,
              27.617352
            ],
            [
              77.68952,
              27.617648
            ],
            [
              77.690678,
              27.617979
            ],
            [
              77.69213,
              27.618456
            ],
            [
              77.693783,
              27.618716
            ],
            [
              77.695238,
              27.619005
            ],
            [
              77.696292,
              27.619264
            ],
            [
              77.69736,
              27.619696
            ],
            [
              77.698703,
              27.620321
            ],
            [
              77.700439,
              27.620904
            ],
            [
              77.70158,
              27.621235
            ],
            [
              77.702674,
              27.62144
            ],
            [
              77.704422,
              27.62185
            ],
            [
              77.705893,
              27.622485
            ],
            [
              77.706031,
              27.622896
            ],
            [
              77.706419,
              27.624332
            ],
            [
              77.7067,
              27.625146
            ],
            [
              77.707089,
              27.626487
            ],
            [
              77.707197,
              27.627646
            ],
            [
              77.707365,
              27.628601
            ],
            [
              77.70732,
              27.629297
            ],
            [
              77.707126,
              27.630635
            ],
            [
              77.707061,
              27.631589
            ],
            [
              77.70706,
              27.631604
            ],
            [
              77.706983,
              27.632714
            ],
            [
              77.70697,
              27.633404
            ],
            [
              77.706804,
              27.634993
            ],
            [
              77.706768,
              27.635661
            ],
            [
              77.706642,
              27.637266
            ],
            [
              77.706417,
              27.638096
            ],
            [
              77.706112,
              27.639296
            ],
            [
              77.705728,
              27.640024
            ],
            [
              77.704922,
              27.641288
            ],
            [
              77.704492,
              27.641856
            ],
            [
              77.703181,
              27.642977
            ],
            [
              77.702347,
              27.643611
            ],
            [
              77.701092,
              27.644739
            ],
            [
              77.700329,
              27.64544
            ],
            [
              77.69963,
              27.645717
            ],
            [
              77.698248,
              27.646276
            ],
            [
              77.697306,
              27.646607
            ],
            [
              77.696522,
              27.646703
            ],
            [
              77.695639,
              27.646417
            ],
            [
              77.695219,
              27.646048
            ],
            [
              77.694999,
              27.6457
            ],
            [
              77.69478,
              27.645352
            ],
            [
              77.694373,
              27.644656
            ],
            [
              77.693311,
              27.644069
            ],
            [
              77.692436,
              27.643388
            ],
            [
              77.691438,
              27.642784
            ],
            [
              77.689778,
              27.64221
            ],
            [
              77.689755,
              27.642202
            ],
            [
              77.688344,
              27.642167
            ],
            [
              77.686955,
              27.642668
            ],
            [
              77.686307,
              27.643233
            ],
            [
              77.685609,
              27.644779
            ],
            [
              77.685071,
              27.646391
            ],
            [
              77.68486,
              27.647796
            ],
            [
              77.684387,
              27.649348
            ],
            [
              77.684235,
              27.649705
            ],
            [
              77.684195,
              27.649747
            ],
            [
              77.683684,
              27.650279
            ],
            [
              77.682725,
              27.650714
            ],
            [
              77.681738,
              27.650815
            ],
            [
              77.680208,
              27.650699
            ],
            [
              77.678891,
              27.650788
            ],
            [
              77.678068,
              27.651192
            ],
            [
              77.677438,
              27.650997
            ],
            [
              77.676493,
              27.650638
            ],
            [
              77.67521,
              27.650195
            ],
            [
              77.674297,
              27.649844
            ],
            [
              77.672689,
              27.64917
            ],
            [
              77.67159,
              27.648795
            ],
            [
              77.672278,
              27.647806
            ],
            [
              77.671333,
              27.647041
            ],
            [
              77.67007,
              27.645988
            ],
            [
              77.6693083,
              27.6454734
            ],
            [
              77.668713,
              27.645068
            ],
            [
              77.668309,
              27.644794
            ],
            [
              77.667759,
              27.644455
            ],
            [
              77.666672,
              27.643907
            ],
            [
              77.666961,
              27.643527
            ],
            [
              77.666047,
              27.643262
            ],
            [
              77.666084,
              27.643004
            ],
            [
              77.665159,
              27.642847
            ],
            [
              77.66531,
              27.642525
            ],
            [
              77.664565,
              27.641846
            ],
            [
              77.663904,
              27.641409
            ],
            [
              77.663208,
              27.641104
            ],
            [
              77.662741,
              27.641032
            ],
            [
              77.661639,
              27.641282
            ],
            [
              77.66049,
              27.641506
            ],
            [
              77.66015,
              27.641507
            ],
            [
              77.658586,
              27.641513
            ],
            [
              77.656184,
              27.641431
            ],
            [
              77.654974,
              27.641442
            ],
            [
              77.652483,
              27.641373
            ],
            [
              77.651577,
              27.641086
            ],
            [
              77.650187,
              27.640774
            ],
            [
              77.649007,
              27.640469
            ],
            [
              77.64804,
              27.640462
            ],
            [
              77.646778,
              27.640655
            ],
            [
              77.645288,
              27.640978
            ],
            [
              77.644495,
              27.641187
            ],
            [
              77.64442,
              27.641206
            ],
            [
              77.643634,
              27.641396
            ],
            [
              77.643576,
              27.641926
            ],
            [
              77.643581,
              27.64253
            ],
            [
              77.642817,
              27.642835
            ],
            [
              77.642611,
              27.641765
            ],
            [
              77.642058,
              27.640283
            ],
            [
              77.641567,
              27.640258
            ],
            [
              77.639769,
              27.640648
            ],
            [
              77.639411,
              27.640801
            ],
            [
              77.63879,
              27.64082
            ],
            [
              77.63847,
              27.640251
            ],
            [
              77.63815,
              27.639686
            ],
            [
              77.637691,
              27.639198
            ],
            [
              77.637173,
              27.638428
            ],
            [
              77.636583,
              27.637625
            ],
            [
              77.636153,
              27.636936
            ],
            [
              77.636294,
              27.636694
            ],
            [
              77.636572,
              27.636493
            ],
            [
              77.636441,
              27.635751
            ],
            [
              77.636346,
              27.63483
            ],
            [
              77.63607,
              27.634024
            ],
            [
              77.635668,
              27.633127
            ],
            [
              77.635156,
              27.632915
            ],
            [
              77.634844,
              27.632364
            ],
            [
              77.634441,
              27.631891
            ],
            [
              77.63428,
              27.631443
            ],
            [
              77.634023,
              27.630537
            ],
            [
              77.633792,
              27.629952
            ],
            [
              77.633773,
              27.62982
            ],
            [
              77.633721,
              27.629469
            ],
            [
              77.633857,
              27.629051
            ],
            [
              77.633825,
              27.628633
            ],
            [
              77.633668,
              27.628423
            ],
            [
              77.633336,
              27.628044
            ],
            [
              77.632742,
              27.627489
            ],
            [
              77.632329,
              27.62671
            ],
            [
              77.632076,
              27.626031
            ],
            [
              77.632068,
              27.625556
            ],
            [
              77.632187,
              27.625138
            ],
            [
              77.632188,
              27.625008
            ],
            [
              77.632193,
              27.624855
            ],
            [
              77.631854,
              27.624111
            ],
            [
              77.632051,
              27.623941
            ],
            [
              77.631641,
              27.623235
            ],
            [
              77.631218,
              27.622277
            ],
            [
              77.631958,
              27.621188
            ],
            [
              77.631719,
              27.620736
            ],
            [
              77.632125,
              27.620239
            ],
            [
              77.63194,
              27.619537
            ],
            [
              77.631846,
              27.618946
            ],
            [
              77.631296,
              27.618136
            ],
            [
              77.630642,
              27.617042
            ],
            [
              77.630416,
              27.616865
            ],
            [
              77.629498,
              27.616922
            ],
            [
              77.62927,
              27.616345
            ],
            [
              77.62826,
              27.616605
            ],
            [
              77.625972,
              27.617262
            ],
            [
              77.625351,
              27.617395
            ],
            [
              77.625243,
              27.617086
            ],
            [
              77.625134,
              27.616778
            ],
            [
              77.62508,
              27.615897
            ],
            [
              77.625345,
              27.615854
            ],
            [
              77.625419,
              27.615203
            ],
            [
              77.625258,
              27.614156
            ],
            [
              77.625354,
              27.613749
            ],
            [
              77.625328,
              27.613246
            ],
            [
              77.624721,
              27.612042
            ],
            [
              77.624473,
              27.611118
            ],
            [
              77.623894,
              27.609797
            ],
            [
              77.623703,
              27.609498
            ],
            [
              77.62346,
              27.608501
            ],
            [
              77.623014,
              27.607784
            ],
            [
              77.622534,
              27.606909
            ],
            [
              77.621852,
              27.605788
            ],
            [
              77.621171,
              27.604634
            ],
            [
              77.62026,
              27.603259
            ],
            [
              77.619811,
              27.602701
            ],
            [
              77.618104,
              27.603252
            ],
            [
              77.616273,
              27.603934
            ],
            [
              77.614719,
              27.60432
            ],
            [
              77.614059,
              27.604493
            ],
            [
              77.612557,
              27.604654
            ],
            [
              77.611563,
              27.604664
            ],
            [
              77.610305,
              27.604762
            ],
            [
              77.609423,
              27.604799
            ],
            [
              77.608671,
              27.604946
            ],
            [
              77.608137,
              27.604896
            ],
            [
              77.607451,
              27.605036
            ],
            [
              77.606239,
              27.605168
            ],
            [
              77.605205,
              27.60532
            ],
            [
              77.604556,
              27.60546
            ],
            [
              77.603474,
              27.605627
            ],
            [
              77.602882,
              27.605752
            ],
            [
              77.601887,
              27.605787
            ],
            [
              77.600957,
              27.60589
            ],
            [
              77.599823,
              27.605906
            ],
            [
              77.598996,
              27.606019
            ],
            [
              77.59812,
              27.606223
            ],
            [
              77.597996,
              27.605402
            ],
            [
              77.597606,
              27.605163
            ],
            [
              77.596689,
              27.604623
            ],
            [
              77.595737,
              27.60389
            ],
            [
              77.595191,
              27.603565
            ],
            [
              77.594607,
              27.603197
            ],
            [
              77.593912,
              27.602794
            ],
            [
              77.593386,
              27.602343
            ],
            [
              77.594512,
              27.600815
            ],
            [
              77.59496,
              27.599971
            ],
            [
              77.595345,
              27.599425
            ],
            [
              77.594742,
              27.599116
            ],
            [
              77.595133,
              27.598737
            ],
            [
              77.594865,
              27.59855
            ],
            [
              77.594943,
              27.598375
            ],
            [
              77.594297,
              27.59789
            ],
            [
              77.593864,
              27.597499
            ],
            [
              77.594043,
              27.597418
            ],
            [
              77.594029,
              27.597167
            ],
            [
              77.594274,
              27.597138
            ],
            [
              77.594102,
              27.596776
            ],
            [
              77.593808,
              27.596513
            ],
            [
              77.593868,
              27.59628
            ],
            [
              77.594088,
              27.596049
            ],
            [
              77.593849,
              27.595837
            ],
            [
              77.594232,
              27.595375
            ],
            [
              77.593876,
              27.594894
            ],
            [
              77.593611,
              27.594047
            ],
            [
              77.593469,
              27.593644
            ],
            [
              77.593477,
              27.592709
            ],
            [
              77.593412,
              27.592207
            ],
            [
              77.593309,
              27.591712
            ],
            [
              77.59253,
              27.590799
            ],
            [
              77.591922,
              27.589779
            ],
            [
              77.591444,
              27.58877
            ],
            [
              77.591106,
              27.588322
            ],
            [
              77.590657,
              27.587772
            ],
            [
              77.590017,
              27.586944
            ],
            [
              77.589283,
              27.586123
            ],
            [
              77.588744,
              27.585422
            ],
            [
              77.588636,
              27.585186
            ],
            [
              77.588754,
              27.584904
            ],
            [
              77.588573,
              27.584543
            ],
            [
              77.588404,
              27.584089
            ],
            [
              77.588898,
              27.583729
            ],
            [
              77.589328,
              27.58331
            ],
            [
              77.589101,
              27.582939
            ],
            [
              77.588606,
              27.582347
            ],
            [
              77.588266,
              27.582008
            ],
            [
              77.588194,
              27.581865
            ],
            [
              77.587389,
              27.581811
            ],
            [
              77.587245,
              27.582
            ],
            [
              77.586806,
              27.581919
            ],
            [
              77.58645,
              27.581905
            ],
            [
              77.586305,
              27.58212
            ],
            [
              77.585929,
              27.582164
            ],
            [
              77.585565,
              27.582117
            ],
            [
              77.585571,
              27.581825
            ],
            [
              77.585291,
              27.58172
            ],
            [
              77.584994,
              27.581582
            ],
            [
              77.584738,
              27.581728
            ],
            [
              77.584441,
              27.581615
            ],
            [
              77.584056,
              27.581651
            ],
            [
              77.584273,
              27.582039
            ],
            [
              77.583637,
              27.58248
            ],
            [
              77.582753,
              27.581665
            ],
            [
              77.582349,
              27.581208
            ],
            [
              77.581929,
              27.580658
            ],
            [
              77.581456,
              27.579933
            ],
            [
              77.581303,
              27.579572
            ],
            [
              77.580868,
              27.578788
            ],
            [
              77.580626,
              27.578225
            ],
            [
              77.580067,
              27.578567
            ],
            [
              77.579316,
              27.57909
            ],
            [
              77.578191,
              27.579616
            ],
            [
              77.577063,
              27.580283
            ],
            [
              77.575804,
              27.580957
            ],
            [
              77.574656,
              27.581674
            ],
            [
              77.573417,
              27.582282
            ],
            [
              77.5727,
              27.582521
            ],
            [
              77.571038,
              27.583155
            ],
            [
              77.569725,
              27.583678
            ],
            [
              77.569328,
              27.58388
            ],
            [
              77.568509,
              27.584077
            ],
            [
              77.567989,
              27.584277
            ],
            [
              77.566594,
              27.584724
            ],
            [
              77.565736,
              27.584994
            ],
            [
              77.565677,
              27.585015
            ],
            [
              77.564764,
              27.585338
            ],
            [
              77.562097,
              27.58852
            ],
            [
              77.561018,
              27.58999
            ],
            [
              77.560001,
              27.59121
            ],
            [
              77.558927,
              27.592471
            ],
            [
              77.558128,
              27.593561
            ],
            [
              77.55734,
              27.594568
            ],
            [
              77.556543,
              27.595532
            ],
            [
              77.555977,
              27.596225
            ],
            [
              77.55514,
              27.597331
            ],
            [
              77.554957,
              27.59757
            ],
            [
              77.554413,
              27.598096
            ],
            [
              77.554932,
              27.598856
            ],
            [
              77.554512,
              27.599258
            ],
            [
              77.553771,
              27.599756
            ],
            [
              77.553315,
              27.600075
            ],
            [
              77.553532,
              27.600487
            ],
            [
              77.552328,
              27.601187
            ],
            [
              77.551056,
              27.602011
            ],
            [
              77.550268,
              27.602508
            ],
            [
              77.549574,
              27.60304
            ],
            [
              77.548833,
              27.603513
            ],
            [
              77.549327,
              27.60413
            ],
            [
              77.549458,
              27.604666
            ],
            [
              77.549417,
              27.605768
            ],
            [
              77.549111,
              27.607041
            ],
            [
              77.548792,
              27.608522
            ],
            [
              77.548553,
              27.609253
            ],
            [
              77.548341,
              27.610018
            ],
            [
              77.548203,
              27.61035
            ],
            [
              77.54735,
              27.610337
            ],
            [
              77.54591,
              27.610172
            ],
            [
              77.545003,
              27.610058
            ],
            [
              77.543992,
              27.609967
            ],
            [
              77.543188,
              27.609905
            ],
            [
              77.542605,
              27.609962
            ],
            [
              77.541919,
              27.610077
            ],
            [
              77.540845,
              27.610336
            ],
            [
              77.53996,
              27.610547
            ],
            [
              77.539301,
              27.610704
            ],
            [
              77.539307,
              27.610379
            ],
            [
              77.538886,
              27.610339
            ],
            [
              77.538371,
              27.610331
            ],
            [
              77.537603,
              27.610277
            ],
            [
              77.53761,
              27.609935
            ],
            [
              77.537283,
              27.609846
            ],
            [
              77.536849,
              27.609071
            ],
            [
              77.53638,
              27.60812
            ],
            [
              77.53601,
              27.607405
            ],
            [
              77.535594,
              27.606622
            ],
            [
              77.535572,
              27.606287
            ],
            [
              77.535395,
              27.606243
            ],
            [
              77.534979,
              27.605502
            ],
            [
              77.533898,
              27.60374
            ],
            [
              77.533317,
              27.602762
            ],
            [
              77.533546,
              27.602565
            ],
            [
              77.532892,
              27.60152
            ],
            [
              77.532391,
              27.600777
            ],
            [
              77.531498,
              27.599469
            ],
            [
              77.530945,
              27.598533
            ],
            [
              77.530813,
              27.598072
            ],
            [
              77.530789,
              27.597879
            ],
            [
              77.53089,
              27.597522
            ],
            [
              77.530971,
              27.597206
            ],
            [
              77.530995,
              27.596931
            ],
            [
              77.53089,
              27.596562
            ],
            [
              77.530679,
              27.596308
            ],
            [
              77.530336,
              27.596119
            ],
            [
              77.529065,
              27.5964
            ],
            [
              77.529055,
              27.595957
            ],
            [
              77.529154,
              27.59524
            ],
            [
              77.529306,
              27.594174
            ],
            [
              77.529468,
              27.593074
            ],
            [
              77.529798,
              27.592027
            ],
            [
              77.53018,
              27.591198
            ],
            [
              77.530671,
              27.590513
            ],
            [
              77.531509,
              27.589399
            ],
            [
              77.531976,
              27.588487
            ],
            [
              77.532375,
              27.587742
            ],
            [
              77.532468,
              27.587301
            ],
            [
              77.532778,
              27.586805
            ],
            [
              77.533002,
              27.586357
            ],
            [
              77.532746,
              27.585585
            ],
            [
              77.532645,
              27.585442
            ],
            [
              77.533238,
              27.58485
            ],
            [
              77.53341,
              27.584702
            ],
            [
              77.532761,
              27.584308
            ],
            [
              77.532218,
              27.584775
            ],
            [
              77.531474,
              27.584029
            ],
            [
              77.530939,
              27.583586
            ],
            [
              77.530654,
              27.583782
            ],
            [
              77.530018,
              27.583213
            ],
            [
              77.529659,
              27.582907
            ],
            [
              77.529429,
              27.582703
            ],
            [
              77.52918,
              27.582949
            ],
            [
              77.528758,
              27.582492
            ],
            [
              77.528447,
              27.58257
            ],
            [
              77.527943,
              27.582471
            ],
            [
              77.527572,
              27.582281
            ],
            [
              77.528469,
              27.581469
            ],
            [
              77.529277,
              27.580897
            ],
            [
              77.529909,
              27.580197
            ],
            [
              77.529728,
              27.579843
            ],
            [
              77.529005,
              27.57898
            ],
            [
              77.528061,
              27.577888
            ],
            [
              77.527391,
              27.577168
            ],
            [
              77.527198,
              27.576981
            ],
            [
              77.526998,
              27.576677
            ],
            [
              77.526526,
              27.575919
            ],
            [
              77.526187,
              27.57598
            ],
            [
              77.525911,
              27.575742
            ],
            [
              77.525478,
              27.575343
            ],
            [
              77.524803,
              27.574881
            ],
            [
              77.524515,
              27.574768
            ],
            [
              77.523768,
              27.574147
            ],
            [
              77.523391,
              27.573782
            ],
            [
              77.522772,
              27.573797
            ],
            [
              77.521675,
              27.572895
            ],
            [
              77.520289,
              27.571888
            ],
            [
              77.51862,
              27.570534
            ],
            [
              77.517991,
              27.570107
            ],
            [
              77.517399,
              27.569747
            ],
            [
              77.516715,
              27.569252
            ],
            [
              77.516449,
              27.569456
            ],
            [
              77.515416,
              27.56863
            ],
            [
              77.515,
              27.568331
            ],
            [
              77.514274,
              27.568077
            ],
            [
              77.513771,
              27.567944
            ],
            [
              77.513117,
              27.567842
            ],
            [
              77.512174,
              27.567677
            ],
            [
              77.511293,
              27.567663
            ],
            [
              77.510416,
              27.567499
            ],
            [
              77.509135,
              27.567354
            ],
            [
              77.508733,
              27.567306
            ],
            [
              77.507827,
              27.567141
            ],
            [
              77.506807,
              27.567083
            ],
            [
              77.505047,
              27.56698
            ],
            [
              77.504066,
              27.566856
            ],
            [
              77.502765,
              27.566777
            ],
            [
              77.501951,
              27.566714
            ],
            [
              77.501517,
              27.566415
            ],
            [
              77.500928,
              27.565846
            ],
            [
              77.500533,
              27.565464
            ],
            [
              77.499617,
              27.564865
            ],
            [
              77.499243,
              27.564375
            ],
            [
              77.498786,
              27.563913
            ],
            [
              77.498773,
              27.563656
            ],
            [
              77.498564,
              27.563567
            ],
            [
              77.498345,
              27.563242
            ],
            [
              77.497996,
              27.562593
            ],
            [
              77.498222,
              27.561389
            ],
            [
              77.497218,
              27.560771
            ],
            [
              77.49461,
              27.559102
            ],
            [
              77.492538,
              27.557742
            ],
            [
              77.492129,
              27.557917
            ],
            [
              77.491145,
              27.55744
            ],
            [
              77.490538,
              27.557037
            ],
            [
              77.490069,
              27.558289
            ],
            [
              77.489574,
              27.559388
            ],
            [
              77.488889,
              27.55982
            ],
            [
              77.487609,
              27.560686
            ],
            [
              77.487212,
              27.561404
            ],
            [
              77.486516,
              27.5624
            ],
            [
              77.485651,
              27.562809
            ],
            [
              77.484355,
              27.563313
            ],
            [
              77.484168,
              27.563692
            ],
            [
              77.484268,
              27.564358
            ],
            [
              77.48351,
              27.565071
            ],
            [
              77.482229,
              27.565957
            ],
            [
              77.481044,
              27.566583
            ],
            [
              77.47955,
              27.566862
            ],
            [
              77.478845,
              27.567113
            ],
            [
              77.477473,
              27.568078
            ],
            [
              77.476468,
              27.568747
            ],
            [
              77.476086,
              27.56866
            ],
            [
              77.475124,
              27.568243
            ],
            [
              77.474046,
              27.567945
            ],
            [
              77.472584,
              27.567742
            ],
            [
              77.471409,
              27.567825
            ],
            [
              77.469731,
              27.568282
            ],
            [
              77.468324,
              27.568683
            ],
            [
              77.468188,
              27.567554
            ],
            [
              77.469501,
              27.567313
            ],
            [
              77.469447,
              27.566608
            ],
            [
              77.468879,
              27.565613
            ],
            [
              77.468367,
              27.564096
            ],
            [
              77.466619,
              27.562319
            ],
            [
              77.465136,
              27.560828
            ],
            [
              77.462921,
              27.558682
            ],
            [
              77.462675,
              27.558577
            ],
            [
              77.460624,
              27.559612
            ],
            [
              77.457957,
              27.56104
            ],
            [
              77.457971,
              27.561483
            ],
            [
              77.457132,
              27.561732
            ],
            [
              77.455433,
              27.562088
            ],
            [
              77.453275,
              27.56284
            ],
            [
              77.451406,
              27.563797
            ],
            [
              77.450896,
              27.563367
            ],
            [
              77.445438,
              27.565597
            ],
            [
              77.443347,
              27.56641
            ],
            [
              77.44383,
              27.567101
            ],
            [
              77.444842,
              27.568384
            ],
            [
              77.445913,
              27.570211
            ],
            [
              77.445913,
              27.570212
            ],
            [
              77.446325,
              27.571043
            ],
            [
              77.446535,
              27.571851
            ],
            [
              77.44639,
              27.572392
            ],
            [
              77.445149,
              27.57356
            ],
            [
              77.443423,
              27.575264
            ],
            [
              77.442526,
              27.576175
            ],
            [
              77.442073,
              27.577436
            ],
            [
              77.441651,
              27.578214
            ],
            [
              77.441065,
              27.579372
            ],
            [
              77.439855,
              27.581265
            ],
            [
              77.438496,
              27.583839
            ],
            [
              77.437755,
              27.584834
            ],
            [
              77.436999,
              27.585386
            ],
            [
              77.437043,
              27.58573
            ],
            [
              77.437058,
              27.585849
            ],
            [
              77.437309,
              27.586879
            ],
            [
              77.43838,
              27.589833
            ],
            [
              77.438499,
              27.59066
            ],
            [
              77.437742,
              27.591292
            ],
            [
              77.43831,
              27.592247
            ],
            [
              77.439204,
              27.594152
            ],
            [
              77.438493,
              27.594191
            ],
            [
              77.437496,
              27.594397
            ],
            [
              77.436694,
              27.594445
            ],
            [
              77.436763,
              27.595512
            ],
            [
              77.436029,
              27.596135
            ],
            [
              77.435306,
              27.596737
            ],
            [
              77.434537,
              27.597399
            ],
            [
              77.433723,
              27.598101
            ],
            [
              77.433044,
              27.598775
            ],
            [
              77.432287,
              27.599648
            ],
            [
              77.432139,
              27.599485
            ],
            [
              77.431585,
              27.598933
            ],
            [
              77.431042,
              27.598442
            ],
            [
              77.430037,
              27.597853
            ],
            [
              77.429243,
              27.597499
            ],
            [
              77.428717,
              27.5973
            ],
            [
              77.428511,
              27.596864
            ],
            [
              77.428336,
              27.5966
            ],
            [
              77.427932,
              27.596462
            ],
            [
              77.427324,
              27.596373
            ],
            [
              77.426075,
              27.596222
            ],
            [
              77.42354,
              27.596032
            ],
            [
              77.421579,
              27.595901
            ],
            [
              77.420204,
              27.595819
            ],
            [
              77.41989,
              27.595744
            ],
            [
              77.419438,
              27.595194
            ],
            [
              77.418895,
              27.594652
            ],
            [
              77.41856,
              27.594476
            ],
            [
              77.418244,
              27.594491
            ],
            [
              77.417575,
              27.594662
            ],
            [
              77.416664,
              27.5951
            ],
            [
              77.414751,
              27.595966
            ],
            [
              77.414002,
              27.596176
            ],
            [
              77.413166,
              27.596253
            ],
            [
              77.411664,
              27.5963
            ],
            [
              77.410816,
              27.596368
            ],
            [
              77.410148,
              27.596518
            ],
            [
              77.40949,
              27.596699
            ],
            [
              77.408532,
              27.597197
            ],
            [
              77.407775,
              27.597829
            ],
            [
              77.407031,
              27.598924
            ],
            [
              77.40609,
              27.600288
            ],
            [
              77.405129,
              27.602104
            ],
            [
              77.404289,
              27.602935
            ],
            [
              77.403629,
              27.603227
            ],
            [
              77.402779,
              27.603385
            ],
            [
              77.402126,
              27.603354
            ],
            [
              77.401414,
              27.603072
            ],
            [
              77.400864,
              27.602691
            ],
            [
              77.400083,
              27.602236
            ],
            [
              77.39894,
              27.601796
            ],
            [
              77.39776,
              27.601576
            ],
            [
              77.397032,
              27.601313
            ],
            [
              77.39623,
              27.600737
            ],
            [
              77.395867,
              27.600279
            ],
            [
              77.395735,
              27.599532
            ],
            [
              77.395565,
              27.598443
            ],
            [
              77.395373,
              27.597856
            ],
            [
              77.394706,
              27.59681
            ],
            [
              77.393745,
              27.595185
            ],
            [
              77.393247,
              27.594131
            ],
            [
              77.392876,
              27.592908
            ],
            [
              77.392519,
              27.592128
            ],
            [
              77.391937,
              27.591324
            ],
            [
              77.391437,
              27.590904
            ],
            [
              77.390509,
              27.589934
            ],
            [
              77.389525,
              27.588902
            ],
            [
              77.389271,
              27.588616
            ],
            [
              77.38817,
              27.587231
            ],
            [
              77.387516,
              27.586064
            ],
            [
              77.387375,
              27.5858
            ],
            [
              77.387039,
              27.585121
            ],
            [
              77.386592,
              27.584299
            ],
            [
              77.386238,
              27.583941
            ],
            [
              77.38543,
              27.583757
            ],
            [
              77.384373,
              27.58358
            ],
            [
              77.383484,
              27.583445
            ],
            [
              77.382188,
              27.583384
            ],
            [
              77.381364,
              27.583371
            ],
            [
              77.380804,
              27.583182
            ],
            [
              77.379864,
              27.582794
            ],
            [
              77.378565,
              27.582281
            ],
            [
              77.377713,
              27.582036
            ],
            [
              77.377194,
              27.582008
            ],
            [
              77.376862,
              27.582254
            ],
            [
              77.376368,
              27.582689
            ],
            [
              77.375657,
              27.583261
            ],
            [
              77.375154,
              27.583595
            ],
            [
              77.37436,
              27.583844
            ],
            [
              77.373782,
              27.583966
            ],
            [
              77.373687,
              27.584038
            ],
            [
              77.373274,
              27.584262
            ],
            [
              77.37285,
              27.584364
            ],
            [
              77.371974,
              27.584618
            ],
            [
              77.371222,
              27.5848
            ],
            [
              77.370578,
              27.584984
            ],
            [
              77.370346,
              27.585029
            ],
            [
              77.369701,
              27.585322
            ],
            [
              77.369057,
              27.585506
            ],
            [
              77.36856,
              27.585862
            ],
            [
              77.367979,
              27.586326
            ],
            [
              77.367566,
              27.586538
            ],
            [
              77.366867,
              27.586794
            ],
            [
              77.366372,
              27.587029
            ],
            [
              77.36605,
              27.587473
            ],
            [
              77.365773,
              27.587736
            ],
            [
              77.364974,
              27.588208
            ],
            [
              77.363984,
              27.58869
            ],
            [
              77.362992,
              27.589269
            ],
            [
              77.362251,
              27.589573
            ],
            [
              77.361839,
              27.589797
            ],
            [
              77.360404,
              27.590554
            ],
            [
              77.359421,
              27.591054
            ],
            [
              77.358582,
              27.59149
            ],
            [
              77.357793,
              27.591762
            ],
            [
              77.356497,
              27.592258
            ],
            [
              77.356182,
              27.592362
            ],
            [
              77.355934,
              27.592509
            ],
            [
              77.355673,
              27.592602
            ],
            [
              77.3555,
              27.592448
            ],
            [
              77.355257,
              27.592663
            ],
            [
              77.355009,
              27.592835
            ],
            [
              77.354822,
              27.592971
            ],
            [
              77.354504,
              27.593221
            ],
            [
              77.354232,
              27.593473
            ],
            [
              77.354003,
              27.593658
            ],
            [
              77.353771,
              27.593684
            ],
            [
              77.353352,
              27.593556
            ],
            [
              77.3529798,
              27.5933695
            ],
            [
              77.3580848,
              27.5887851
            ],
            [
              77.3498516,
              27.5836247
            ],
            [
              77.3512538,
              27.58158
            ],
            [
              77.3475361,
              27.57881
            ],
            [
              77.3458716,
              27.5755874
            ],
            [
              77.3466614,
              27.5747278
            ],
            [
              77.343855,
              27.5712771
            ],
            [
              77.3389375,
              27.5724578
            ],
            [
              77.3370938,
              27.5714475
            ],
            [
              77.33662,
              27.5700078
            ],
            [
              77.3378045,
              27.5690237
            ],
            [
              77.3359457,
              27.5668368
            ],
            [
              77.3364643,
              27.5642329
            ],
            [
              77.3364013,
              27.5607682
            ],
            [
              77.3358728,
              27.5557931
            ],
            [
              77.3375494,
              27.5521483
            ],
            [
              77.3373814,
              27.549812
            ],
            [
              77.3404788,
              27.5472297
            ],
            [
              77.345096,
              27.5461035
            ],
            [
              77.3475908,
              27.54464
            ],
            [
              77.3483169,
              27.543087
            ],
            [
              77.3451363,
              27.5384597
            ],
            [
              77.343053,
              27.5380976
            ],
            [
              77.3391633,
              27.538783
            ],
            [
              77.338333,
              27.5364209
            ],
            [
              77.3380722,
              27.5311737
            ],
            [
              77.3405155,
              27.525471
            ],
            [
              77.3522295,
              27.5200316
            ],
            [
              77.3562812,
              27.5163406
            ],
            [
              77.3597462,
              27.5168666
            ],
            [
              77.3666238,
              27.5150465
            ],
            [
              77.3731899,
              27.5121539
            ],
            [
              77.3829795,
              27.5158137
            ],
            [
              77.389369,
              27.5107836
            ],
            [
              77.3909457,
              27.5082284
            ],
            [
              77.3896459,
              27.5046024
            ],
            [
              77.3935124,
              27.5029905
            ],
            [
              77.3965156,
              27.5011668
            ],
            [
              77.3991465,
              27.4999
            ],
            [
              77.3992559,
              27.4977496
            ],
            [
              77.400976,
              27.4963318
            ],
            [
              77.4001124,
              27.4951436
            ],
            [
              77.4015156,
              27.4935399
            ],
            [
              77.3994017,
              27.4918632
            ],
            [
              77.3995399,
              27.4863828
            ],
            [
              77.3988103,
              27.4844792
            ],
            [
              77.3989391,
              27.4810907
            ],
            [
              77.3990883,
              27.4796118
            ],
            [
              77.4008074,
              27.478921
            ],
            [
              77.4015175,
              27.4757725
            ],
            [
              77.4042612,
              27.475432
            ],
            [
              77.4071286,
              27.4755345
            ],
            [
              77.4111115,
              27.4740297
            ],
            [
              77.4116853,
              27.4727981
            ],
            [
              77.4158043,
              27.4720507
            ],
            [
              77.4189341,
              27.4702173
            ],
            [
              77.4197495,
              27.4671418
            ],
            [
              77.4208149,
              27.466295
            ],
            [
              77.4215074,
              27.461174
            ],
            [
              77.4223065,
              27.4613958
            ],
            [
              77.422328,
              27.4624144
            ],
            [
              77.4255919,
              27.4671588
            ],
            [
              77.4274778,
              27.4637662
            ],
            [
              77.4265766,
              27.4629665
            ],
            [
              77.4281859,
              27.461729
            ],
            [
              77.4287867,
              27.4623192
            ],
            [
              77.4304736,
              27.4611011
            ],
            [
              77.432861,
              27.4610464
            ],
            [
              77.434276,
              27.4604182
            ],
            [
              77.4377466,
              27.4562111
            ],
            [
              77.4366431,
              27.4529114
            ],
            [
              77.4380993,
              27.4503997
            ],
            [
              77.4383123,
              27.4493002
            ],
            [
              77.43677,
              27.447178
            ],
            [
              77.4350309,
              27.4458296
            ],
            [
              77.4308789,
              27.4464588
            ],
            [
              77.4298996,
              27.4448088
            ],
            [
              77.4266074,
              27.4449732
            ],
            [
              77.4260087,
              27.4412734
            ],
            [
              77.4255896,
              27.4357697
            ],
            [
              77.4239418,
              27.4324103
            ],
            [
              77.4230881,
              27.4259902
            ],
            [
              77.4213434,
              27.42212
            ],
            [
              77.4230146,
              27.4213382
            ],
            [
              77.425948,
              27.418434
            ],
            [
              77.4321867,
              27.4154864
            ],
            [
              77.4356492,
              27.4123701
            ],
            [
              77.4364875,
              27.4094907
            ],
            [
              77.4386143,
              27.408176
            ],
            [
              77.4377632,
              27.4048618
            ],
            [
              77.4382397,
              27.4022241
            ]
          ]
        ]
      },
      "id": "relation/10000773"
    },
    {
      "type": "Feature",
      "properties": {
        "@id": "relation/10000774",
        "admin_level": "6",
        "boundary": "administrative",
        "name": "Mat",
        "ref:LGD:subdistrict": "762",
        "type": "boundary",
        "wikidata": "Q20598352"
      },
      "geometry": {
        "type": "Polygon",
        "coordinates": [
          [
            [
              77.8089529,
              27.8591866
            ],
            [
              77.8075101,
              27.8609905
            ],
            [
              77.8041022,
              27.8634143
            ],
            [
              77.8022069,
              27.8638152
            ],
            [
              77.8000545,
              27.8625048
            ],
            [
              77.798963,
              27.8631956
            ],
            [
              77.798307,
              27.8627036
            ],
            [
              77.7955734,
              27.8633414
            ],
            [
              77.7938785,
              27.8640339
            ],
            [
              77.7923659,
              27.8633596
            ],
            [
              77.7919103,
              27.864125
            ],
            [
              77.7912725,
              27.8638699
            ],
            [
              77.7904342,
              27.8647264
            ],
            [
              77.7896506,
              27.8642344
            ],
            [
              77.7875705,
              27.8644825
            ],
            [
              77.7838918,
              27.8653096
            ],
            [
              77.7830899,
              27.8647264
            ],
            [
              77.7820329,
              27.865419
            ],
            [
              77.7812857,
              27.8649269
            ],
            [
              77.7795362,
              27.8647629
            ],
            [
              77.7788255,
              27.8649634
            ],
            [
              77.7775935,
              27.8641862
            ],
            [
              77.7759279,
              27.8652732
            ],
            [
              77.7714812,
              27.8691184
            ],
            [
              77.7689116,
              27.8704123
            ],
            [
              77.7673444,
              27.8724899
            ],
            [
              77.7663532,
              27.8728478
            ],
            [
              77.7641187,
              27.8746039
            ],
            [
              77.7634809,
              27.8766449
            ],
            [
              77.7644103,
              27.877301
            ],
            [
              77.7631381,
              27.8789913
            ],
            [
              77.7630071,
              27.8812374
            ],
            [
              77.7628248,
              27.8843719
            ],
            [
              77.7624239,
              27.8857023
            ],
            [
              77.7611408,
              27.8877386
            ],
            [
              77.760237,
              27.8886546
            ],
            [
              77.7614216,
              27.8897845
            ],
            [
              77.7620047,
              27.8920989
            ],
            [
              77.7637907,
              27.8965638
            ],
            [
              77.7620834,
              27.8993948
            ],
            [
              77.7650299,
              27.9026142
            ],
            [
              77.7626608,
              27.9062225
            ],
            [
              77.7620594,
              27.9057669
            ],
            [
              77.7610753,
              27.9062225
            ],
            [
              77.7606596,
              27.9056193
            ],
            [
              77.7567081,
              27.9080903
            ],
            [
              77.7489746,
              27.9119084
            ],
            [
              77.7453985,
              27.9129771
            ],
            [
              77.743398,
              27.9140042
            ],
            [
              77.7443457,
              27.9157537
            ],
            [
              77.7426508,
              27.9171751
            ],
            [
              77.7437443,
              27.9206741
            ],
            [
              77.7421041,
              27.9220227
            ],
            [
              77.7429491,
              27.9232322
            ],
            [
              77.7394434,
              27.9263236
            ],
            [
              77.7347234,
              27.9303146
            ],
            [
              77.7334477,
              27.9307338
            ],
            [
              77.7320197,
              27.9322639
            ],
            [
              77.7304772,
              27.9338501
            ],
            [
              77.7269964,
              27.9339048
            ],
            [
              77.7245909,
              27.9332487
            ],
            [
              77.722726,
              27.9332698
            ],
            [
              77.7188321,
              27.9362557
            ],
            [
              77.713948,
              27.940921
            ],
            [
              77.7121053,
              27.9412474
            ],
            [
              77.7078794,
              27.9449667
            ],
            [
              77.7058473,
              27.9462784
            ],
            [
              77.704672,
              27.9470807
            ],
            [
              77.7036697,
              27.9473723
            ],
            [
              77.7015739,
              27.9465522
            ],
            [
              77.7000835,
              27.9454473
            ],
            [
              77.6964888,
              27.9433022
            ],
            [
              77.6955053,
              27.9429439
            ],
            [
              77.6941568,
              27.9437457
            ],
            [
              77.6930451,
              27.9438004
            ],
            [
              77.6914414,
              27.9429986
            ],
            [
              77.6898559,
              27.9436728
            ],
            [
              77.6890358,
              27.9430532
            ],
            [
              77.6878148,
              27.9430532
            ],
            [
              77.6869765,
              27.9423243
            ],
            [
              77.6857737,
              27.9432355
            ],
            [
              77.6809444,
              27.9437457
            ],
            [
              77.6781743,
              27.9436728
            ],
            [
              77.6731287,
              27.9449396
            ],
            [
              77.6698903,
              27.9474198
            ],
            [
              77.668224,
              27.9502335
            ],
            [
              77.66611,
              27.9516185
            ],
            [
              77.6632124,
              27.9545708
            ],
            [
              77.6625928,
              27.9552998
            ],
            [
              77.6611895,
              27.9558465
            ],
            [
              77.6607157,
              27.9565168
            ],
            [
              77.6606239,
              27.9596267
            ],
            [
              77.659604,
              27.9614595
            ],
            [
              77.6592031,
              27.9637557
            ],
            [
              77.6565577,
              27.9658059
            ],
            [
              77.6503098,
              27.9668538
            ],
            [
              77.6465008,
              27.9667886
            ],
            [
              77.6431104,
              27.9677595
            ],
            [
              77.6419632,
              27.9660701
            ],
            [
              77.6374254,
              27.9619151
            ],
            [
              77.6356577,
              27.958981
            ],
            [
              77.6331611,
              27.9560598
            ],
            [
              77.6290083,
              27.9494877
            ],
            [
              77.6280765,
              27.947591
            ],
            [
              77.6285686,
              27.945477
            ],
            [
              77.6265275,
              27.9438915
            ],
            [
              77.6267097,
              27.9432901
            ],
            [
              77.6260172,
              27.942543
            ],
            [
              77.6264181,
              27.9417775
            ],
            [
              77.6245239,
              27.935445
            ],
            [
              77.6236116,
              27.9343239
            ],
            [
              77.6212687,
              27.9330233
            ],
            [
              77.6183449,
              27.9322464
            ],
            [
              77.6147313,
              27.9325783
            ],
            [
              77.6118025,
              27.9338501
            ],
            [
              77.609614,
              27.9353573
            ],
            [
              77.605825,
              27.9376589
            ],
            [
              77.6046769,
              27.9364561
            ],
            [
              77.6033648,
              27.9361281
            ],
            [
              77.60182,
              27.9348886
            ],
            [
              77.5973402,
              27.9361459
            ],
            [
              77.5939976,
              27.937094
            ],
            [
              77.5925215,
              27.9380052
            ],
            [
              77.5904044,
              27.9354509
            ],
            [
              77.5869449,
              27.9348342
            ],
            [
              77.5859915,
              27.934789
            ],
            [
              77.5837375,
              27.9329389
            ],
            [
              77.5834824,
              27.9310254
            ],
            [
              77.5823343,
              27.9296768
            ],
            [
              77.5826373,
              27.9280324
            ],
            [
              77.5801408,
              27.9287874
            ],
            [
              77.5777418,
              27.9297861
            ],
            [
              77.5755549,
              27.9292212
            ],
            [
              77.5727849,
              27.9295128
            ],
            [
              77.5702639,
              27.9272603
            ],
            [
              77.5684476,
              27.9266152
            ],
            [
              77.567505,
              27.9257521
            ],
            [
              77.5670808,
              27.9250297
            ],
            [
              77.568648,
              27.9241367
            ],
            [
              77.568505,
              27.9216039
            ],
            [
              77.5675728,
              27.9191616
            ],
            [
              77.5655661,
              27.9166249
            ],
            [
              77.5611322,
              27.9128112
            ],
            [
              77.5589252,
              27.9118029
            ],
            [
              77.5570457,
              27.9113992
            ],
            [
              77.5536314,
              27.9132023
            ],
            [
              77.5516124,
              27.9126741
            ],
            [
              77.5442096,
              27.9163915
            ],
            [
              77.5426931,
              27.918919
            ],
            [
              77.5366256,
              27.9182753
            ],
            [
              77.5319813,
              27.9212755
            ],
            [
              77.5280449,
              27.9208564
            ],
            [
              77.5264777,
              27.9224783
            ],
            [
              77.5260594,
              27.9254828
            ],
            [
              77.525068,
              27.925533
            ],
            [
              77.524754,
              27.925
            ],
            [
              77.524419,
              27.924391
            ],
            [
              77.524089,
              27.92384
            ],
            [
              77.523826,
              27.923312
            ],
            [
              77.523638,
              27.922577
            ],
            [
              77.523324,
              27.922008
            ],
            [
              77.5227,
              27.920979
            ],
            [
              77.522355,
              27.920433
            ],
            [
              77.522066,
              27.919891
            ],
            [
              77.521732,
              27.919327
            ],
            [
              77.521306,
              27.91865
            ],
            [
              77.521098,
              27.918117
            ],
            [
              77.520951,
              27.91749
            ],
            [
              77.521019,
              27.916901
            ],
            [
              77.521308,
              27.915762
            ],
            [
              77.521466,
              27.915153
            ],
            [
              77.521625,
              27.914368
            ],
            [
              77.521722,
              27.913827
            ],
            [
              77.52188,
              27.913245
            ],
            [
              77.522058,
              27.912758
            ],
            [
              77.522287,
              27.912343
            ],
            [
              77.522551,
              27.911856
            ],
            [
              77.522725,
              27.911229
            ],
            [
              77.522806,
              27.910732
            ],
            [
              77.522924,
              27.9102
            ],
            [
              77.523178,
              27.909636
            ],
            [
              77.523423,
              27.909068
            ],
            [
              77.523723,
              27.908504
            ],
            [
              77.524064,
              27.907837
            ],
            [
              77.524369,
              27.907295
            ],
            [
              77.524715,
              27.906808
            ],
            [
              77.525045,
              27.906267
            ],
            [
              77.525447,
              27.905658
            ],
            [
              77.525844,
              27.905199
            ],
            [
              77.526316,
              27.90468
            ],
            [
              77.526825,
              27.904193
            ],
            [
              77.527277,
              27.903724
            ],
            [
              77.527806,
              27.903287
            ],
            [
              77.528294,
              27.90298
            ],
            [
              77.528893,
              27.902561
            ],
            [
              77.529366,
              27.902214
            ],
            [
              77.529981,
              27.901795
            ],
            [
              77.53059,
              27.901457
            ],
            [
              77.53115,
              27.901083
            ],
            [
              77.531617,
              27.900718
            ],
            [
              77.53209,
              27.90024
            ],
            [
              77.532522,
              27.899793
            ],
            [
              77.532994,
              27.89946
            ],
            [
              77.533589,
              27.898937
            ],
            [
              77.534001,
              27.898581
            ],
            [
              77.534534,
              27.898152
            ],
            [
              77.535083,
              27.897805
            ],
            [
              77.535622,
              27.897476
            ],
            [
              77.536181,
              27.897143
            ],
            [
              77.536739,
              27.896863
            ],
            [
              77.537103,
              27.896685
            ],
            [
              77.537466,
              27.896507
            ],
            [
              77.538096,
              27.896138
            ],
            [
              77.538614,
              27.895903
            ],
            [
              77.539173,
              27.895529
            ],
            [
              77.539696,
              27.895137
            ],
            [
              77.540194,
              27.894727
            ],
            [
              77.540743,
              27.894321
            ],
            [
              77.541287,
              27.893744
            ],
            [
              77.541688,
              27.893388
            ],
            [
              77.542522,
              27.892477
            ],
            [
              77.542954,
              27.892003
            ],
            [
              77.543386,
              27.89153
            ],
            [
              77.543854,
              27.891043
            ],
            [
              77.544433,
              27.890091
            ],
            [
              77.544642,
              27.889369
            ],
            [
              77.544663,
              27.88881
            ],
            [
              77.544643,
              27.888165
            ],
            [
              77.544892,
              27.887646
            ],
            [
              77.545101,
              27.887127
            ],
            [
              77.545416,
              27.88659
            ],
            [
              77.545792,
              27.886036
            ],
            [
              77.546163,
              27.885535
            ],
            [
              77.546458,
              27.885016
            ],
            [
              77.546606,
              27.884367
            ],
            [
              77.546749,
              27.88337
            ],
            [
              77.546896,
              27.88281
            ],
            [
              77.547024,
              27.882183
            ],
            [
              77.547014,
              27.881915
            ],
            [
              77.547004,
              27.881646
            ],
            [
              77.546873,
              27.880446
            ],
            [
              77.546873,
              27.879873
            ],
            [
              77.546899,
              27.879264
            ],
            [
              77.547001,
              27.87865
            ],
            [
              77.54723,
              27.878059
            ],
            [
              77.547418,
              27.877523
            ],
            [
              77.547566,
              27.87695
            ],
            [
              77.547688,
              27.876228
            ],
            [
              77.547701,
              27.875977
            ],
            [
              77.547714,
              27.875727
            ],
            [
              77.547775,
              27.875059
            ],
            [
              77.547857,
              27.874437
            ],
            [
              77.54804,
              27.873882
            ],
            [
              77.548437,
              27.872754
            ],
            [
              77.548778,
              27.871865
            ],
            [
              77.5489,
              27.87155
            ],
            [
              77.549459,
              27.87044
            ],
            [
              77.55011,
              27.869218
            ],
            [
              77.550694,
              27.86818
            ],
            [
              77.551004,
              27.867576
            ],
            [
              77.551243,
              27.86726
            ],
            [
              77.551482,
              27.866944
            ],
            [
              77.551858,
              27.866502
            ],
            [
              77.552315,
              27.866056
            ],
            [
              77.552838,
              27.865668
            ],
            [
              77.553443,
              27.865335
            ],
            [
              77.554047,
              27.865001
            ],
            [
              77.554692,
              27.864649
            ],
            [
              77.555337,
              27.86432
            ],
            [
              77.555921,
              27.864059
            ],
            [
              77.55721,
              27.864375
            ],
            [
              77.557886,
              27.86445
            ],
            [
              77.558561,
              27.864525
            ],
            [
              77.559231,
              27.864543
            ],
            [
              77.559937,
              27.864674
            ],
            [
              77.560668,
              27.864598
            ],
            [
              77.561394,
              27.864635
            ],
            [
              77.562039,
              27.864635
            ],
            [
              77.562851,
              27.864545
            ],
            [
              77.564268,
              27.864158
            ],
            [
              77.56571,
              27.863788
            ],
            [
              77.567081,
              27.863473
            ],
            [
              77.568477,
              27.863194
            ],
            [
              77.569249,
              27.863009
            ],
            [
              77.569853,
              27.862919
            ],
            [
              77.571203,
              27.862653
            ],
            [
              77.572513,
              27.862383
            ],
            [
              77.573955,
              27.862072
            ],
            [
              77.575321,
              27.861694
            ],
            [
              77.575839,
              27.861441
            ],
            [
              77.576875,
              27.860594
            ],
            [
              77.577337,
              27.860111
            ],
            [
              77.577881,
              27.859624
            ],
            [
              77.578384,
              27.859105
            ],
            [
              77.578876,
              27.85855
            ],
            [
              77.57945,
              27.858343
            ],
            [
              77.580151,
              27.858185
            ],
            [
              77.580861,
              27.858172
            ],
            [
              77.582425,
              27.858502
            ],
            [
              77.583709,
              27.858818
            ],
            [
              77.585044,
              27.85894
            ],
            [
              77.586471,
              27.858819
            ],
            [
              77.587847,
              27.858517
            ],
            [
              77.58842,
              27.858237
            ],
            [
              77.589756,
              27.857583
            ],
            [
              77.590396,
              27.857259
            ],
            [
              77.590924,
              27.857029
            ],
            [
              77.591553,
              27.856641
            ],
            [
              77.592046,
              27.856303
            ],
            [
              77.592533,
              27.855888
            ],
            [
              77.593188,
              27.855491
            ],
            [
              77.593869,
              27.855274
            ],
            [
              77.595204,
              27.85509
            ],
            [
              77.595818,
              27.854995
            ],
            [
              77.596498,
              27.855031
            ],
            [
              77.597833,
              27.855153
            ],
            [
              77.598448,
              27.85537
            ],
            [
              77.599108,
              27.85537
            ],
            [
              77.599717,
              27.855199
            ],
            [
              77.600986,
              27.854703
            ],
            [
              77.602321,
              27.854378
            ],
            [
              77.603804,
              27.854162
            ],
            [
              77.60454,
              27.854135
            ],
            [
              77.605778,
              27.853905
            ],
            [
              77.60724,
              27.853747
            ],
            [
              77.607946,
              27.853688
            ],
            [
              77.60857,
              27.853481
            ],
            [
              77.609317,
              27.8534
            ],
            [
              77.610002,
              27.853567
            ],
            [
              77.610733,
              27.853738
            ],
            [
              77.611403,
              27.853933
            ],
            [
              77.612083,
              27.853847
            ],
            [
              77.612794,
              27.853603
            ],
            [
              77.613571,
              27.853472
            ],
            [
              77.614236,
              27.853265
            ],
            [
              77.615449,
              27.852818
            ],
            [
              77.616089,
              27.852575
            ],
            [
              77.616673,
              27.852223
            ],
            [
              77.618419,
              27.851379
            ],
            [
              77.619607,
              27.850761
            ],
            [
              77.620262,
              27.850396
            ],
            [
              77.620751,
              27.84999
            ],
            [
              77.621241,
              27.849584
            ],
            [
              77.621785,
              27.849051
            ],
            [
              77.622576,
              27.848022
            ],
            [
              77.623064,
              27.847468
            ],
            [
              77.623175,
              27.846994
            ],
            [
              77.623173,
              27.846407
            ],
            [
              77.62317,
              27.845821
            ],
            [
              77.623074,
              27.845275
            ],
            [
              77.622764,
              27.844684
            ],
            [
              77.622191,
              27.844296
            ],
            [
              77.621577,
              27.843871
            ],
            [
              77.621115,
              27.843542
            ],
            [
              77.620612,
              27.84296
            ],
            [
              77.619587,
              27.842225
            ],
            [
              77.618577,
              27.84157
            ],
            [
              77.618049,
              27.84129
            ],
            [
              77.617501,
              27.840844
            ],
            [
              77.616836,
              27.84037
            ],
            [
              77.616343,
              27.839959
            ],
            [
              77.616044,
              27.839772
            ],
            [
              77.615745,
              27.839585
            ],
            [
              77.61512,
              27.83921
            ],
            [
              77.614506,
              27.838931
            ],
            [
              77.614004,
              27.838773
            ],
            [
              77.61339,
              27.838421
            ],
            [
              77.612846,
              27.838181
            ],
            [
              77.612268,
              27.838154
            ],
            [
              77.611572,
              27.838073
            ],
            [
              77.610923,
              27.83796
            ],
            [
              77.610253,
              27.837915
            ],
            [
              77.609639,
              27.837685
            ],
            [
              77.608933,
              27.837382
            ],
            [
              77.608416,
              27.837211
            ],
            [
              77.607735,
              27.836994
            ],
            [
              77.607065,
              27.836823
            ],
            [
              77.606426,
              27.836678
            ],
            [
              77.605827,
              27.836556
            ],
            [
              77.605233,
              27.836313
            ],
            [
              77.60466,
              27.836204
            ],
            [
              77.60398,
              27.836019
            ],
            [
              77.603284,
              27.83596
            ],
            [
              77.602807,
              27.835802
            ],
            [
              77.602152,
              27.835622
            ],
            [
              77.600995,
              27.835414
            ],
            [
              77.600346,
              27.835233
            ],
            [
              77.599732,
              27.835039
            ],
            [
              77.599102,
              27.834651
            ],
            [
              77.598544,
              27.834435
            ],
            [
              77.597838,
              27.834168
            ],
            [
              77.597265,
              27.833866
            ],
            [
              77.596758,
              27.833554
            ],
            [
              77.596179,
              27.833288
            ],
            [
              77.595453,
              27.833157
            ],
            [
              77.59486,
              27.833076
            ],
            [
              77.59421,
              27.832976
            ],
            [
              77.593591,
              27.833003
            ],
            [
              77.593012,
              27.833039
            ],
            [
              77.592296,
              27.833134
            ],
            [
              77.591058,
              27.833228
            ],
            [
              77.590423,
              27.8333
            ],
            [
              77.589764,
              27.83353
            ],
            [
              77.589073,
              27.833602
            ],
            [
              77.588439,
              27.833841
            ],
            [
              77.587875,
              27.834125
            ],
            [
              77.587297,
              27.834297
            ],
            [
              77.586119,
              27.834896
            ],
            [
              77.58553,
              27.835113
            ],
            [
              77.584961,
              27.835365
            ],
            [
              77.584367,
              27.835582
            ],
            [
              77.583748,
              27.835821
            ],
            [
              77.583129,
              27.836037
            ],
            [
              77.582373,
              27.836371
            ],
            [
              77.581763,
              27.83642
            ],
            [
              77.580951,
              27.836515
            ],
            [
              77.580413,
              27.83637
            ],
            [
              77.579794,
              27.836239
            ],
            [
              77.579119,
              27.835878
            ],
            [
              77.578556,
              27.83553
            ],
            [
              77.578013,
              27.835119
            ],
            [
              77.577572,
              27.834596
            ],
            [
              77.577455,
              27.834332
            ],
            [
              77.577338,
              27.834068
            ],
            [
              77.576978,
              27.833526
            ],
            [
              77.576938,
              27.832998
            ],
            [
              77.576801,
              27.832507
            ],
            [
              77.576827,
              27.83192
            ],
            [
              77.57704,
              27.831212
            ],
            [
              77.577233,
              27.830639
            ],
            [
              77.577432,
              27.83012
            ],
            [
              77.577863,
              27.829556
            ],
            [
              77.578406,
              27.829128
            ],
            [
              77.578929,
              27.828803
            ],
            [
              77.579442,
              27.828334
            ],
            [
              77.579996,
              27.827914
            ],
            [
              77.580996,
              27.827197
            ],
            [
              77.582275,
              27.826309
            ],
            [
              77.583295,
              27.825542
            ],
            [
              77.583839,
              27.825123
            ],
            [
              77.584351,
              27.824834
            ],
            [
              77.584849,
              27.824487
            ],
            [
              77.585778,
              27.823828
            ],
            [
              77.586331,
              27.823386
            ],
            [
              77.586707,
              27.823111
            ],
            [
              77.587179,
              27.822656
            ],
            [
              77.587651,
              27.822164
            ],
            [
              77.587961,
              27.82165
            ],
            [
              77.588311,
              27.820987
            ],
            [
              77.588595,
              27.820486
            ],
            [
              77.58892,
              27.819836
            ],
            [
              77.589205,
              27.819394
            ],
            [
              77.58958,
              27.818871
            ],
            [
              77.58985,
              27.818293
            ],
            [
              77.590144,
              27.817323
            ],
            [
              77.590388,
              27.816159
            ],
            [
              77.59051,
              27.815618
            ],
            [
              77.590769,
              27.814982
            ],
            [
              77.591064,
              27.814395
            ],
            [
              77.591404,
              27.813917
            ],
            [
              77.591734,
              27.813412
            ],
            [
              77.592262,
              27.812875
            ],
            [
              77.59283,
              27.812428
            ],
            [
              77.593394,
              27.812167
            ],
            [
              77.594124,
              27.811856
            ],
            [
              77.595423,
              27.811617
            ],
            [
              77.59589,
              27.811531
            ],
            [
              77.5972,
              27.811207
            ],
            [
              77.597778,
              27.81104
            ],
            [
              77.598316,
              27.810715
            ],
            [
              77.598895,
              27.810309
            ],
            [
              77.599341,
              27.80989
            ],
            [
              77.599517,
              27.809614
            ],
            [
              77.599692,
              27.809339
            ],
            [
              77.600108,
              27.808874
            ],
            [
              77.600392,
              27.808441
            ],
            [
              77.600661,
              27.807972
            ],
            [
              77.601118,
              27.807516
            ],
            [
              77.60159,
              27.807025
            ],
            [
              77.602052,
              27.806524
            ],
            [
              77.602453,
              27.806105
            ],
            [
              77.602833,
              27.805649
            ],
            [
              77.603153,
              27.805207
            ],
            [
              77.603493,
              27.804715
            ],
            [
              77.603844,
              27.804165
            ],
            [
              77.60429,
              27.803682
            ],
            [
              77.605031,
              27.802843
            ],
            [
              77.605706,
              27.801706
            ],
            [
              77.606066,
              27.801237
            ],
            [
              77.606554,
              27.800709
            ],
            [
              77.60697,
              27.800361
            ],
            [
              77.607371,
              27.8
            ],
            [
              77.608533,
              27.799256
            ],
            [
              77.609609,
              27.798647
            ],
            [
              77.61073,
              27.798277
            ],
            [
              77.611496,
              27.798083
            ],
            [
              77.612009,
              27.797903
            ],
            [
              77.612714,
              27.7977
            ],
            [
              77.613871,
              27.797073
            ],
            [
              77.614416,
              27.796757
            ],
            [
              77.614962,
              27.796441
            ],
            [
              77.61554,
              27.796089
            ],
            [
              77.616002,
              27.795769
            ],
            [
              77.616595,
              27.795286
            ],
            [
              77.617108,
              27.794952
            ],
            [
              77.617524,
              27.794583
            ],
            [
              77.618914,
              27.793288
            ],
            [
              77.62,
              27.792263
            ],
            [
              77.620482,
              27.791916
            ],
            [
              77.622116,
              27.790946
            ],
            [
              77.621333,
              27.788663
            ],
            [
              77.623248,
              27.788409
            ],
            [
              77.625665,
              27.788445
            ],
            [
              77.629659,
              27.788549
            ],
            [
              77.632426,
              27.788327
            ],
            [
              77.634133,
              27.789361
            ],
            [
              77.636029,
              27.790837
            ],
            [
              77.636746,
              27.791668
            ],
            [
              77.635267,
              27.793109
            ],
            [
              77.635815,
              27.793522
            ],
            [
              77.636687,
              27.794447
            ],
            [
              77.637672,
              27.795502
            ],
            [
              77.638225,
              27.796089
            ],
            [
              77.63854,
              27.796567
            ],
            [
              77.638915,
              27.797095
            ],
            [
              77.639509,
              27.797524
            ],
            [
              77.640305,
              27.798471
            ],
            [
              77.641488,
              27.799838
            ],
            [
              77.641975,
              27.800425
            ],
            [
              77.642351,
              27.801025
            ],
            [
              77.642731,
              27.80153
            ],
            [
              77.643056,
              27.802071
            ],
            [
              77.643432,
              27.802563
            ],
            [
              77.644553,
              27.804237
            ],
            [
              77.644833,
              27.80486
            ],
            [
              77.645523,
              27.805888
            ],
            [
              77.645898,
              27.806452
            ],
            [
              77.646817,
              27.807363
            ],
            [
              77.647355,
              27.807724
            ],
            [
              77.647929,
              27.808031
            ],
            [
              77.648573,
              27.808175
            ],
            [
              77.649238,
              27.808238
            ],
            [
              77.650689,
              27.808247
            ],
            [
              77.651988,
              27.808657
            ],
            [
              77.653308,
              27.809208
            ],
            [
              77.654546,
              27.809889
            ],
            [
              77.655612,
              27.810741
            ],
            [
              77.65618,
              27.811291
            ],
            [
              77.656947,
              27.813033
            ],
            [
              77.657282,
              27.813606
            ],
            [
              77.658089,
              27.81472
            ],
            [
              77.658876,
              27.81574
            ],
            [
              77.659252,
              27.816425
            ],
            [
              77.659399,
              27.816676
            ],
            [
              77.659546,
              27.816926
            ],
            [
              77.659841,
              27.817598
            ],
            [
              77.660232,
              27.818076
            ],
            [
              77.660542,
              27.818654
            ],
            [
              77.660892,
              27.819227
            ],
            [
              77.661664,
              27.820499
            ],
            [
              77.663187,
              27.822272
            ],
            [
              77.663725,
              27.822651
            ],
            [
              77.664228,
              27.82312
            ],
            [
              77.6647,
              27.823431
            ],
            [
              77.665304,
              27.823778
            ],
            [
              77.665872,
              27.824184
            ],
            [
              77.666451,
              27.824437
            ],
            [
              77.667852,
              27.824666
            ],
            [
              77.668623,
              27.824761
            ],
            [
              77.669334,
              27.824761
            ],
            [
              77.670536,
              27.824485
            ],
            [
              77.671277,
              27.82411
            ],
            [
              77.671749,
              27.823681
            ],
            [
              77.672277,
              27.823153
            ],
            [
              77.672586,
              27.822625
            ],
            [
              77.672855,
              27.822097
            ],
            [
              77.673113,
              27.820974
            ],
            [
              77.673382,
              27.820328
            ],
            [
              77.67392,
              27.819981
            ],
            [
              77.674528,
              27.81962
            ],
            [
              77.675092,
              27.819403
            ],
            [
              77.676254,
              27.819032
            ],
            [
              77.67741,
              27.818441
            ],
            [
              77.678679,
              27.817773
            ],
            [
              77.679267,
              27.817398
            ],
            [
              77.679835,
              27.817145
            ],
            [
              77.680576,
              27.816942
            ],
            [
              77.681276,
              27.816847
            ],
            [
              77.681829,
              27.816607
            ],
            [
              77.683042,
              27.815795
            ],
            [
              77.683498,
              27.815456
            ],
            [
              77.683848,
              27.814991
            ],
            [
              77.684188,
              27.81385
            ],
            [
              77.684441,
              27.813308
            ],
            [
              77.684618,
              27.812748
            ],
            [
              77.685303,
              27.811643
            ],
            [
              77.685749,
              27.811128
            ],
            [
              77.686759,
              27.810279
            ],
            [
              77.687337,
              27.809909
            ],
            [
              77.687808,
              27.80944
            ],
            [
              77.688377,
              27.809092
            ],
            [
              77.688853,
              27.808785
            ],
            [
              77.68933,
              27.808478
            ],
            [
              77.690461,
              27.807846
            ],
            [
              77.691674,
              27.807412
            ],
            [
              77.692298,
              27.807123
            ],
            [
              77.692863,
              27.806841
            ],
            [
              77.693429,
              27.806558
            ],
            [
              77.694073,
              27.806175
            ],
            [
              77.694692,
              27.805741
            ],
            [
              77.695082,
              27.805335
            ],
            [
              77.695574,
              27.804904
            ],
            [
              77.696066,
              27.804473
            ],
            [
              77.697075,
              27.803633
            ],
            [
              77.697466,
              27.803294
            ],
            [
              77.697856,
              27.802802
            ],
            [
              77.698556,
              27.801881
            ],
            [
              77.699043,
              27.801448
            ],
            [
              77.699525,
              27.8011
            ],
            [
              77.700118,
              27.800752
            ],
            [
              77.70132,
              27.800201
            ],
            [
              77.702061,
              27.799899
            ],
            [
              77.702624,
              27.799479
            ],
            [
              77.70307,
              27.798964
            ],
            [
              77.703485,
              27.798508
            ],
            [
              77.703825,
              27.798066
            ],
            [
              77.704175,
              27.797583
            ],
            [
              77.704499,
              27.797104
            ],
            [
              77.704849,
              27.796486
            ],
            [
              77.705305,
              27.795335
            ],
            [
              77.705654,
              27.794171
            ],
            [
              77.705952,
              27.79297
            ],
            [
              77.706149,
              27.791806
            ],
            [
              77.70623,
              27.791147
            ],
            [
              77.70627,
              27.790599
            ],
            [
              77.70631,
              27.790051
            ],
            [
              77.706228,
              27.789031
            ],
            [
              77.706162,
              27.788467
            ],
            [
              77.706055,
              27.787867
            ],
            [
              77.705877,
              27.787222
            ],
            [
              77.705567,
              27.78674
            ],
            [
              77.705202,
              27.786311
            ],
            [
              77.704826,
              27.785734
            ],
            [
              77.704435,
              27.785256
            ],
            [
              77.703541,
              27.784228
            ],
            [
              77.703165,
              27.783917
            ],
            [
              77.702597,
              27.783484
            ],
            [
              77.702008,
              27.783123
            ],
            [
              77.701333,
              27.782826
            ],
            [
              77.700562,
              27.782537
            ],
            [
              77.699958,
              27.782348
            ],
            [
              77.699298,
              27.782132
            ],
            [
              77.69873,
              27.781916
            ],
            [
              77.698162,
              27.781808
            ],
            [
              77.697791,
              27.7817
            ],
            [
              77.697421,
              27.781591
            ],
            [
              77.696858,
              27.78147
            ],
            [
              77.696153,
              27.781303
            ],
            [
              77.695589,
              27.781218
            ],
            [
              77.694833,
              27.781087
            ],
            [
              77.694306,
              27.781079
            ],
            [
              77.693565,
              27.781029
            ],
            [
              77.692987,
              27.780994
            ],
            [
              77.692206,
              27.781044
            ],
            [
              77.691384,
              27.780886
            ],
            [
              77.690734,
              27.780873
            ],
            [
              77.689953,
              27.780815
            ],
            [
              77.689349,
              27.780779
            ],
            [
              77.688659,
              27.780766
            ],
            [
              77.68805,
              27.780734
            ],
            [
              77.686798,
              27.78083
            ],
            [
              77.686437,
              27.780861
            ],
            [
              77.686077,
              27.780893
            ],
            [
              77.685387,
              27.780948
            ],
            [
              77.684779,
              27.780903
            ],
            [
              77.684028,
              27.780736
            ],
            [
              77.683525,
              27.780502
            ],
            [
              77.682312,
              27.779713
            ],
            [
              77.681749,
              27.779266
            ],
            [
              77.680754,
              27.778644
            ],
            [
              77.679709,
              27.777783
            ],
            [
              77.679257,
              27.777241
            ],
            [
              77.678821,
              27.776853
            ],
            [
              77.67844,
              27.776443
            ],
            [
              77.678044,
              27.775924
            ],
            [
              77.677813,
              27.775654
            ],
            [
              77.677582,
              27.775383
            ],
            [
              77.676811,
              27.774278
            ],
            [
              77.676328,
              27.773389
            ],
            [
              77.675993,
              27.77227
            ],
            [
              77.675749,
              27.771684
            ],
            [
              77.67548,
              27.771061
            ],
            [
              77.67514,
              27.770529
            ],
            [
              77.674891,
              27.769992
            ],
            [
              77.674536,
              27.769424
            ],
            [
              77.674115,
              27.76881
            ],
            [
              77.673648,
              27.768292
            ],
            [
              77.673693,
              27.768007
            ],
            [
              77.673739,
              27.767723
            ],
            [
              77.673789,
              27.767091
            ],
            [
              77.673632,
              27.766523
            ],
            [
              77.673357,
              27.765909
            ],
            [
              77.673048,
              27.765454
            ],
            [
              77.672627,
              27.764849
            ],
            [
              77.672231,
              27.764412
            ],
            [
              77.671799,
              27.763965
            ],
            [
              77.671414,
              27.763365
            ],
            [
              77.671144,
              27.762729
            ],
            [
              77.670957,
              27.76221
            ],
            [
              77.670926,
              27.761493
            ],
            [
              77.670946,
              27.76046
            ],
            [
              77.671057,
              27.759864
            ],
            [
              77.671067,
              27.759232
            ],
            [
              77.670889,
              27.758068
            ],
            [
              77.670584,
              27.756823
            ],
            [
              77.670533,
              27.756182
            ],
            [
              77.670731,
              27.755411
            ],
            [
              77.670918,
              27.754941
            ],
            [
              77.671293,
              27.7544
            ],
            [
              77.67146,
              27.754102
            ],
            [
              77.671628,
              27.753804
            ],
            [
              77.671962,
              27.75324
            ],
            [
              77.672347,
              27.752735
            ],
            [
              77.672611,
              27.75217
            ],
            [
              77.672808,
              27.751683
            ],
            [
              77.673163,
              27.750988
            ],
            [
              77.673288,
              27.750727
            ],
            [
              77.673292,
              27.750717
            ],
            [
              77.673826,
              27.748995
            ],
            [
              77.674229,
              27.747904
            ],
            [
              77.674745,
              27.746925
            ],
            [
              77.675383,
              27.745994
            ],
            [
              77.676258,
              27.745173
            ],
            [
              77.67711,
              27.744485
            ],
            [
              77.678212,
              27.743736
            ],
            [
              77.679525,
              27.743262
            ],
            [
              77.680228,
              27.742811
            ],
            [
              77.680745,
              27.742274
            ],
            [
              77.680876,
              27.741944
            ],
            [
              77.680906,
              27.741447
            ],
            [
              77.681322,
              27.740204
            ],
            [
              77.681636,
              27.73948
            ],
            [
              77.681814,
              27.738819
            ],
            [
              77.682602,
              27.737627
            ],
            [
              77.682999,
              27.736905
            ],
            [
              77.683302,
              27.736209
            ],
            [
              77.683129,
              27.735445
            ],
            [
              77.682996,
              27.734835
            ],
            [
              77.682677,
              27.734148
            ],
            [
              77.683124,
              27.733472
            ],
            [
              77.684518,
              27.732022
            ],
            [
              77.685479,
              27.731059
            ],
            [
              77.687293,
              27.729246
            ],
            [
              77.687518,
              27.728862
            ],
            [
              77.687916,
              27.727513
            ],
            [
              77.688383,
              27.72633
            ],
            [
              77.689036,
              27.725708
            ],
            [
              77.689548,
              27.725467
            ],
            [
              77.689673,
              27.725306
            ],
            [
              77.690312,
              27.724482
            ],
            [
              77.691087,
              27.72347
            ],
            [
              77.691936,
              27.722335
            ],
            [
              77.692456,
              27.721677
            ],
            [
              77.69288,
              27.721141
            ],
            [
              77.69341,
              27.720198
            ],
            [
              77.693865,
              27.719389
            ],
            [
              77.694465,
              27.718273
            ],
            [
              77.695798,
              27.716204
            ],
            [
              77.697396,
              27.713743
            ],
            [
              77.69824,
              27.711787
            ],
            [
              77.698967,
              27.711078
            ],
            [
              77.699984,
              27.710248
            ],
            [
              77.700481,
              27.709842
            ],
            [
              77.701694,
              27.708651
            ],
            [
              77.702849,
              27.707778
            ],
            [
              77.704688,
              27.707446
            ],
            [
              77.706019,
              27.707133
            ],
            [
              77.707886,
              27.706372
            ],
            [
              77.708488,
              27.705744
            ],
            [
              77.708786,
              27.705278
            ],
            [
              77.709247,
              27.704437
            ],
            [
              77.709562,
              27.703081
            ],
            [
              77.709628,
              27.701745
            ],
            [
              77.709717,
              27.700248
            ],
            [
              77.709757,
              27.699198
            ],
            [
              77.70979,
              27.698493
            ],
            [
              77.709791,
              27.698484
            ],
            [
              77.70971,
              27.697238
            ],
            [
              77.709799,
              27.696308
            ],
            [
              77.709743,
              27.694883
            ],
            [
              77.709616,
              27.693904
            ],
            [
              77.708976,
              27.692636
            ],
            [
              77.708664,
              27.691608
            ],
            [
              77.708502,
              27.690273
            ],
            [
              77.708403,
              27.689879
            ],
            [
              77.708788,
              27.686873
            ],
            [
              77.708739,
              27.685653
            ],
            [
              77.708251,
              27.684157
            ],
            [
              77.707756,
              27.682994
            ],
            [
              77.707097,
              27.681109
            ],
            [
              77.706609,
              27.679565
            ],
            [
              77.705953,
              27.678447
            ],
            [
              77.705651,
              27.677373
            ],
            [
              77.705651,
              27.677372
            ],
            [
              77.704995,
              27.677574
            ],
            [
              77.704102,
              27.677884
            ],
            [
              77.702843,
              27.678371
            ],
            [
              77.701857,
              27.67882
            ],
            [
              77.701118,
              27.679093
            ],
            [
              77.700875,
              27.679169
            ],
            [
              77.700085,
              27.679406
            ],
            [
              77.699254,
              27.679744
            ],
            [
              77.69827,
              27.680148
            ],
            [
              77.697304,
              27.680252
            ],
            [
              77.695585,
              27.680555
            ],
            [
              77.694226,
              27.680659
            ],
            [
              77.692869,
              27.680651
            ],
            [
              77.691693,
              27.680425
            ],
            [
              77.690615,
              27.680454
            ],
            [
              77.68908,
              27.680409
            ],
            [
              77.687691,
              27.680073
            ],
            [
              77.686495,
              27.679609
            ],
            [
              77.685068,
              27.679215
            ],
            [
              77.683941,
              27.67899
            ],
            [
              77.683906,
              27.678983
            ],
            [
              77.68275,
              27.679057
            ],
            [
              77.681774,
              27.678997
            ],
            [
              77.680465,
              27.679003
            ],
            [
              77.679729,
              27.679246
            ],
            [
              77.678893,
              27.679878
            ],
            [
              77.678073,
              27.68034
            ],
            [
              77.67712,
              27.681094
            ],
            [
              77.676993,
              27.681137
            ],
            [
              77.676644,
              27.680782
            ],
            [
              77.675941,
              27.681122
            ],
            [
              77.675419,
              27.681227
            ],
            [
              77.675129,
              27.680415
            ],
            [
              77.674734,
              27.680534
            ],
            [
              77.674167,
              27.680003
            ],
            [
              77.673727,
              27.679788
            ],
            [
              77.673243,
              27.679204
            ],
            [
              77.67217,
              27.678613
            ],
            [
              77.671496,
              27.678061
            ],
            [
              77.670914,
              27.677273
            ],
            [
              77.670757,
              27.676864
            ],
            [
              77.670694,
              27.676163
            ],
            [
              77.670361,
              27.675632
            ],
            [
              77.669609,
              27.67517
            ],
            [
              77.668977,
              27.67507
            ],
            [
              77.667923,
              27.675145
            ],
            [
              77.667026,
              27.674985
            ],
            [
              77.666269,
              27.674748
            ],
            [
              77.665477,
              27.674392
            ],
            [
              77.665267,
              27.674795
            ],
            [
              77.66462,
              27.674469
            ],
            [
              77.664506,
              27.674296
            ],
            [
              77.664752,
              27.674063
            ],
            [
              77.664446,
              27.673781
            ],
            [
              77.664598,
              27.673128
            ],
            [
              77.664694,
              27.672372
            ],
            [
              77.664676,
              27.670989
            ],
            [
              77.664496,
              27.670068
            ],
            [
              77.664322,
              27.669218
            ],
            [
              77.664055,
              27.66821
            ],
            [
              77.663673,
              27.66756
            ],
            [
              77.663224,
              27.66681
            ],
            [
              77.662895,
              27.666093
            ],
            [
              77.662625,
              27.66525
            ],
            [
              77.662282,
              27.664572
            ],
            [
              77.661835,
              27.663715
            ],
            [
              77.661539,
              27.662925
            ],
            [
              77.661316,
              27.662263
            ],
            [
              77.661327,
              27.661692
            ],
            [
              77.661325,
              27.661093
            ],
            [
              77.66104,
              27.661097
            ],
            [
              77.660436,
              27.661443
            ],
            [
              77.660347,
              27.661494
            ],
            [
              77.659669,
              27.661789
            ],
            [
              77.658983,
              27.662152
            ],
            [
              77.658419,
              27.662458
            ],
            [
              77.65818,
              27.662515
            ],
            [
              77.658724,
              27.661858
            ],
            [
              77.659042,
              27.661084
            ],
            [
              77.659097,
              27.660847
            ],
            [
              77.659515,
              27.660887
            ],
            [
              77.659816,
              27.660339
            ],
            [
              77.659439,
              27.660187
            ],
            [
              77.659839,
              27.659809
            ],
            [
              77.660143,
              27.659813
            ],
            [
              77.660233,
              27.659713
            ],
            [
              77.660212,
              27.65951
            ],
            [
              77.660176,
              27.659379
            ],
            [
              77.660404,
              27.659417
            ],
            [
              77.660533,
              27.659249
            ],
            [
              77.660158,
              27.658984
            ],
            [
              77.66034,
              27.65875
            ],
            [
              77.66078,
              27.658948
            ],
            [
              77.661088,
              27.658704
            ],
            [
              77.661725,
              27.657879
            ],
            [
              77.662334,
              27.65712
            ],
            [
              77.662955,
              27.656418
            ],
            [
              77.663699,
              27.65525
            ],
            [
              77.664172,
              27.654343
            ],
            [
              77.664629,
              27.653639
            ],
            [
              77.665221,
              27.652445
            ],
            [
              77.66593,
              27.65109
            ],
            [
              77.666347,
              27.650481
            ],
            [
              77.667119,
              27.649172
            ],
            [
              77.667628,
              27.648379
            ],
            [
              77.667936,
              27.647452
            ],
            [
              77.668335,
              27.646453
            ],
            [
              77.668713,
              27.645068
            ],
            [
              77.6693083,
              27.6454734
            ],
            [
              77.67007,
              27.645988
            ],
            [
              77.671333,
              27.647041
            ],
            [
              77.672278,
              27.647806
            ],
            [
              77.67159,
              27.648795
            ],
            [
              77.672689,
              27.64917
            ],
            [
              77.674297,
              27.649844
            ],
            [
              77.67521,
              27.650195
            ],
            [
              77.676493,
              27.650638
            ],
            [
              77.677438,
              27.650997
            ],
            [
              77.678068,
              27.651192
            ],
            [
              77.678891,
              27.650788
            ],
            [
              77.680208,
              27.650699
            ],
            [
              77.681738,
              27.650815
            ],
            [
              77.682725,
              27.650714
            ],
            [
              77.683684,
              27.650279
            ],
            [
              77.684195,
              27.649747
            ],
            [
              77.684235,
              27.649705
            ],
            [
              77.684387,
              27.649348
            ],
            [
              77.68486,
              27.647796
            ],
            [
              77.685071,
              27.646391
            ],
            [
              77.685609,
              27.644779
            ],
            [
              77.686307,
              27.643233
            ],
            [
              77.686955,
              27.642668
            ],
            [
              77.688344,
              27.642167
            ],
            [
              77.689755,
              27.642202
            ],
            [
              77.689778,
              27.64221
            ],
            [
              77.691438,
              27.642784
            ],
            [
              77.692436,
              27.643388
            ],
            [
              77.693311,
              27.644069
            ],
            [
              77.694373,
              27.644656
            ],
            [
              77.69478,
              27.645352
            ],
            [
              77.694999,
              27.6457
            ],
            [
              77.695219,
              27.646048
            ],
            [
              77.695639,
              27.646417
            ],
            [
              77.696522,
              27.646703
            ],
            [
              77.697306,
              27.646607
            ],
            [
              77.698248,
              27.646276
            ],
            [
              77.69963,
              27.645717
            ],
            [
              77.700329,
              27.64544
            ],
            [
              77.701092,
              27.644739
            ],
            [
              77.702347,
              27.643611
            ],
            [
              77.703181,
              27.642977
            ],
            [
              77.704492,
              27.641856
            ],
            [
              77.704922,
              27.641288
            ],
            [
              77.705728,
              27.640024
            ],
            [
              77.706112,
              27.639296
            ],
            [
              77.706417,
              27.638096
            ],
            [
              77.706642,
              27.637266
            ],
            [
              77.706768,
              27.635661
            ],
            [
              77.706804,
              27.634993
            ],
            [
              77.70697,
              27.633404
            ],
            [
              77.706983,
              27.632714
            ],
            [
              77.70706,
              27.631604
            ],
            [
              77.707061,
              27.631589
            ],
            [
              77.707126,
              27.630635
            ],
            [
              77.70732,
              27.629297
            ],
            [
              77.707365,
              27.628601
            ],
            [
              77.707197,
              27.627646
            ],
            [
              77.707089,
              27.626487
            ],
            [
              77.7067,
              27.625146
            ],
            [
              77.706419,
              27.624332
            ],
            [
              77.706031,
              27.622896
            ],
            [
              77.705893,
              27.622485
            ],
            [
              77.704422,
              27.62185
            ],
            [
              77.702674,
              27.62144
            ],
            [
              77.70158,
              27.621235
            ],
            [
              77.700439,
              27.620904
            ],
            [
              77.698703,
              27.620321
            ],
            [
              77.69736,
              27.619696
            ],
            [
              77.696292,
              27.619264
            ],
            [
              77.695238,
              27.619005
            ],
            [
              77.693783,
              27.618716
            ],
            [
              77.69213,
              27.618456
            ],
            [
              77.690678,
              27.617979
            ],
            [
              77.68952,
              27.617648
            ],
            [
              77.688626,
              27.617352
            ],
            [
              77.686857,
              27.616886
            ],
            [
              77.686012,
              27.616795
            ],
            [
              77.685843,
              27.616376
            ],
            [
              77.685689,
              27.615131
            ],
            [
              77.685832,
              27.614347
            ],
            [
              77.684042,
              27.613826
            ],
            [
              77.682551,
              27.61334
            ],
            [
              77.681242,
              27.612834
            ],
            [
              77.679642,
              27.612527
            ],
            [
              77.6787,
              27.612395
            ],
            [
              77.678476,
              27.612392
            ],
            [
              77.677182,
              27.610809
            ],
            [
              77.676582,
              27.609841
            ],
            [
              77.676109,
              27.608969
            ],
            [
              77.674983,
              27.607828
            ],
            [
              77.67376,
              27.606474
            ],
            [
              77.672916,
              27.605385
            ],
            [
              77.672428,
              27.604324
            ],
            [
              77.672025,
              27.603217
            ],
            [
              77.671663,
              27.601601
            ],
            [
              77.671521,
              27.600679
            ],
            [
              77.671293,
              27.598969
            ],
            [
              77.671218,
              27.598245
            ],
            [
              77.670957,
              27.596858
            ],
            [
              77.670645,
              27.596098
            ],
            [
              77.670362,
              27.594451
            ],
            [
              77.670343,
              27.593602
            ],
            [
              77.670182,
              27.592027
            ],
            [
              77.670167,
              27.59095
            ],
            [
              77.670135,
              27.590797
            ],
            [
              77.669896,
              27.589649
            ],
            [
              77.669859,
              27.58876
            ],
            [
              77.670285,
              27.587901
            ],
            [
              77.670392,
              27.586928
            ],
            [
              77.670519,
              27.586018
            ],
            [
              77.670616,
              27.585029
            ],
            [
              77.67109,
              27.583966
            ],
            [
              77.671587,
              27.583337
            ],
            [
              77.672145,
              27.582748
            ],
            [
              77.672604,
              27.582487
            ],
            [
              77.673118,
              27.582353
            ],
            [
              77.673644,
              27.582023
            ],
            [
              77.673923,
              27.581865
            ],
            [
              77.673956,
              27.581847
            ],
            [
              77.674549,
              27.580794
            ],
            [
              77.675373,
              27.579879
            ],
            [
              77.676031,
              27.579094
            ],
            [
              77.676711,
              27.57857
            ],
            [
              77.677005,
              27.578519
            ],
            [
              77.677299,
              27.578468
            ],
            [
              77.678576,
              27.578566
            ],
            [
              77.679932,
              27.57868
            ],
            [
              77.681273,
              27.578888
            ],
            [
              77.682942,
              27.57929
            ],
            [
              77.685028,
              27.580201
            ],
            [
              77.686012,
              27.58086
            ],
            [
              77.686603,
              27.581592
            ],
            [
              77.686959,
              27.582352
            ],
            [
              77.687813,
              27.582475
            ],
            [
              77.688457,
              27.582909
            ],
            [
              77.690018,
              27.583623
            ],
            [
              77.690126,
              27.584413
            ],
            [
              77.690765,
              27.585404
            ],
            [
              77.691566,
              27.586271
            ],
            [
              77.693059,
              27.587703
            ],
            [
              77.69435,
              27.589052
            ],
            [
              77.695577,
              27.589941
            ],
            [
              77.696007,
              27.590177
            ],
            [
              77.697152,
              27.590804
            ],
            [
              77.699197,
              27.590738
            ],
            [
              77.702078,
              27.590622
            ],
            [
              77.704219,
              27.59016
            ],
            [
              77.704763,
              27.590043
            ],
            [
              77.706359,
              27.589227
            ],
            [
              77.708084,
              27.588175
            ],
            [
              77.708699,
              27.587863
            ],
            [
              77.709663,
              27.587374
            ],
            [
              77.712323,
              27.586177
            ],
            [
              77.713107,
              27.586127
            ],
            [
              77.714974,
              27.586009
            ],
            [
              77.717046,
              27.586388
            ],
            [
              77.719355,
              27.585993
            ],
            [
              77.720652,
              27.584982
            ],
            [
              77.721279,
              27.583724
            ],
            [
              77.721812,
              27.58275
            ],
            [
              77.722238,
              27.581314
            ],
            [
              77.721952,
              27.580439
            ],
            [
              77.721222,
              27.579526
            ],
            [
              77.720387,
              27.578547
            ],
            [
              77.720204,
              27.577373
            ],
            [
              77.720573,
              27.575667
            ],
            [
              77.720515,
              27.57394
            ],
            [
              77.720735,
              27.572121
            ],
            [
              77.720885,
              27.570714
            ],
            [
              77.72087,
              27.569573
            ],
            [
              77.720348,
              27.568472
            ],
            [
              77.719257,
              27.567902
            ],
            [
              77.716887,
              27.567266
            ],
            [
              77.715225,
              27.566846
            ],
            [
              77.714017,
              27.56686
            ],
            [
              77.71291,
              27.56667
            ],
            [
              77.712655,
              27.566498
            ],
            [
              77.711927,
              27.566006
            ],
            [
              77.711193,
              27.56533
            ],
            [
              77.710969,
              27.564915
            ],
            [
              77.710194,
              27.564555
            ],
            [
              77.709046,
              27.564206
            ],
            [
              77.707424,
              27.563517
            ],
            [
              77.706793,
              27.56288
            ],
            [
              77.706387,
              27.562289
            ],
            [
              77.705962,
              27.561697
            ],
            [
              77.705469,
              27.561104
            ],
            [
              77.704819,
              27.56018
            ],
            [
              77.704218,
              27.559487
            ],
            [
              77.703457,
              27.55861
            ],
            [
              77.702854,
              27.558016
            ],
            [
              77.701817,
              27.557108
            ],
            [
              77.701268,
              27.556574
            ],
            [
              77.700368,
              27.55597
            ],
            [
              77.699615,
              27.555477
            ],
            [
              77.699204,
              27.555115
            ],
            [
              77.698699,
              27.554545
            ],
            [
              77.698471,
              27.554224
            ],
            [
              77.698416,
              27.553911
            ],
            [
              77.698418,
              27.553898
            ],
            [
              77.698517,
              27.553381
            ],
            [
              77.698638,
              27.552836
            ],
            [
              77.698991,
              27.552359
            ],
            [
              77.69929,
              27.551936
            ],
            [
              77.699702,
              27.551219
            ],
            [
              77.699999,
              27.550796
            ],
            [
              77.700408,
              27.550085
            ],
            [
              77.700722,
              27.549712
            ],
            [
              77.701196,
              27.549313
            ],
            [
              77.702014,
              27.548734
            ],
            [
              77.702538,
              27.548298
            ],
            [
              77.702714,
              27.548059
            ],
            [
              77.702771,
              27.547502
            ],
            [
              77.702668,
              27.547068
            ],
            [
              77.702468,
              27.546561
            ],
            [
              77.702006,
              27.54547
            ],
            [
              77.701956,
              27.545359
            ],
            [
              77.701806,
              27.545023
            ],
            [
              77.701367,
              27.543987
            ],
            [
              77.7011,
              27.543474
            ],
            [
              77.700635,
              27.54258
            ],
            [
              77.700276,
              27.542044
            ],
            [
              77.699831,
              27.541336
            ],
            [
              77.699398,
              27.540832
            ],
            [
              77.699233,
              27.54049
            ],
            [
              77.698763,
              27.539837
            ],
            [
              77.69826,
              27.53909
            ],
            [
              77.697717,
              27.538403
            ],
            [
              77.697529,
              27.537957
            ],
            [
              77.69728,
              27.537471
            ],
            [
              77.69709,
              27.536943
            ],
            [
              77.697,
              27.536487
            ],
            [
              77.696951,
              27.535829
            ],
            [
              77.696838,
              27.535548
            ],
            [
              77.696725,
              27.535267
            ],
            [
              77.696555,
              27.53446
            ],
            [
              77.696219,
              27.533858
            ],
            [
              77.695895,
              27.533459
            ],
            [
              77.695316,
              27.532875
            ],
            [
              77.694711,
              27.532209
            ],
            [
              77.694194,
              27.531621
            ],
            [
              77.693058,
              27.530422
            ],
            [
              77.692575,
              27.52996
            ],
            [
              77.691934,
              27.529283
            ],
            [
              77.691261,
              27.528484
            ],
            [
              77.6912693,
              27.5284789
            ],
            [
              77.692426,
              27.527726
            ],
            [
              77.692901,
              27.527418
            ],
            [
              77.694203,
              27.526484
            ],
            [
              77.695079,
              27.525852
            ],
            [
              77.695921,
              27.52538
            ],
            [
              77.696229,
              27.525714
            ],
            [
              77.697273,
              27.525169
            ],
            [
              77.697997,
              27.524674
            ],
            [
              77.698745,
              27.524146
            ],
            [
              77.699706,
              27.523395
            ],
            [
              77.700663,
              27.522638
            ],
            [
              77.701421,
              27.521808
            ],
            [
              77.701858,
              27.522838
            ],
            [
              77.701275,
              27.523341
            ],
            [
              77.700563,
              27.524032
            ],
            [
              77.700849,
              27.524183
            ],
            [
              77.701252,
              27.524455
            ],
            [
              77.701325,
              27.524793
            ],
            [
              77.70166,
              27.525061
            ],
            [
              77.702471,
              27.525164
            ],
            [
              77.703167,
              27.525279
            ],
            [
              77.703652,
              27.525367
            ],
            [
              77.704197,
              27.525672
            ],
            [
              77.704624,
              27.526064
            ],
            [
              77.705077,
              27.526421
            ],
            [
              77.705516,
              27.526732
            ],
            [
              77.705899,
              27.526906
            ],
            [
              77.706241,
              27.527143
            ],
            [
              77.706757,
              27.527529
            ],
            [
              77.707062,
              27.527883
            ],
            [
              77.707471,
              27.528317
            ],
            [
              77.708012,
              27.528791
            ],
            [
              77.708326,
              27.529124
            ],
            [
              77.708907,
              27.528209
            ],
            [
              77.70918,
              27.528297
            ],
            [
              77.709587,
              27.527505
            ],
            [
              77.710085,
              27.526727
            ],
            [
              77.710461,
              27.526733
            ],
            [
              77.710655,
              27.526449
            ],
            [
              77.70954,
              27.525564
            ],
            [
              77.708485,
              27.524667
            ],
            [
              77.707509,
              27.523924
            ],
            [
              77.706506,
              27.523202
            ],
            [
              77.706842,
              27.522437
            ],
            [
              77.707531,
              27.521663
            ],
            [
              77.708241,
              27.520847
            ],
            [
              77.708889,
              27.520191
            ],
            [
              77.709577,
              27.519473
            ],
            [
              77.710374,
              27.518826
            ],
            [
              77.709875,
              27.518189
            ],
            [
              77.709068,
              27.517443
            ],
            [
              77.709596,
              27.516905
            ],
            [
              77.710133,
              27.516331
            ],
            [
              77.710614,
              27.516422
            ],
            [
              77.711202,
              27.516487
            ],
            [
              77.711582,
              27.516296
            ],
            [
              77.712014,
              27.516302
            ],
            [
              77.712749,
              27.516467
            ],
            [
              77.713368,
              27.516546
            ],
            [
              77.714131,
              27.516683
            ],
            [
              77.714819,
              27.516833
            ],
            [
              77.715709,
              27.517126
            ],
            [
              77.717334,
              27.51715
            ],
            [
              77.71741,
              27.517163
            ],
            [
              77.718316,
              27.517318
            ],
            [
              77.719474,
              27.51769
            ],
            [
              77.719254,
              27.518086
            ],
            [
              77.719089,
              27.51849
            ],
            [
              77.718878,
              27.518879
            ],
            [
              77.718501,
              27.519308
            ],
            [
              77.71833,
              27.519831
            ],
            [
              77.718394,
              27.520652
            ],
            [
              77.718178,
              27.521273
            ],
            [
              77.718426,
              27.521697
            ],
            [
              77.719029,
              27.522259
            ],
            [
              77.72001,
              27.523149
            ],
            [
              77.720726,
              27.523531
            ],
            [
              77.721276,
              27.524053
            ],
            [
              77.721687,
              27.524519
            ],
            [
              77.721668,
              27.524722
            ],
            [
              77.721924,
              27.524915
            ],
            [
              77.722644,
              27.525493
            ],
            [
              77.722754,
              27.525921
            ],
            [
              77.722963,
              27.526072
            ],
            [
              77.723601,
              27.525534
            ],
            [
              77.723882,
              27.525875
            ],
            [
              77.724325,
              27.526547
            ],
            [
              77.724676,
              27.526243
            ],
            [
              77.724987,
              27.526458
            ],
            [
              77.725677,
              27.526973
            ],
            [
              77.726641,
              27.527309
            ],
            [
              77.727609,
              27.527624
            ],
            [
              77.728608,
              27.528024
            ],
            [
              77.729654,
              27.528578
            ],
            [
              77.729791,
              27.528832
            ],
            [
              77.730006,
              27.529116
            ],
            [
              77.730923,
              27.529641
            ],
            [
              77.731561,
              27.530238
            ],
            [
              77.731663,
              27.530688
            ],
            [
              77.732174,
              27.531088
            ],
            [
              77.733123,
              27.531599
            ],
            [
              77.733033,
              27.53187
            ],
            [
              77.733033,
              27.531871
            ],
            [
              77.733041,
              27.531851
            ],
            [
              77.733484,
              27.532075
            ],
            [
              77.733951,
              27.532334
            ],
            [
              77.734364,
              27.532059
            ],
            [
              77.734646,
              27.531692
            ],
            [
              77.735337,
              27.532143
            ],
            [
              77.735617,
              27.531832
            ],
            [
              77.736051,
              27.531089
            ],
            [
              77.736339,
              27.531198
            ],
            [
              77.736602,
              27.530985
            ],
            [
              77.73699,
              27.530794
            ],
            [
              77.737354,
              27.530666
            ],
            [
              77.737984,
              27.530577
            ],
            [
              77.738266,
              27.530595
            ],
            [
              77.738551,
              27.530474
            ],
            [
              77.738863,
              27.530366
            ],
            [
              77.739235,
              27.530231
            ],
            [
              77.739506,
              27.529976
            ],
            [
              77.739745,
              27.52979
            ],
            [
              77.739978,
              27.529506
            ],
            [
              77.74032,
              27.528853
            ],
            [
              77.740707,
              27.52895
            ],
            [
              77.741109,
              27.528395
            ],
            [
              77.741597,
              27.527926
            ],
            [
              77.74191,
              27.527538
            ],
            [
              77.742174,
              27.527262
            ],
            [
              77.742764,
              27.526542
            ],
            [
              77.743328,
              27.525751
            ],
            [
              77.743617,
              27.52544
            ],
            [
              77.744097,
              27.524691
            ],
            [
              77.744666,
              27.524061
            ],
            [
              77.745009,
              27.523758
            ],
            [
              77.745722,
              27.523222
            ],
            [
              77.746338,
              27.522593
            ],
            [
              77.746909,
              27.522244
            ],
            [
              77.747401,
              27.521985
            ],
            [
              77.74836,
              27.521691
            ],
            [
              77.74874,
              27.521628
            ],
            [
              77.748915,
              27.521527
            ],
            [
              77.749828,
              27.521004
            ],
            [
              77.751027,
              27.520269
            ],
            [
              77.751409,
              27.5195
            ],
            [
              77.752191,
              27.518524
            ],
            [
              77.752521,
              27.518502
            ],
            [
              77.752926,
              27.518652
            ],
            [
              77.754045,
              27.517987
            ],
            [
              77.755403,
              27.517207
            ],
            [
              77.756367,
              27.517785
            ],
            [
              77.757228,
              27.516787
            ],
            [
              77.758248,
              27.517383
            ],
            [
              77.759698,
              27.518897
            ],
            [
              77.760651,
              27.519964
            ],
            [
              77.76264,
              27.523024
            ],
            [
              77.763126,
              27.524728
            ],
            [
              77.76426,
              27.526803
            ],
            [
              77.76509,
              27.528302
            ],
            [
              77.765326,
              27.528716
            ],
            [
              77.766098,
              27.530073
            ],
            [
              77.767263,
              27.531957
            ],
            [
              77.767502,
              27.532606
            ],
            [
              77.767516,
              27.53284
            ],
            [
              77.767582,
              27.533992
            ],
            [
              77.767569,
              27.534735
            ],
            [
              77.768203,
              27.535435
            ],
            [
              77.768902,
              27.536549
            ],
            [
              77.768962,
              27.538141
            ],
            [
              77.768694,
              27.538512
            ],
            [
              77.76878,
              27.538889
            ],
            [
              77.768631,
              27.539133
            ],
            [
              77.768442,
              27.539354
            ],
            [
              77.768025,
              27.53983
            ],
            [
              77.768079,
              27.540511
            ],
            [
              77.769313,
              27.540787
            ],
            [
              77.770757,
              27.541078
            ],
            [
              77.77216,
              27.541473
            ],
            [
              77.773602,
              27.54187
            ],
            [
              77.774333,
              27.542256
            ],
            [
              77.774967,
              27.542934
            ],
            [
              77.777142,
              27.545126
            ],
            [
              77.778086,
              27.546126
            ],
            [
              77.779147,
              27.547209
            ],
            [
              77.779952,
              27.547902
            ],
            [
              77.780612,
              27.548545
            ],
            [
              77.78135,
              27.549529
            ],
            [
              77.781797,
              27.550124
            ],
            [
              77.782765,
              27.551265
            ],
            [
              77.782772,
              27.551297
            ],
            [
              77.783438,
              27.551967
            ],
            [
              77.783942,
              27.55174
            ],
            [
              77.784916,
              27.551095
            ],
            [
              77.785437,
              27.550692
            ],
            [
              77.785315,
              27.550103
            ],
            [
              77.785482,
              27.550017
            ],
            [
              77.785941,
              27.549736
            ],
            [
              77.78626,
              27.549582
            ],
            [
              77.786746,
              27.54933
            ],
            [
              77.787054,
              27.549011
            ],
            [
              77.787267,
              27.548515
            ],
            [
              77.787144,
              27.548014
            ],
            [
              77.787112,
              27.547319
            ],
            [
              77.787587,
              27.547181
            ],
            [
              77.787782,
              27.54699
            ],
            [
              77.787777,
              27.546976
            ],
            [
              77.788233,
              27.546802
            ],
            [
              77.788831,
              27.546511
            ],
            [
              77.789443,
              27.546185
            ],
            [
              77.789765,
              27.546201
            ],
            [
              77.790026,
              27.546358
            ],
            [
              77.790265,
              27.546625
            ],
            [
              77.790429,
              27.54708
            ],
            [
              77.790539,
              27.547527
            ],
            [
              77.790918,
              27.547333
            ],
            [
              77.791288,
              27.546939
            ],
            [
              77.79192,
              27.546578
            ],
            [
              77.792366,
              27.546672
            ],
            [
              77.792603,
              27.546311
            ],
            [
              77.792654,
              27.546054
            ],
            [
              77.792731,
              27.545785
            ],
            [
              77.792918,
              27.545658
            ],
            [
              77.793167,
              27.545738
            ],
            [
              77.793532,
              27.545925
            ],
            [
              77.793909,
              27.546218
            ],
            [
              77.793946,
              27.546401
            ],
            [
              77.793677,
              27.546702
            ],
            [
              77.793347,
              27.547103
            ],
            [
              77.793301,
              27.547466
            ],
            [
              77.793459,
              27.547862
            ],
            [
              77.793893,
              27.548667
            ],
            [
              77.794328,
              27.548649
            ],
            [
              77.794665,
              27.548219
            ],
            [
              77.795065,
              27.547955
            ],
            [
              77.795227,
              27.54808
            ],
            [
              77.795227,
              27.548106
            ],
            [
              77.795005,
              27.548723
            ],
            [
              77.794679,
              27.549288
            ],
            [
              77.794609,
              27.54951
            ],
            [
              77.794825,
              27.549596
            ],
            [
              77.795278,
              27.54969
            ],
            [
              77.795284,
              27.549708
            ],
            [
              77.795401,
              27.549803
            ],
            [
              77.795541,
              27.550064
            ],
            [
              77.79602,
              27.550587
            ],
            [
              77.796712,
              27.551666
            ],
            [
              77.798716,
              27.550883
            ],
            [
              77.800049,
              27.550737
            ],
            [
              77.801168,
              27.5508
            ],
            [
              77.802572,
              27.549633
            ],
            [
              77.803928,
              27.548612
            ],
            [
              77.804978,
              27.548215
            ],
            [
              77.805614,
              27.547881
            ],
            [
              77.805872,
              27.547698
            ],
            [
              77.806548,
              27.547398
            ],
            [
              77.807044,
              27.546888
            ],
            [
              77.807622,
              27.546897
            ],
            [
              77.807822,
              27.547416
            ],
            [
              77.808152,
              27.547069
            ],
            [
              77.808949,
              27.546523
            ],
            [
              77.809297,
              27.546486
            ],
            [
              77.809358,
              27.546941
            ],
            [
              77.809718,
              27.547525
            ],
            [
              77.810073,
              27.547116
            ],
            [
              77.810845,
              27.546631
            ],
            [
              77.81103,
              27.546655
            ],
            [
              77.811528,
              27.54598
            ],
            [
              77.812611,
              27.544983
            ],
            [
              77.813195,
              27.544681
            ],
            [
              77.813733,
              27.544338
            ],
            [
              77.814222,
              27.54422
            ],
            [
              77.815679,
              27.545389
            ],
            [
              77.81616,
              27.545643
            ],
            [
              77.81769,
              27.546615
            ],
            [
              77.819394,
              27.547134
            ],
            [
              77.820298,
              27.547105
            ],
            [
              77.820897,
              27.547278
            ],
            [
              77.821183,
              27.548108
            ],
            [
              77.821615,
              27.548589
            ],
            [
              77.821584,
              27.549023
            ],
            [
              77.822009,
              27.548574
            ],
            [
              77.821691,
              27.548198
            ],
            [
              77.821511,
              27.547927
            ],
            [
              77.821794,
              27.547601
            ],
            [
              77.821848,
              27.547188
            ],
            [
              77.822938,
              27.547059
            ],
            [
              77.823678,
              27.54711
            ],
            [
              77.824169,
              27.546869
            ],
            [
              77.824306,
              27.54699
            ],
            [
              77.824686,
              27.547057
            ],
            [
              77.825078,
              27.547155
            ],
            [
              77.825798,
              27.547031
            ],
            [
              77.826213,
              27.547181
            ],
            [
              77.826865,
              27.547201
            ],
            [
              77.827445,
              27.547147
            ],
            [
              77.827746,
              27.547151
            ],
            [
              77.827974,
              27.547329
            ],
            [
              77.828306,
              27.547572
            ],
            [
              77.828935,
              27.548035
            ],
            [
              77.829126,
              27.548368
            ],
            [
              77.829282,
              27.548711
            ],
            [
              77.82967,
              27.549046
            ],
            [
              77.830151,
              27.549342
            ],
            [
              77.830557,
              27.549265
            ],
            [
              77.830746,
              27.549092
            ],
            [
              77.831166,
              27.548232
            ],
            [
              77.831455,
              27.547564
            ],
            [
              77.831886,
              27.546754
            ],
            [
              77.832055,
              27.546364
            ],
            [
              77.832531,
              27.546257
            ],
            [
              77.83281,
              27.54623
            ],
            [
              77.832975,
              27.546057
            ],
            [
              77.833472,
              27.545539
            ],
            [
              77.833708,
              27.545315
            ],
            [
              77.834364,
              27.544849
            ],
            [
              77.834747,
              27.544824
            ],
            [
              77.835257,
              27.544769
            ],
            [
              77.83554,
              27.544483
            ],
            [
              77.835604,
              27.544102
            ],
            [
              77.835933,
              27.543136
            ],
            [
              77.836057,
              27.542694
            ],
            [
              77.836892,
              27.541668
            ],
            [
              77.837195,
              27.541549
            ],
            [
              77.83816,
              27.540643
            ],
            [
              77.838521,
              27.540483
            ],
            [
              77.838792,
              27.540249
            ],
            [
              77.839635,
              27.539003
            ],
            [
              77.839894,
              27.538748
            ],
            [
              77.84009,
              27.538111
            ],
            [
              77.840349,
              27.537897
            ],
            [
              77.841621,
              27.537274
            ],
            [
              77.842321,
              27.536964
            ],
            [
              77.842546,
              27.537365
            ],
            [
              77.842744,
              27.537956
            ],
            [
              77.842752,
              27.538162
            ],
            [
              77.842747,
              27.538472
            ],
            [
              77.84303,
              27.538817
            ],
            [
              77.842962,
              27.539416
            ],
            [
              77.842957,
              27.539726
            ],
            [
              77.843204,
              27.540142
            ],
            [
              77.844011,
              27.54102
            ],
            [
              77.844757,
              27.542084
            ],
            [
              77.844915,
              27.542292
            ],
            [
              77.845097,
              27.543157
            ],
            [
              77.845483,
              27.543586
            ],
            [
              77.84596,
              27.54415
            ],
            [
              77.846193,
              27.544721
            ],
            [
              77.846845,
              27.545571
            ],
            [
              77.847289,
              27.546001
            ],
            [
              77.847558,
              27.54651
            ],
            [
              77.847445,
              27.547035
            ],
            [
              77.84739,
              27.547504
            ],
            [
              77.847739,
              27.548107
            ],
            [
              77.848028,
              27.548782
            ],
            [
              77.848461,
              27.549222
            ],
            [
              77.849345,
              27.550287
            ],
            [
              77.849993,
              27.550879
            ],
            [
              77.850666,
              27.551436
            ],
            [
              77.851208,
              27.551827
            ],
            [
              77.85141,
              27.552202
            ],
            [
              77.851666,
              27.553496
            ],
            [
              77.851667,
              27.554084
            ],
            [
              77.851725,
              27.554736
            ],
            [
              77.852221,
              27.554835
            ],
            [
              77.852819,
              27.55507
            ],
            [
              77.853256,
              27.555242
            ],
            [
              77.854061,
              27.555579
            ],
            [
              77.85561,
              27.555834
            ],
            [
              77.855949,
              27.554971
            ],
            [
              77.856805,
              27.553661
            ],
            [
              77.856208,
              27.553323
            ],
            [
              77.8565,
              27.552542
            ],
            [
              77.85738,
              27.552513
            ],
            [
              77.857863,
              27.552317
            ],
            [
              77.85804,
              27.552635
            ],
            [
              77.858046,
              27.552976
            ],
            [
              77.857675,
              27.55421
            ],
            [
              77.857951,
              27.554296
            ],
            [
              77.85844,
              27.552816
            ],
            [
              77.858871,
              27.551954
            ],
            [
              77.859239,
              27.551558
            ],
            [
              77.859905,
              27.551195
            ],
            [
              77.86081,
              27.551073
            ],
            [
              77.861413,
              27.551009
            ],
            [
              77.861624,
              27.550877
            ],
            [
              77.862237,
              27.550506
            ],
            [
              77.862722,
              27.550595
            ],
            [
              77.863235,
              27.550364
            ],
            [
              77.863757,
              27.550309
            ],
            [
              77.864043,
              27.549807
            ],
            [
              77.864359,
              27.549595
            ],
            [
              77.864231,
              27.548984
            ],
            [
              77.86463,
              27.548638
            ],
            [
              77.86487,
              27.548807
            ],
            [
              77.865063,
              27.549078
            ],
            [
              77.865389,
              27.548917
            ],
            [
              77.866342,
              27.548042
            ],
            [
              77.866196,
              27.547771
            ],
            [
              77.866745,
              27.547213
            ],
            [
              77.866634,
              27.546922
            ],
            [
              77.866555,
              27.546818
            ],
            [
              77.866251,
              27.54701
            ],
            [
              77.866098,
              27.547173
            ],
            [
              77.865836,
              27.546922
            ],
            [
              77.866603,
              27.546013
            ],
            [
              77.867233,
              27.545061
            ],
            [
              77.86755,
              27.544787
            ],
            [
              77.867743,
              27.545037
            ],
            [
              77.867776,
              27.54511
            ],
            [
              77.86825,
              27.544824
            ],
            [
              77.868567,
              27.54521
            ],
            [
              77.869001,
              27.545598
            ],
            [
              77.868906,
              27.545752
            ],
            [
              77.868459,
              27.546128
            ],
            [
              77.868299,
              27.546012
            ],
            [
              77.868003,
              27.545739
            ],
            [
              77.86771,
              27.545952
            ],
            [
              77.867315,
              27.545999
            ],
            [
              77.867105,
              27.54613
            ],
            [
              77.866999,
              27.546242
            ],
            [
              77.867087,
              27.546471
            ],
            [
              77.867179,
              27.546554
            ],
            [
              77.867258,
              27.546638
            ],
            [
              77.86742,
              27.546682
            ],
            [
              77.867687,
              27.546613
            ],
            [
              77.868037,
              27.546432
            ],
            [
              77.868451,
              27.546644
            ],
            [
              77.868827,
              27.546308
            ],
            [
              77.869056,
              27.546456
            ],
            [
              77.869231,
              27.546355
            ],
            [
              77.869271,
              27.546046
            ],
            [
              77.869432,
              27.546089
            ],
            [
              77.869756,
              27.546114
            ],
            [
              77.870062,
              27.545829
            ],
            [
              77.870351,
              27.545843
            ],
            [
              77.870568,
              27.546011
            ],
            [
              77.870923,
              27.546233
            ],
            [
              77.871439,
              27.54654
            ],
            [
              77.872001,
              27.546878
            ],
            [
              77.872447,
              27.547193
            ],
            [
              77.872964,
              27.547397
            ],
            [
              77.873166,
              27.547121
            ],
            [
              77.873269,
              27.547174
            ],
            [
              77.873462,
              27.547424
            ],
            [
              77.873567,
              27.547384
            ],
            [
              77.873754,
              27.547283
            ],
            [
              77.873748,
              27.548156
            ],
            [
              77.873242,
              27.548624
            ],
            [
              77.873568,
              27.549238
            ],
            [
              77.873759,
              27.549581
            ],
            [
              77.873821,
              27.549676
            ],
            [
              77.874282,
              27.549332
            ],
            [
              77.874422,
              27.549319
            ],
            [
              77.874648,
              27.549314
            ],
            [
              77.874804,
              27.549339
            ],
            [
              77.874801,
              27.549479
            ],
            [
              77.874727,
              27.549749
            ],
            [
              77.874916,
              27.550379
            ],
            [
              77.875187,
              27.550284
            ],
            [
              77.875662,
              27.550174
            ],
            [
              77.875888,
              27.550169
            ],
            [
              77.876221,
              27.55029
            ],
            [
              77.876805,
              27.549887
            ],
            [
              77.877005,
              27.549615
            ],
            [
              77.877121,
              27.549227
            ],
            [
              77.877393,
              27.548813
            ],
            [
              77.877593,
              27.548498
            ],
            [
              77.878132,
              27.548
            ],
            [
              77.878409,
              27.547767
            ],
            [
              77.877145,
              27.546743
            ],
            [
              77.876587,
              27.546126
            ],
            [
              77.876737,
              27.54598
            ],
            [
              77.875939,
              27.545118
            ],
            [
              77.876668,
              27.544161
            ],
            [
              77.877305,
              27.543457
            ],
            [
              77.877438,
              27.543325
            ],
            [
              77.877479,
              27.543187
            ],
            [
              77.877471,
              27.542935
            ],
            [
              77.877433,
              27.542609
            ],
            [
              77.877477,
              27.542524
            ],
            [
              77.877601,
              27.542421
            ],
            [
              77.877848,
              27.542208
            ],
            [
              77.878281,
              27.541661
            ],
            [
              77.878654,
              27.541157
            ],
            [
              77.8792941,
              27.539975
            ],
            [
              77.8797195,
              27.5401544
            ],
            [
              77.8799056,
              27.5402601
            ],
            [
              77.8799968,
              27.5403346
            ],
            [
              77.8800622,
              27.5403681
            ],
            [
              77.8801608,
              27.540389
            ],
            [
              77.8802304,
              27.5403867
            ],
            [
              77.8806705,
              27.5399352
            ],
            [
              77.8810255,
              27.5395347
            ],
            [
              77.881231,
              27.5392989
            ],
            [
              77.881607,
              27.5390556
            ],
            [
              77.8817035,
              27.5389882
            ],
            [
              77.8818103,
              27.538957
            ],
            [
              77.8822984,
              27.5389211
            ],
            [
              77.8828419,
              27.5388564
            ],
            [
              77.8832547,
              27.5388292
            ],
            [
              77.8838558,
              27.5388177
            ],
            [
              77.8843728,
              27.5388018
            ],
            [
              77.8854224,
              27.5388289
            ],
            [
              77.8859348,
              27.5388717
            ],
            [
              77.8862727,
              27.5389383
            ],
            [
              77.8864833,
              27.5390555
            ],
            [
              77.8866641,
              27.5391984
            ],
            [
              77.8867841,
              27.5392556
            ],
            [
              77.886963,
              27.5392972
            ],
            [
              77.8871857,
              27.5393492
            ],
            [
              77.8873677,
              27.5394235
            ],
            [
              77.8874788,
              27.5394642
            ],
            [
              77.8875225,
              27.5394747
            ],
            [
              77.8876036,
              27.5394529
            ],
            [
              77.887729,
              27.5394022
            ],
            [
              77.8877842,
              27.5393899
            ],
            [
              77.8878429,
              27.5393841
            ],
            [
              77.8881504,
              27.5396268
            ],
            [
              77.888544,
              27.5399752
            ],
            [
              77.8888765,
              27.5402475
            ],
            [
              77.8890593,
              27.5403514
            ],
            [
              77.8893601,
              27.5405841
            ],
            [
              77.8896905,
              27.5407715
            ],
            [
              77.8898538,
              27.5408717
            ],
            [
              77.8899077,
              27.5409344
            ],
            [
              77.8899101,
              27.5410129
            ],
            [
              77.8898977,
              27.5410944
            ],
            [
              77.8895654,
              27.541456
            ],
            [
              77.8894068,
              27.5416303
            ],
            [
              77.8893082,
              27.5418218
            ],
            [
              77.8892688,
              27.541988
            ],
            [
              77.8892677,
              27.5420533
            ],
            [
              77.8893455,
              27.542221
            ],
            [
              77.8896317,
              27.5426398
            ],
            [
              77.8899126,
              27.5430422
            ],
            [
              77.8902358,
              27.5434419
            ],
            [
              77.890487,
              27.5437557
            ],
            [
              77.8907799,
              27.5440994
            ],
            [
              77.8910076,
              27.544292
            ],
            [
              77.8910981,
              27.5443618
            ],
            [
              77.8911633,
              27.5444118
            ],
            [
              77.8912305,
              27.5445531
            ],
            [
              77.8912597,
              27.5447725
            ],
            [
              77.8912197,
              27.5450824
            ],
            [
              77.8911673,
              27.5455817
            ],
            [
              77.8911916,
              27.5458827
            ],
            [
              77.8912324,
              27.5459649
            ],
            [
              77.8913047,
              27.5460247
            ],
            [
              77.891403,
              27.546062
            ],
            [
              77.8914973,
              27.546122
            ],
            [
              77.8915479,
              27.5461651
            ],
            [
              77.8915729,
              27.546208
            ],
            [
              77.8915717,
              27.5462798
            ],
            [
              77.8914685,
              27.5465269
            ],
            [
              77.8914685,
              27.5467458
            ],
            [
              77.8916004,
              27.5471822
            ],
            [
              77.891806,
              27.5477077
            ],
            [
              77.8919484,
              27.5481769
            ],
            [
              77.8920193,
              27.5484262
            ],
            [
              77.8920145,
              27.5484948
            ],
            [
              77.891973,
              27.5485661
            ],
            [
              77.8918912,
              27.5486369
            ],
            [
              77.8918718,
              27.548702
            ],
            [
              77.8918704,
              27.5487804
            ],
            [
              77.8920319,
              27.5489884
            ],
            [
              77.8923881,
              27.5493886
            ],
            [
              77.8926646,
              27.5496145
            ],
            [
              77.8923697,
              27.549934
            ],
            [
              77.892365,
              27.5499994
            ],
            [
              77.8923929,
              27.5500814
            ],
            [
              77.8931233,
              27.5506761
            ],
            [
              77.8934927,
              27.5510535
            ],
            [
              77.894221,
              27.5515534
            ],
            [
              77.8941413,
              27.551719
            ],
            [
              77.8938893,
              27.5519933
            ],
            [
              77.8938777,
              27.5520259
            ],
            [
              77.8944772,
              27.5523378
            ],
            [
              77.8955782,
              27.5526989
            ],
            [
              77.8959073,
              27.5527997
            ],
            [
              77.8966919,
              27.5530128
            ],
            [
              77.8971691,
              27.5531368
            ],
            [
              77.8974718,
              27.5532257
            ],
            [
              77.8975297,
              27.5532265
            ],
            [
              77.8975903,
              27.5532126
            ],
            [
              77.897898,
              27.5528981
            ],
            [
              77.897972,
              27.5528517
            ],
            [
              77.8980958,
              27.5529073
            ],
            [
              77.8982914,
              27.55299
            ],
            [
              77.8983829,
              27.5529994
            ],
            [
              77.8985608,
              27.5529919
            ],
            [
              77.8988665,
              27.5529077
            ],
            [
              77.8991073,
              27.5527492
            ],
            [
              77.8994206,
              27.5524887
            ],
            [
              77.89975,
              27.5525714
            ],
            [
              77.9001914,
              27.5525369
            ],
            [
              77.9007277,
              27.552627
            ],
            [
              77.9011601,
              27.5527471
            ],
            [
              77.9017132,
              27.552993
            ],
            [
              77.9021645,
              27.553182
            ],
            [
              77.9024717,
              27.5533331
            ],
            [
              77.9026105,
              27.5533611
            ],
            [
              77.9027681,
              27.5533632
            ],
            [
              77.9029669,
              27.5533135
            ],
            [
              77.903502,
              27.5530919
            ],
            [
              77.9036414,
              27.553195
            ],
            [
              77.9042081,
              27.5536143
            ],
            [
              77.9045825,
              27.5539134
            ],
            [
              77.9047371,
              27.5540952
            ],
            [
              77.9048245,
              27.5543446
            ],
            [
              77.9048537,
              27.5545739
            ],
            [
              77.9048432,
              27.5548744
            ],
            [
              77.9048838,
              27.5550775
            ],
            [
              77.904935,
              27.5553069
            ],
            [
              77.9050058,
              27.5554517
            ],
            [
              77.905015,
              27.5555629
            ],
            [
              77.9049879,
              27.5557619
            ],
            [
              77.9049627,
              27.5559479
            ],
            [
              77.9048639,
              27.5561622
            ],
            [
              77.9047843,
              27.556318
            ],
            [
              77.9046747,
              27.5565159
            ],
            [
              77.9045567,
              27.5566712
            ],
            [
              77.9044693,
              27.5568531
            ],
            [
              77.9044346,
              27.5569604
            ],
            [
              77.904433,
              27.5570519
            ],
            [
              77.9044779,
              27.5572192
            ],
            [
              77.9046605,
              27.5576987
            ],
            [
              77.9047636,
              27.5579975
            ],
            [
              77.9048105,
              27.5582627
            ],
            [
              77.9048248,
              27.558508
            ],
            [
              77.9048415,
              27.5586064
            ],
            [
              77.9050998,
              27.5589398
            ],
            [
              77.9051549,
              27.5590385
            ],
            [
              77.9052105,
              27.5592256
            ],
            [
              77.9052445,
              27.5598241
            ],
            [
              77.9052705,
              27.5602427
            ],
            [
              77.9053544,
              27.5605967
            ],
            [
              77.9056563,
              27.5611791
            ],
            [
              77.9060989,
              27.5619987
            ],
            [
              77.9063059,
              27.562338
            ],
            [
              77.9064634,
              27.562461
            ],
            [
              77.9065324,
              27.5624978
            ],
            [
              77.9066046,
              27.5625641
            ],
            [
              77.9066475,
              27.56263
            ],
            [
              77.9066465,
              27.5626889
            ],
            [
              77.9066232,
              27.562767
            ],
            [
              77.9065633,
              27.5628381
            ],
            [
              77.9065151,
              27.5628767
            ],
            [
              77.9064666,
              27.5629283
            ],
            [
              77.9064549,
              27.5629706
            ],
            [
              77.9064538,
              27.563036
            ],
            [
              77.9066741,
              27.5632317
            ],
            [
              77.9070899,
              27.5635771
            ],
            [
              77.9073561,
              27.5637766
            ],
            [
              77.9075044,
              27.5638963
            ],
            [
              77.9076524,
              27.5640289
            ],
            [
              77.9077752,
              27.5641384
            ],
            [
              77.907865,
              27.564254
            ],
            [
              77.9079367,
              27.5643464
            ],
            [
              77.9079756,
              27.5644319
            ],
            [
              77.9079899,
              27.564455
            ],
            [
              77.9080334,
              27.5644849
            ],
            [
              77.9081396,
              27.5644962
            ],
            [
              77.9083849,
              27.5645092
            ],
            [
              77.9086274,
              27.5645843
            ],
            [
              77.909031,
              27.5647824
            ],
            [
              77.9094519,
              27.5650396
            ],
            [
              77.9097318,
              27.5651903
            ],
            [
              77.9098986,
              27.5653004
            ],
            [
              77.9099549,
              27.5654101
            ],
            [
              77.9099496,
              27.5654318
            ],
            [
              77.9099272,
              27.5654511
            ],
            [
              77.9098756,
              27.5654667
            ],
            [
              77.9097767,
              27.5654654
            ],
            [
              77.9095475,
              27.5653611
            ],
            [
              77.9093868,
              27.565323
            ],
            [
              77.9089665,
              27.5652456
            ],
            [
              77.9087187,
              27.5651574
            ],
            [
              77.9085611,
              27.5651585
            ],
            [
              77.9080904,
              27.565466
            ],
            [
              77.9079554,
              27.5655394
            ],
            [
              77.9078631,
              27.5655807
            ],
            [
              77.9078185,
              27.565616
            ],
            [
              77.9078108,
              27.5656355
            ],
            [
              77.9078098,
              27.5656976
            ],
            [
              77.9078051,
              27.5657629
            ],
            [
              77.9077936,
              27.5657888
            ],
            [
              77.9077564,
              27.5658177
            ],
            [
              77.90769,
              27.5658464
            ],
            [
              77.9074364,
              27.5658854
            ],
            [
              77.9073184,
              27.5659231
            ],
            [
              77.9069663,
              27.566157
            ],
            [
              77.9067647,
              27.5663766
            ],
            [
              77.9067001,
              27.5664051
            ],
            [
              77.9066523,
              27.5664143
            ],
            [
              77.9066159,
              27.5664008
            ],
            [
              77.9065328,
              27.5663244
            ],
            [
              77.9063951,
              27.5662279
            ],
            [
              77.906304,
              27.566194
            ],
            [
              77.9062418,
              27.56619
            ],
            [
              77.906179,
              27.5662185
            ],
            [
              77.9059408,
              27.566431
            ],
            [
              77.9057588,
              27.5665789
            ],
            [
              77.9056696,
              27.5666496
            ],
            [
              77.9056134,
              27.5667241
            ],
            [
              77.9056091,
              27.56676
            ],
            [
              77.9056193,
              27.5668058
            ],
            [
              77.9056806,
              27.566872
            ],
            [
              77.90576,
              27.5669416
            ],
            [
              77.9058142,
              27.5669914
            ],
            [
              77.9058206,
              27.5670438
            ],
            [
              77.9057159,
              27.5671698
            ],
            [
              77.9053887,
              27.5674433
            ],
            [
              77.9051377,
              27.5676589
            ],
            [
              77.905122,
              27.5677175
            ],
            [
              77.9051212,
              27.5677633
            ],
            [
              77.905157,
              27.567816
            ],
            [
              77.9054183,
              27.5679763
            ],
            [
              77.9055485,
              27.5680859
            ],
            [
              77.9056018,
              27.5681846
            ],
            [
              77.9056067,
              27.5683317
            ],
            [
              77.9055393,
              27.5684125
            ],
            [
              77.905259,
              27.5686245
            ],
            [
              77.9048913,
              27.5689072
            ],
            [
              77.9046182,
              27.5690244
            ],
            [
              77.9045408,
              27.5690463
            ],
            [
              77.9042509,
              27.5690653
            ],
            [
              77.9041042,
              27.5690667
            ],
            [
              77.9037982,
              27.5690717
            ],
            [
              77.903778,
              27.5691702
            ],
            [
              77.903749,
              27.5693757
            ],
            [
              77.9037438,
              27.569686
            ],
            [
              77.903775,
              27.5700067
            ],
            [
              77.9038153,
              27.5701183
            ],
            [
              77.903866,
              27.5701582
            ],
            [
              77.9039062,
              27.5701652
            ],
            [
              77.9039612,
              27.5701594
            ],
            [
              77.9040458,
              27.570141
            ],
            [
              77.9041668,
              27.5701426
            ],
            [
              77.9042914,
              27.5701443
            ],
            [
              77.9043866,
              27.5701553
            ],
            [
              77.9044665,
              27.5701988
            ],
            [
              77.9047235,
              27.5703951
            ],
            [
              77.9049363,
              27.5706038
            ],
            [
              77.9050153,
              27.5706995
            ],
            [
              77.9050144,
              27.5707584
            ],
            [
              77.9049911,
              27.5708332
            ],
            [
              77.9049603,
              27.5709276
            ],
            [
              77.9049628,
              27.570993
            ],
            [
              77.9051398,
              27.5711489
            ],
            [
              77.9053661,
              27.5714297
            ],
            [
              77.9054301,
              27.5715515
            ],
            [
              77.905542,
              27.5716542
            ],
            [
              77.9055663,
              27.571733
            ],
            [
              77.9055395,
              27.5718045
            ],
            [
              77.9054833,
              27.5718756
            ],
            [
              77.9053868,
              27.571943
            ],
            [
              77.9053233,
              27.5720174
            ],
            [
              77.9052894,
              27.5720724
            ],
            [
              77.9053322,
              27.5721416
            ],
            [
              77.9054403,
              27.5722542
            ],
            [
              77.9057153,
              27.5724735
            ],
            [
              77.9058315,
              27.5725404
            ],
            [
              77.9058896,
              27.5725738
            ],
            [
              77.9059036,
              27.5726133
            ],
            [
              77.905844,
              27.5726713
            ],
            [
              77.9056873,
              27.5728358
            ],
            [
              77.9053321,
              27.5730305
            ],
            [
              77.9052678,
              27.5730427
            ],
            [
              77.905202,
              27.5730287
            ],
            [
              77.9051295,
              27.5729755
            ],
            [
              77.904736,
              27.5726108
            ],
            [
              77.9044239,
              27.5724269
            ],
            [
              77.9043397,
              27.5724193
            ],
            [
              77.9042586,
              27.5724379
            ],
            [
              77.9041698,
              27.5724922
            ],
            [
              77.9041433,
              27.5725409
            ],
            [
              77.9041464,
              27.5725768
            ],
            [
              77.9042113,
              27.5726398
            ],
            [
              77.9043272,
              27.5727263
            ],
            [
              77.9044469,
              27.572803
            ],
            [
              77.904512,
              27.572853
            ],
            [
              77.9045151,
              27.5728922
            ],
            [
              77.9044958,
              27.5729442
            ],
            [
              77.9044363,
              27.572999
            ],
            [
              77.904355,
              27.5730404
            ],
            [
              77.9042257,
              27.5730943
            ],
            [
              77.9041519,
              27.5731259
            ],
            [
              77.9040925,
              27.5731676
            ],
            [
              77.9040406,
              27.5732062
            ],
            [
              77.9040218,
              27.5732288
            ],
            [
              77.9040209,
              27.5732844
            ],
            [
              77.904075,
              27.5733406
            ],
            [
              77.9042686,
              27.5736013
            ],
            [
              77.9043988,
              27.5737076
            ],
            [
              77.9044103,
              27.5739752
            ],
            [
              77.9043029,
              27.5741437
            ],
            [
              77.9041176,
              27.5742687
            ],
            [
              77.9039174,
              27.5744001
            ],
            [
              77.9036247,
              27.5745889
            ],
            [
              77.9033533,
              27.5748141
            ],
            [
              77.9030671,
              27.5750423
            ],
            [
              77.9028402,
              27.5753465
            ],
            [
              77.9027246,
              27.5754692
            ],
            [
              77.9025383,
              27.5756464
            ],
            [
              77.9024082,
              27.5757525
            ],
            [
              77.9020121,
              27.5759825
            ],
            [
              77.9016762,
              27.5761185
            ],
            [
              77.9014995,
              27.5761587
            ],
            [
              77.9012302,
              27.576263
            ],
            [
              77.9010603,
              27.5763326
            ],
            [
              77.9009078,
              27.5764678
            ],
            [
              77.9007388,
              27.5767041
            ],
            [
              77.9005607,
              27.5770514
            ],
            [
              77.9004251,
              27.5772595
            ],
            [
              77.9002328,
              27.5775863
            ],
            [
              77.9001586,
              27.5778631
            ],
            [
              77.900107,
              27.5779866
            ],
            [
              77.9000177,
              27.5780606
            ],
            [
              77.8999644,
              27.5781873
            ],
            [
              77.8999958,
              27.5782792
            ],
            [
              77.9001823,
              27.5785267
            ],
            [
              77.9003869,
              27.5787909
            ],
            [
              77.90045,
              27.5790695
            ],
            [
              77.9004444,
              27.5791838
            ],
            [
              77.9004026,
              27.5792748
            ],
            [
              77.9003095,
              27.5793585
            ],
            [
              77.9001726,
              27.5794318
            ],
            [
              77.8999883,
              27.5794947
            ],
            [
              77.8997758,
              27.5795239
            ],
            [
              77.8997715,
              27.5795245
            ],
            [
              77.8992823,
              27.5797584
            ],
            [
              77.8992186,
              27.5798099
            ],
            [
              77.8978465,
              27.5786642
            ],
            [
              77.8968624,
              27.5791016
            ],
            [
              77.8960788,
              27.5784637
            ],
            [
              77.895368,
              27.5791016
            ],
            [
              77.8970993,
              27.5808875
            ],
            [
              77.8978829,
              27.582309
            ],
            [
              77.8897619,
              27.5904959
            ],
            [
              77.8848974,
              27.5886998
            ],
            [
              77.8825307,
              27.5862169
            ],
            [
              77.8807497,
              27.5814432
            ],
            [
              77.8781104,
              27.5790848
            ],
            [
              77.8754496,
              27.5761558
            ],
            [
              77.8755677,
              27.573569
            ],
            [
              77.8742695,
              27.5714387
            ],
            [
              77.8686368,
              27.5720188
            ],
            [
              77.8654933,
              27.5773731
            ],
            [
              77.8648792,
              27.5804765
            ],
            [
              77.8639376,
              27.5859982
            ],
            [
              77.8627639,
              27.5880076
            ],
            [
              77.8630655,
              27.5901877
            ],
            [
              77.8529888,
              27.5998902
            ],
            [
              77.8490322,
              27.6061941
            ],
            [
              77.8521221,
              27.6121929
            ],
            [
              77.8624248,
              27.6216422
            ],
            [
              77.8596854,
              27.6258097
            ],
            [
              77.8574243,
              27.6314165
            ],
            [
              77.8534346,
              27.6353226
            ],
            [
              77.8517119,
              27.6383751
            ],
            [
              77.8527968,
              27.6401884
            ],
            [
              77.8517215,
              27.6412819
            ],
            [
              77.8488786,
              27.6445804
            ],
            [
              77.8491519,
              27.6463846
            ],
            [
              77.8477919,
              27.6472895
            ],
            [
              77.8488968,
              27.6497378
            ],
            [
              77.8499538,
              27.6521252
            ],
            [
              77.8477123,
              27.6533097
            ],
            [
              77.8482933,
              27.6548312
            ],
            [
              77.8409876,
              27.6548041
            ],
            [
              77.8409629,
              27.6575527
            ],
            [
              77.8391105,
              27.6575012
            ],
            [
              77.8387278,
              27.6591961
            ],
            [
              77.8376708,
              27.6593054
            ],
            [
              77.8370877,
              27.6571185
            ],
            [
              77.8332242,
              27.6577199
            ],
            [
              77.8339349,
              27.6589774
            ],
            [
              77.8310502,
              27.6603231
            ],
            [
              77.8286682,
              27.6627862
            ],
            [
              77.8297069,
              27.6653558
            ],
            [
              77.8268192,
              27.6664041
            ],
            [
              77.8276476,
              27.6682534
            ],
            [
              77.8309097,
              27.668217
            ],
            [
              77.8318027,
              27.6692922
            ],
            [
              77.8314747,
              27.6700029
            ],
            [
              77.8287128,
              27.6697832
            ],
            [
              77.8241668,
              27.6711693
            ],
            [
              77.8186814,
              27.6739029
            ],
            [
              77.816859,
              27.672208
            ],
            [
              77.8185171,
              27.6711081
            ],
            [
              77.815947,
              27.667314
            ],
            [
              77.8073779,
              27.6721291
            ],
            [
              77.8028265,
              27.6758528
            ],
            [
              77.7975416,
              27.6790056
            ],
            [
              77.7886236,
              27.6844102
            ],
            [
              77.7903613,
              27.6863316
            ],
            [
              77.7883384,
              27.6883727
            ],
            [
              77.7882291,
              27.6892292
            ],
            [
              77.7923113,
              27.6925096
            ],
            [
              77.7967954,
              27.6963876
            ],
            [
              77.798225,
              27.6982957
            ],
            [
              77.7998834,
              27.7007104
            ],
            [
              77.7990177,
              27.7022412
            ],
            [
              77.7999112,
              27.7041777
            ],
            [
              77.7991271,
              27.7058678
            ],
            [
              77.7972318,
              27.7094214
            ],
            [
              77.7957647,
              27.7112256
            ],
            [
              77.7943797,
              27.712237
            ],
            [
              77.7952453,
              27.7138043
            ],
            [
              77.7964724,
              27.7152605
            ],
            [
              77.7975416,
              27.7187339
            ],
            [
              77.7976145,
              27.7195631
            ],
            [
              77.7978149,
              27.7204105
            ],
            [
              77.7987444,
              27.7216042
            ],
            [
              77.8002763,
              27.7239917
            ],
            [
              77.7988264,
              27.7252034
            ],
            [
              77.7982614,
              27.7245474
            ],
            [
              77.7972955,
              27.7253857
            ],
            [
              77.7968764,
              27.7250485
            ],
            [
              77.7952727,
              27.7260782
            ],
            [
              77.7958741,
              27.7272901
            ],
            [
              77.7940327,
              27.7283848
            ],
            [
              77.7949993,
              27.7308529
            ],
            [
              77.7946713,
              27.7312356
            ],
            [
              77.7950813,
              27.7317914
            ],
            [
              77.7963935,
              27.7336776
            ],
            [
              77.7942012,
              27.7352681
            ],
            [
              77.7958285,
              27.7390263
            ],
            [
              77.7987052,
              27.7436897
            ],
            [
              77.8016055,
              27.7495598
            ],
            [
              77.8027992,
              27.7491133
            ],
            [
              77.805522,
              27.7530721
            ],
            [
              77.807829,
              27.7534233
            ],
            [
              77.8104077,
              27.7536329
            ],
            [
              77.8110911,
              27.7528401
            ],
            [
              77.8121754,
              27.7536967
            ],
            [
              77.8130804,
              27.752954
            ],
            [
              77.8135969,
              27.7534051
            ],
            [
              77.8149273,
              27.7524665
            ],
            [
              77.8160936,
              27.7535418
            ],
            [
              77.8170504,
              27.752913
            ],
            [
              77.8181529,
              27.7540065
            ],
            [
              77.8198527,
              27.7526712
            ],
            [
              77.8203854,
              27.7522296
            ],
            [
              77.8208956,
              27.7526761
            ],
            [
              77.821497,
              27.7522296
            ],
            [
              77.8218433,
              27.7524483
            ],
            [
              77.8232374,
              27.7514642
            ],
            [
              77.8244767,
              27.7512638
            ],
            [
              77.8258161,
              27.7506077
            ],
            [
              77.8265269,
              27.7510086
            ],
            [
              77.827921,
              27.7501521
            ],
            [
              77.8299828,
              27.7514437
            ],
            [
              77.8304815,
              27.7512911
            ],
            [
              77.8323676,
              27.7528766
            ],
            [
              77.832067,
              27.7531682
            ],
            [
              77.8316569,
              27.7530042
            ],
            [
              77.8314018,
              27.7534233
            ],
            [
              77.8332606,
              27.7561934
            ],
            [
              77.8337253,
              27.7561569
            ],
            [
              77.834476,
              27.757072
            ],
            [
              77.8293425,
              27.7614601
            ],
            [
              77.8297434,
              27.761861
            ],
            [
              77.8287137,
              27.7633007
            ],
            [
              77.8244542,
              27.766821
            ],
            [
              77.824832,
              27.7672007
            ],
            [
              77.8233012,
              27.7688044
            ],
            [
              77.8214606,
              27.7737886
            ],
            [
              77.8210779,
              27.7752283
            ],
            [
              77.8204127,
              27.7746543
            ],
            [
              77.8196746,
              27.7754015
            ],
            [
              77.8192281,
              27.7762853
            ],
            [
              77.8175127,
              27.7775427
            ],
            [
              77.8170139,
              27.777151
            ],
            [
              77.8167497,
              27.7774152
            ],
            [
              77.8154649,
              27.7767591
            ],
            [
              77.8145355,
              27.7775428
            ],
            [
              77.8154193,
              27.7782717
            ],
            [
              77.8149455,
              27.7788458
            ],
            [
              77.8160936,
              27.7794107
            ],
            [
              77.814396,
              27.78316
            ],
            [
              77.8130684,
              27.784641
            ],
            [
              77.8133509,
              27.785452
            ],
            [
              77.8126748,
              27.7869315
            ],
            [
              77.8132507,
              27.7902176
            ],
            [
              77.8152371,
              27.7918395
            ],
            [
              77.8145628,
              27.7926049
            ],
            [
              77.8146066,
              27.7930835
            ],
            [
              77.8128771,
              27.7969878
            ],
            [
              77.8094817,
              27.799999
            ],
            [
              77.8107995,
              27.8015529
            ],
            [
              77.8104624,
              27.8020267
            ],
            [
              77.8110911,
              27.8026828
            ],
            [
              77.8113189,
              27.8041954
            ],
            [
              77.8115285,
              27.8051157
            ],
            [
              77.8109913,
              27.8064932
            ],
            [
              77.8126219,
              27.8087241
            ],
            [
              77.8150554,
              27.8113414
            ],
            [
              77.814007,
              27.8119862
            ],
            [
              77.8141801,
              27.8128609
            ],
            [
              77.813196,
              27.8138086
            ],
            [
              77.8136425,
              27.8143188
            ],
            [
              77.8119237,
              27.8156868
            ],
            [
              77.812057,
              27.8164784
            ],
            [
              77.810836,
              27.8166879
            ],
            [
              77.8089407,
              27.818565
            ],
            [
              77.8064235,
              27.8197431
            ],
            [
              77.8086131,
              27.8220539
            ],
            [
              77.8026875,
              27.8279674
            ],
            [
              77.8015326,
              27.8262647
            ],
            [
              77.7999836,
              27.8254628
            ],
            [
              77.7990388,
              27.8254138
            ],
            [
              77.7970131,
              27.8252532
            ],
            [
              77.7959895,
              27.8253818
            ],
            [
              77.7924297,
              27.8279048
            ],
            [
              77.7923295,
              27.8284333
            ],
            [
              77.7915732,
              27.8285518
            ],
            [
              77.7897144,
              27.829709
            ],
            [
              77.788712,
              27.8292807
            ],
            [
              77.7879082,
              27.8301642
            ],
            [
              77.7882838,
              27.8313036
            ],
            [
              77.7881198,
              27.831905
            ],
            [
              77.7876004,
              27.8327889
            ],
            [
              77.7871422,
              27.8340302
            ],
            [
              77.7858782,
              27.8364428
            ],
            [
              77.7851219,
              27.8367617
            ],
            [
              77.7839829,
              27.8378551
            ],
            [
              77.7833542,
              27.837682
            ],
            [
              77.7823667,
              27.8390029
            ],
            [
              77.7807208,
              27.8407619
            ],
            [
              77.7811217,
              27.8413724
            ],
            [
              77.780739,
              27.8418553
            ],
            [
              77.7820694,
              27.8432677
            ],
            [
              77.7810461,
              27.8440305
            ],
            [
              77.7813313,
              27.8445707
            ],
            [
              77.7802743,
              27.8455183
            ],
            [
              77.781714,
              27.8464295
            ],
            [
              77.782361,
              27.8463749
            ],
            [
              77.7829077,
              27.8473316
            ],
            [
              77.7839829,
              27.8479695
            ],
            [
              77.7844294,
              27.8477963
            ],
            [
              77.7852221,
              27.8489171
            ],
            [
              77.7856716,
              27.8489488
            ],
            [
              77.7865889,
              27.850129
            ],
            [
              77.7870719,
              27.8496916
            ],
            [
              77.7875366,
              27.8499285
            ],
            [
              77.788794,
              27.849072
            ],
            [
              77.7946257,
              27.852243
            ],
            [
              77.797742,
              27.8535187
            ],
            [
              77.8001111,
              27.8547032
            ],
            [
              77.8009494,
              27.8544481
            ],
            [
              77.8057419,
              27.857885
            ],
            [
              77.8089529,
              27.8591866
            ]
          ]
        ]
      },
      "id": "relation/10000774"
    },
    {
      "type": "Feature",
      "properties": {
        "@id": "relation/10000775",
        "admin_level": "6",
        "boundary": "administrative",
        "name": "Chhata",
        "ref:LGD:subdistrict": "761",
        "type": "boundary",
        "wikidata": "Q20588692"
      },
      "geometry": {
        "type": "Polygon",
        "coordinates": [
          [
            [
              77.2839806,
              27.8015787
            ],
            [
              77.2833037,
              27.7995836
            ],
            [
              77.284071,
              27.7981268
            ],
            [
              77.2851371,
              27.7985733
            ],
            [
              77.2857158,
              27.7961297
            ],
            [
              77.2912969,
              27.7962406
            ],
            [
              77.2941034,
              27.7961313
            ],
            [
              77.2940487,
              27.7965595
            ],
            [
              77.2954474,
              27.7961768
            ],
            [
              77.2954383,
              27.7967327
            ],
            [
              77.2972356,
              27.796214
            ],
            [
              77.2996116,
              27.795416
            ],
            [
              77.3006549,
              27.7950287
            ],
            [
              77.3008462,
              27.7953659
            ],
            [
              77.3020571,
              27.7945398
            ],
            [
              77.3038988,
              27.7925594
            ],
            [
              77.305826,
              27.791024
            ],
            [
              77.304495,
              27.7900868
            ],
            [
              77.3049831,
              27.7893838
            ],
            [
              77.3056574,
              27.7887141
            ],
            [
              77.3079017,
              27.7871654
            ],
            [
              77.3088557,
              27.7869464
            ],
            [
              77.3099947,
              27.7883041
            ],
            [
              77.3104776,
              27.7880671
            ],
            [
              77.310022,
              27.7863996
            ],
            [
              77.3087008,
              27.7845681
            ],
            [
              77.310022,
              27.7827002
            ],
            [
              77.3104138,
              27.7828277
            ],
            [
              77.3110426,
              27.7799028
            ],
            [
              77.3102316,
              27.7791465
            ],
            [
              77.3112066,
              27.7783082
            ],
            [
              77.3117249,
              27.7738581
            ],
            [
              77.3073494,
              27.7668609
            ],
            [
              77.3111343,
              27.7585956
            ],
            [
              77.308102,
              27.7528578
            ],
            [
              77.3085185,
              27.7507353
            ],
            [
              77.3103227,
              27.7486213
            ],
            [
              77.3102863,
              27.7470176
            ],
            [
              77.3132676,
              27.7445532
            ],
            [
              77.3111246,
              27.7420424
            ],
            [
              77.3156087,
              27.7398587
            ],
            [
              77.3188333,
              27.7365205
            ],
            [
              77.3184583,
              27.7333747
            ],
            [
              77.304933,
              27.727025
            ],
            [
              77.3021669,
              27.7256926
            ],
            [
              77.3018303,
              27.7232535
            ],
            [
              77.3030121,
              27.7112221
            ],
            [
              77.3035981,
              27.7097313
            ],
            [
              77.3089567,
              27.7069333
            ],
            [
              77.3100574,
              27.7087343
            ],
            [
              77.316774,
              27.7079818
            ],
            [
              77.3211296,
              27.7067972
            ],
            [
              77.3222048,
              27.7075262
            ],
            [
              77.3253028,
              27.7069977
            ],
            [
              77.3280911,
              27.7073986
            ],
            [
              77.3290463,
              27.7092072
            ],
            [
              77.3410063,
              27.703479
            ],
            [
              77.3410848,
              27.7023414
            ],
            [
              77.3385153,
              27.6984506
            ],
            [
              77.3412874,
              27.6948742
            ],
            [
              77.3408297,
              27.6926189
            ],
            [
              77.3409937,
              27.6902862
            ],
            [
              77.3415051,
              27.6876931
            ],
            [
              77.3412215,
              27.686122
            ],
            [
              77.3424243,
              27.6843543
            ],
            [
              77.3436089,
              27.6833611
            ],
            [
              77.3447128,
              27.6810831
            ],
            [
              77.3429255,
              27.6788871
            ],
            [
              77.3410033,
              27.6769726
            ],
            [
              77.3412762,
              27.6763403
            ],
            [
              77.3446873,
              27.6742726
            ],
            [
              77.3456044,
              27.6735748
            ],
            [
              77.3453493,
              27.6706499
            ],
            [
              77.3455042,
              27.6694835
            ],
            [
              77.3445224,
              27.6660455
            ],
            [
              77.3440465,
              27.6629007
            ],
            [
              77.3451124,
              27.660654
            ],
            [
              77.348256,
              27.6561253
            ],
            [
              77.3518539,
              27.6519484
            ],
            [
              77.3526206,
              27.6509953
            ],
            [
              77.3488847,
              27.6459472
            ],
            [
              77.3500146,
              27.6449267
            ],
            [
              77.3474415,
              27.6413955
            ],
            [
              77.3429835,
              27.6365138
            ],
            [
              77.3367006,
              27.6294467
            ],
            [
              77.3339168,
              27.6267818
            ],
            [
              77.3333106,
              27.6272773
            ],
            [
              77.3267881,
              27.6199416
            ],
            [
              77.3224404,
              27.6146921
            ],
            [
              77.3184415,
              27.6103922
            ],
            [
              77.3183777,
              27.6091712
            ],
            [
              77.3171138,
              27.6068548
            ],
            [
              77.3251858,
              27.599297
            ],
            [
              77.3294498,
              27.5955602
            ],
            [
              77.3348659,
              27.5912472
            ],
            [
              77.3375129,
              27.5931705
            ],
            [
              77.3395905,
              27.5936079
            ],
            [
              77.3442344,
              27.5970687
            ],
            [
              77.3515849,
              27.5938786
            ],
            [
              77.3520915,
              27.5938057
            ],
            [
              77.3529798,
              27.5933695
            ],
            [
              77.353352,
              27.593556
            ],
            [
              77.353771,
              27.593684
            ],
            [
              77.354003,
              27.593658
            ],
            [
              77.354232,
              27.593473
            ],
            [
              77.354504,
              27.593221
            ],
            [
              77.354822,
              27.592971
            ],
            [
              77.355009,
              27.592835
            ],
            [
              77.355257,
              27.592663
            ],
            [
              77.3555,
              27.592448
            ],
            [
              77.355673,
              27.592602
            ],
            [
              77.355934,
              27.592509
            ],
            [
              77.356182,
              27.592362
            ],
            [
              77.356497,
              27.592258
            ],
            [
              77.357793,
              27.591762
            ],
            [
              77.358582,
              27.59149
            ],
            [
              77.359421,
              27.591054
            ],
            [
              77.360404,
              27.590554
            ],
            [
              77.361839,
              27.589797
            ],
            [
              77.362251,
              27.589573
            ],
            [
              77.362992,
              27.589269
            ],
            [
              77.363984,
              27.58869
            ],
            [
              77.364974,
              27.588208
            ],
            [
              77.365773,
              27.587736
            ],
            [
              77.36605,
              27.587473
            ],
            [
              77.366372,
              27.587029
            ],
            [
              77.366867,
              27.586794
            ],
            [
              77.367566,
              27.586538
            ],
            [
              77.367979,
              27.586326
            ],
            [
              77.36856,
              27.585862
            ],
            [
              77.369057,
              27.585506
            ],
            [
              77.369701,
              27.585322
            ],
            [
              77.370346,
              27.585029
            ],
            [
              77.370578,
              27.584984
            ],
            [
              77.371222,
              27.5848
            ],
            [
              77.371974,
              27.584618
            ],
            [
              77.37285,
              27.584364
            ],
            [
              77.373274,
              27.584262
            ],
            [
              77.373687,
              27.584038
            ],
            [
              77.373782,
              27.583966
            ],
            [
              77.37436,
              27.583844
            ],
            [
              77.375154,
              27.583595
            ],
            [
              77.375657,
              27.583261
            ],
            [
              77.376368,
              27.582689
            ],
            [
              77.376862,
              27.582254
            ],
            [
              77.377194,
              27.582008
            ],
            [
              77.377713,
              27.582036
            ],
            [
              77.378565,
              27.582281
            ],
            [
              77.379864,
              27.582794
            ],
            [
              77.380804,
              27.583182
            ],
            [
              77.381364,
              27.583371
            ],
            [
              77.382188,
              27.583384
            ],
            [
              77.383484,
              27.583445
            ],
            [
              77.384373,
              27.58358
            ],
            [
              77.38543,
              27.583757
            ],
            [
              77.386238,
              27.583941
            ],
            [
              77.386592,
              27.584299
            ],
            [
              77.387039,
              27.585121
            ],
            [
              77.387375,
              27.5858
            ],
            [
              77.387516,
              27.586064
            ],
            [
              77.38817,
              27.587231
            ],
            [
              77.389271,
              27.588616
            ],
            [
              77.389525,
              27.588902
            ],
            [
              77.390509,
              27.589934
            ],
            [
              77.391437,
              27.590904
            ],
            [
              77.391937,
              27.591324
            ],
            [
              77.392519,
              27.592128
            ],
            [
              77.392876,
              27.592908
            ],
            [
              77.393247,
              27.594131
            ],
            [
              77.393745,
              27.595185
            ],
            [
              77.394706,
              27.59681
            ],
            [
              77.395373,
              27.597856
            ],
            [
              77.395565,
              27.598443
            ],
            [
              77.395735,
              27.599532
            ],
            [
              77.395867,
              27.600279
            ],
            [
              77.39623,
              27.600737
            ],
            [
              77.397032,
              27.601313
            ],
            [
              77.39776,
              27.601576
            ],
            [
              77.39894,
              27.601796
            ],
            [
              77.400083,
              27.602236
            ],
            [
              77.400864,
              27.602691
            ],
            [
              77.401414,
              27.603072
            ],
            [
              77.402126,
              27.603354
            ],
            [
              77.402779,
              27.603385
            ],
            [
              77.403629,
              27.603227
            ],
            [
              77.404289,
              27.602935
            ],
            [
              77.405129,
              27.602104
            ],
            [
              77.40609,
              27.600288
            ],
            [
              77.407031,
              27.598924
            ],
            [
              77.407775,
              27.597829
            ],
            [
              77.408532,
              27.597197
            ],
            [
              77.40949,
              27.596699
            ],
            [
              77.410148,
              27.596518
            ],
            [
              77.410816,
              27.596368
            ],
            [
              77.411664,
              27.5963
            ],
            [
              77.413166,
              27.596253
            ],
            [
              77.414002,
              27.596176
            ],
            [
              77.414751,
              27.595966
            ],
            [
              77.416664,
              27.5951
            ],
            [
              77.417575,
              27.594662
            ],
            [
              77.418244,
              27.594491
            ],
            [
              77.41856,
              27.594476
            ],
            [
              77.418895,
              27.594652
            ],
            [
              77.419438,
              27.595194
            ],
            [
              77.41989,
              27.595744
            ],
            [
              77.420204,
              27.595819
            ],
            [
              77.421579,
              27.595901
            ],
            [
              77.42354,
              27.596032
            ],
            [
              77.426075,
              27.596222
            ],
            [
              77.427324,
              27.596373
            ],
            [
              77.427932,
              27.596462
            ],
            [
              77.428336,
              27.5966
            ],
            [
              77.428511,
              27.596864
            ],
            [
              77.428717,
              27.5973
            ],
            [
              77.429243,
              27.597499
            ],
            [
              77.430037,
              27.597853
            ],
            [
              77.431042,
              27.598442
            ],
            [
              77.431585,
              27.598933
            ],
            [
              77.432139,
              27.599485
            ],
            [
              77.432287,
              27.599648
            ],
            [
              77.433044,
              27.598775
            ],
            [
              77.433723,
              27.598101
            ],
            [
              77.434537,
              27.597399
            ],
            [
              77.435306,
              27.596737
            ],
            [
              77.436029,
              27.596135
            ],
            [
              77.436763,
              27.595512
            ],
            [
              77.436694,
              27.594445
            ],
            [
              77.437496,
              27.594397
            ],
            [
              77.438493,
              27.594191
            ],
            [
              77.439204,
              27.594152
            ],
            [
              77.43831,
              27.592247
            ],
            [
              77.437742,
              27.591292
            ],
            [
              77.438499,
              27.59066
            ],
            [
              77.43838,
              27.589833
            ],
            [
              77.437309,
              27.586879
            ],
            [
              77.437058,
              27.585849
            ],
            [
              77.437043,
              27.58573
            ],
            [
              77.436999,
              27.585386
            ],
            [
              77.437755,
              27.584834
            ],
            [
              77.438496,
              27.583839
            ],
            [
              77.439855,
              27.581265
            ],
            [
              77.441065,
              27.579372
            ],
            [
              77.441651,
              27.578214
            ],
            [
              77.442073,
              27.577436
            ],
            [
              77.442526,
              27.576175
            ],
            [
              77.443423,
              27.575264
            ],
            [
              77.445149,
              27.57356
            ],
            [
              77.44639,
              27.572392
            ],
            [
              77.446535,
              27.571851
            ],
            [
              77.446325,
              27.571043
            ],
            [
              77.445913,
              27.570212
            ],
            [
              77.445913,
              27.570211
            ],
            [
              77.444842,
              27.568384
            ],
            [
              77.44383,
              27.567101
            ],
            [
              77.443347,
              27.56641
            ],
            [
              77.445438,
              27.565597
            ],
            [
              77.450896,
              27.563367
            ],
            [
              77.451406,
              27.563797
            ],
            [
              77.453275,
              27.56284
            ],
            [
              77.455433,
              27.562088
            ],
            [
              77.457132,
              27.561732
            ],
            [
              77.457971,
              27.561483
            ],
            [
              77.457957,
              27.56104
            ],
            [
              77.460624,
              27.559612
            ],
            [
              77.462675,
              27.558577
            ],
            [
              77.462921,
              27.558682
            ],
            [
              77.465136,
              27.560828
            ],
            [
              77.466619,
              27.562319
            ],
            [
              77.468367,
              27.564096
            ],
            [
              77.468879,
              27.565613
            ],
            [
              77.469447,
              27.566608
            ],
            [
              77.469501,
              27.567313
            ],
            [
              77.468188,
              27.567554
            ],
            [
              77.468324,
              27.568683
            ],
            [
              77.469731,
              27.568282
            ],
            [
              77.471409,
              27.567825
            ],
            [
              77.472584,
              27.567742
            ],
            [
              77.474046,
              27.567945
            ],
            [
              77.475124,
              27.568243
            ],
            [
              77.476086,
              27.56866
            ],
            [
              77.476468,
              27.568747
            ],
            [
              77.477473,
              27.568078
            ],
            [
              77.478845,
              27.567113
            ],
            [
              77.47955,
              27.566862
            ],
            [
              77.481044,
              27.566583
            ],
            [
              77.482229,
              27.565957
            ],
            [
              77.48351,
              27.565071
            ],
            [
              77.484268,
              27.564358
            ],
            [
              77.484168,
              27.563692
            ],
            [
              77.484355,
              27.563313
            ],
            [
              77.485651,
              27.562809
            ],
            [
              77.486516,
              27.5624
            ],
            [
              77.487212,
              27.561404
            ],
            [
              77.487609,
              27.560686
            ],
            [
              77.488889,
              27.55982
            ],
            [
              77.489574,
              27.559388
            ],
            [
              77.490069,
              27.558289
            ],
            [
              77.490538,
              27.557037
            ],
            [
              77.491145,
              27.55744
            ],
            [
              77.492129,
              27.557917
            ],
            [
              77.492538,
              27.557742
            ],
            [
              77.49461,
              27.559102
            ],
            [
              77.497218,
              27.560771
            ],
            [
              77.498222,
              27.561389
            ],
            [
              77.497996,
              27.562593
            ],
            [
              77.498345,
              27.563242
            ],
            [
              77.498564,
              27.563567
            ],
            [
              77.498773,
              27.563656
            ],
            [
              77.498786,
              27.563913
            ],
            [
              77.499243,
              27.564375
            ],
            [
              77.499617,
              27.564865
            ],
            [
              77.500533,
              27.565464
            ],
            [
              77.500928,
              27.565846
            ],
            [
              77.501517,
              27.566415
            ],
            [
              77.501951,
              27.566714
            ],
            [
              77.502765,
              27.566777
            ],
            [
              77.504066,
              27.566856
            ],
            [
              77.505047,
              27.56698
            ],
            [
              77.506807,
              27.567083
            ],
            [
              77.507827,
              27.567141
            ],
            [
              77.508733,
              27.567306
            ],
            [
              77.509135,
              27.567354
            ],
            [
              77.510416,
              27.567499
            ],
            [
              77.511293,
              27.567663
            ],
            [
              77.512174,
              27.567677
            ],
            [
              77.513117,
              27.567842
            ],
            [
              77.513771,
              27.567944
            ],
            [
              77.514274,
              27.568077
            ],
            [
              77.515,
              27.568331
            ],
            [
              77.515416,
              27.56863
            ],
            [
              77.516449,
              27.569456
            ],
            [
              77.516715,
              27.569252
            ],
            [
              77.517399,
              27.569747
            ],
            [
              77.517991,
              27.570107
            ],
            [
              77.51862,
              27.570534
            ],
            [
              77.520289,
              27.571888
            ],
            [
              77.521675,
              27.572895
            ],
            [
              77.522772,
              27.573797
            ],
            [
              77.523391,
              27.573782
            ],
            [
              77.523768,
              27.574147
            ],
            [
              77.524515,
              27.574768
            ],
            [
              77.524803,
              27.574881
            ],
            [
              77.525478,
              27.575343
            ],
            [
              77.525911,
              27.575742
            ],
            [
              77.526187,
              27.57598
            ],
            [
              77.526526,
              27.575919
            ],
            [
              77.526998,
              27.576677
            ],
            [
              77.527198,
              27.576981
            ],
            [
              77.527391,
              27.577168
            ],
            [
              77.528061,
              27.577888
            ],
            [
              77.529005,
              27.57898
            ],
            [
              77.529728,
              27.579843
            ],
            [
              77.529909,
              27.580197
            ],
            [
              77.529277,
              27.580897
            ],
            [
              77.528469,
              27.581469
            ],
            [
              77.527572,
              27.582281
            ],
            [
              77.527943,
              27.582471
            ],
            [
              77.528447,
              27.58257
            ],
            [
              77.528758,
              27.582492
            ],
            [
              77.52918,
              27.582949
            ],
            [
              77.529429,
              27.582703
            ],
            [
              77.529659,
              27.582907
            ],
            [
              77.530018,
              27.583213
            ],
            [
              77.530654,
              27.583782
            ],
            [
              77.530939,
              27.583586
            ],
            [
              77.531474,
              27.584029
            ],
            [
              77.532218,
              27.584775
            ],
            [
              77.532761,
              27.584308
            ],
            [
              77.53341,
              27.584702
            ],
            [
              77.533238,
              27.58485
            ],
            [
              77.532645,
              27.585442
            ],
            [
              77.532746,
              27.585585
            ],
            [
              77.533002,
              27.586357
            ],
            [
              77.532778,
              27.586805
            ],
            [
              77.532468,
              27.587301
            ],
            [
              77.532375,
              27.587742
            ],
            [
              77.531976,
              27.588487
            ],
            [
              77.531509,
              27.589399
            ],
            [
              77.530671,
              27.590513
            ],
            [
              77.53018,
              27.591198
            ],
            [
              77.529798,
              27.592027
            ],
            [
              77.529468,
              27.593074
            ],
            [
              77.529306,
              27.594174
            ],
            [
              77.529154,
              27.59524
            ],
            [
              77.529055,
              27.595957
            ],
            [
              77.529065,
              27.5964
            ],
            [
              77.530336,
              27.596119
            ],
            [
              77.530679,
              27.596308
            ],
            [
              77.53089,
              27.596562
            ],
            [
              77.530995,
              27.596931
            ],
            [
              77.530971,
              27.597206
            ],
            [
              77.53089,
              27.597522
            ],
            [
              77.530789,
              27.597879
            ],
            [
              77.530813,
              27.598072
            ],
            [
              77.530945,
              27.598533
            ],
            [
              77.531498,
              27.599469
            ],
            [
              77.532391,
              27.600777
            ],
            [
              77.532892,
              27.60152
            ],
            [
              77.533546,
              27.602565
            ],
            [
              77.533317,
              27.602762
            ],
            [
              77.533898,
              27.60374
            ],
            [
              77.534979,
              27.605502
            ],
            [
              77.535395,
              27.606243
            ],
            [
              77.535572,
              27.606287
            ],
            [
              77.535594,
              27.606622
            ],
            [
              77.53601,
              27.607405
            ],
            [
              77.53638,
              27.60812
            ],
            [
              77.536849,
              27.609071
            ],
            [
              77.537283,
              27.609846
            ],
            [
              77.53761,
              27.609935
            ],
            [
              77.537603,
              27.610277
            ],
            [
              77.538371,
              27.610331
            ],
            [
              77.538886,
              27.610339
            ],
            [
              77.539307,
              27.610379
            ],
            [
              77.539301,
              27.610704
            ],
            [
              77.53996,
              27.610547
            ],
            [
              77.540845,
              27.610336
            ],
            [
              77.541919,
              27.610077
            ],
            [
              77.542605,
              27.609962
            ],
            [
              77.543188,
              27.609905
            ],
            [
              77.543992,
              27.609967
            ],
            [
              77.545003,
              27.610058
            ],
            [
              77.54591,
              27.610172
            ],
            [
              77.54735,
              27.610337
            ],
            [
              77.548203,
              27.61035
            ],
            [
              77.548341,
              27.610018
            ],
            [
              77.548553,
              27.609253
            ],
            [
              77.548792,
              27.608522
            ],
            [
              77.549111,
              27.607041
            ],
            [
              77.549417,
              27.605768
            ],
            [
              77.549458,
              27.604666
            ],
            [
              77.549327,
              27.60413
            ],
            [
              77.548833,
              27.603513
            ],
            [
              77.549574,
              27.60304
            ],
            [
              77.550268,
              27.602508
            ],
            [
              77.551056,
              27.602011
            ],
            [
              77.552328,
              27.601187
            ],
            [
              77.553532,
              27.600487
            ],
            [
              77.553315,
              27.600075
            ],
            [
              77.553771,
              27.599756
            ],
            [
              77.554512,
              27.599258
            ],
            [
              77.554932,
              27.598856
            ],
            [
              77.554413,
              27.598096
            ],
            [
              77.554957,
              27.59757
            ],
            [
              77.55514,
              27.597331
            ],
            [
              77.555977,
              27.596225
            ],
            [
              77.556543,
              27.595532
            ],
            [
              77.55734,
              27.594568
            ],
            [
              77.558128,
              27.593561
            ],
            [
              77.558927,
              27.592471
            ],
            [
              77.560001,
              27.59121
            ],
            [
              77.561018,
              27.58999
            ],
            [
              77.562097,
              27.58852
            ],
            [
              77.564764,
              27.585338
            ],
            [
              77.565677,
              27.585015
            ],
            [
              77.565736,
              27.584994
            ],
            [
              77.566594,
              27.584724
            ],
            [
              77.567989,
              27.584277
            ],
            [
              77.568509,
              27.584077
            ],
            [
              77.569328,
              27.58388
            ],
            [
              77.569725,
              27.583678
            ],
            [
              77.571038,
              27.583155
            ],
            [
              77.5727,
              27.582521
            ],
            [
              77.573417,
              27.582282
            ],
            [
              77.574656,
              27.581674
            ],
            [
              77.575804,
              27.580957
            ],
            [
              77.577063,
              27.580283
            ],
            [
              77.578191,
              27.579616
            ],
            [
              77.579316,
              27.57909
            ],
            [
              77.580067,
              27.578567
            ],
            [
              77.580626,
              27.578225
            ],
            [
              77.580868,
              27.578788
            ],
            [
              77.581303,
              27.579572
            ],
            [
              77.581456,
              27.579933
            ],
            [
              77.581929,
              27.580658
            ],
            [
              77.582349,
              27.581208
            ],
            [
              77.582753,
              27.581665
            ],
            [
              77.583637,
              27.58248
            ],
            [
              77.584273,
              27.582039
            ],
            [
              77.584056,
              27.581651
            ],
            [
              77.584441,
              27.581615
            ],
            [
              77.584738,
              27.581728
            ],
            [
              77.584994,
              27.581582
            ],
            [
              77.585291,
              27.58172
            ],
            [
              77.585571,
              27.581825
            ],
            [
              77.585565,
              27.582117
            ],
            [
              77.585929,
              27.582164
            ],
            [
              77.586305,
              27.58212
            ],
            [
              77.58645,
              27.581905
            ],
            [
              77.586806,
              27.581919
            ],
            [
              77.587245,
              27.582
            ],
            [
              77.587389,
              27.581811
            ],
            [
              77.588194,
              27.581865
            ],
            [
              77.588266,
              27.582008
            ],
            [
              77.588606,
              27.582347
            ],
            [
              77.589101,
              27.582939
            ],
            [
              77.589328,
              27.58331
            ],
            [
              77.588898,
              27.583729
            ],
            [
              77.588404,
              27.584089
            ],
            [
              77.588573,
              27.584543
            ],
            [
              77.588754,
              27.584904
            ],
            [
              77.588636,
              27.585186
            ],
            [
              77.588744,
              27.585422
            ],
            [
              77.589283,
              27.586123
            ],
            [
              77.590017,
              27.586944
            ],
            [
              77.590657,
              27.587772
            ],
            [
              77.591106,
              27.588322
            ],
            [
              77.591444,
              27.58877
            ],
            [
              77.591922,
              27.589779
            ],
            [
              77.59253,
              27.590799
            ],
            [
              77.593309,
              27.591712
            ],
            [
              77.593412,
              27.592207
            ],
            [
              77.593477,
              27.592709
            ],
            [
              77.593469,
              27.593644
            ],
            [
              77.593611,
              27.594047
            ],
            [
              77.593876,
              27.594894
            ],
            [
              77.594232,
              27.595375
            ],
            [
              77.593849,
              27.595837
            ],
            [
              77.594088,
              27.596049
            ],
            [
              77.593868,
              27.59628
            ],
            [
              77.593808,
              27.596513
            ],
            [
              77.594102,
              27.596776
            ],
            [
              77.594274,
              27.597138
            ],
            [
              77.594029,
              27.597167
            ],
            [
              77.594043,
              27.597418
            ],
            [
              77.593864,
              27.597499
            ],
            [
              77.594297,
              27.59789
            ],
            [
              77.594943,
              27.598375
            ],
            [
              77.594865,
              27.59855
            ],
            [
              77.595133,
              27.598737
            ],
            [
              77.594742,
              27.599116
            ],
            [
              77.595345,
              27.599425
            ],
            [
              77.59496,
              27.599971
            ],
            [
              77.594512,
              27.600815
            ],
            [
              77.593386,
              27.602343
            ],
            [
              77.593912,
              27.602794
            ],
            [
              77.594607,
              27.603197
            ],
            [
              77.595191,
              27.603565
            ],
            [
              77.595737,
              27.60389
            ],
            [
              77.596689,
              27.604623
            ],
            [
              77.597606,
              27.605163
            ],
            [
              77.597996,
              27.605402
            ],
            [
              77.59812,
              27.606223
            ],
            [
              77.598996,
              27.606019
            ],
            [
              77.599823,
              27.605906
            ],
            [
              77.600957,
              27.60589
            ],
            [
              77.601887,
              27.605787
            ],
            [
              77.602882,
              27.605752
            ],
            [
              77.603474,
              27.605627
            ],
            [
              77.604556,
              27.60546
            ],
            [
              77.605205,
              27.60532
            ],
            [
              77.606239,
              27.605168
            ],
            [
              77.607451,
              27.605036
            ],
            [
              77.608137,
              27.604896
            ],
            [
              77.608671,
              27.604946
            ],
            [
              77.609423,
              27.604799
            ],
            [
              77.610305,
              27.604762
            ],
            [
              77.611563,
              27.604664
            ],
            [
              77.612557,
              27.604654
            ],
            [
              77.614059,
              27.604493
            ],
            [
              77.614719,
              27.60432
            ],
            [
              77.616273,
              27.603934
            ],
            [
              77.618104,
              27.603252
            ],
            [
              77.619811,
              27.602701
            ],
            [
              77.62026,
              27.603259
            ],
            [
              77.621171,
              27.604634
            ],
            [
              77.621852,
              27.605788
            ],
            [
              77.622534,
              27.606909
            ],
            [
              77.623014,
              27.607784
            ],
            [
              77.62346,
              27.608501
            ],
            [
              77.623703,
              27.609498
            ],
            [
              77.623894,
              27.609797
            ],
            [
              77.624473,
              27.611118
            ],
            [
              77.624721,
              27.612042
            ],
            [
              77.625328,
              27.613246
            ],
            [
              77.625354,
              27.613749
            ],
            [
              77.625258,
              27.614156
            ],
            [
              77.625419,
              27.615203
            ],
            [
              77.625345,
              27.615854
            ],
            [
              77.62508,
              27.615897
            ],
            [
              77.625134,
              27.616778
            ],
            [
              77.625243,
              27.617086
            ],
            [
              77.625351,
              27.617395
            ],
            [
              77.625972,
              27.617262
            ],
            [
              77.62826,
              27.616605
            ],
            [
              77.62927,
              27.616345
            ],
            [
              77.629498,
              27.616922
            ],
            [
              77.630416,
              27.616865
            ],
            [
              77.630642,
              27.617042
            ],
            [
              77.631296,
              27.618136
            ],
            [
              77.631846,
              27.618946
            ],
            [
              77.63194,
              27.619537
            ],
            [
              77.632125,
              27.620239
            ],
            [
              77.631719,
              27.620736
            ],
            [
              77.631958,
              27.621188
            ],
            [
              77.631218,
              27.622277
            ],
            [
              77.631641,
              27.623235
            ],
            [
              77.632051,
              27.623941
            ],
            [
              77.631854,
              27.624111
            ],
            [
              77.632193,
              27.624855
            ],
            [
              77.632188,
              27.625008
            ],
            [
              77.632187,
              27.625138
            ],
            [
              77.632068,
              27.625556
            ],
            [
              77.632076,
              27.626031
            ],
            [
              77.632329,
              27.62671
            ],
            [
              77.632742,
              27.627489
            ],
            [
              77.633336,
              27.628044
            ],
            [
              77.633668,
              27.628423
            ],
            [
              77.633825,
              27.628633
            ],
            [
              77.633857,
              27.629051
            ],
            [
              77.633721,
              27.629469
            ],
            [
              77.633773,
              27.62982
            ],
            [
              77.633792,
              27.629952
            ],
            [
              77.634023,
              27.630537
            ],
            [
              77.63428,
              27.631443
            ],
            [
              77.634441,
              27.631891
            ],
            [
              77.634844,
              27.632364
            ],
            [
              77.635156,
              27.632915
            ],
            [
              77.635668,
              27.633127
            ],
            [
              77.63607,
              27.634024
            ],
            [
              77.636346,
              27.63483
            ],
            [
              77.636441,
              27.635751
            ],
            [
              77.636572,
              27.636493
            ],
            [
              77.636294,
              27.636694
            ],
            [
              77.636153,
              27.636936
            ],
            [
              77.636583,
              27.637625
            ],
            [
              77.637173,
              27.638428
            ],
            [
              77.637691,
              27.639198
            ],
            [
              77.63815,
              27.639686
            ],
            [
              77.63847,
              27.640251
            ],
            [
              77.63879,
              27.64082
            ],
            [
              77.639411,
              27.640801
            ],
            [
              77.639769,
              27.640648
            ],
            [
              77.641567,
              27.640258
            ],
            [
              77.642058,
              27.640283
            ],
            [
              77.642611,
              27.641765
            ],
            [
              77.642817,
              27.642835
            ],
            [
              77.643581,
              27.64253
            ],
            [
              77.643576,
              27.641926
            ],
            [
              77.643634,
              27.641396
            ],
            [
              77.64442,
              27.641206
            ],
            [
              77.644495,
              27.641187
            ],
            [
              77.645288,
              27.640978
            ],
            [
              77.646778,
              27.640655
            ],
            [
              77.64804,
              27.640462
            ],
            [
              77.649007,
              27.640469
            ],
            [
              77.650187,
              27.640774
            ],
            [
              77.651577,
              27.641086
            ],
            [
              77.652483,
              27.641373
            ],
            [
              77.654974,
              27.641442
            ],
            [
              77.656184,
              27.641431
            ],
            [
              77.658586,
              27.641513
            ],
            [
              77.66015,
              27.641507
            ],
            [
              77.66049,
              27.641506
            ],
            [
              77.661639,
              27.641282
            ],
            [
              77.662741,
              27.641032
            ],
            [
              77.663208,
              27.641104
            ],
            [
              77.663904,
              27.641409
            ],
            [
              77.664565,
              27.641846
            ],
            [
              77.66531,
              27.642525
            ],
            [
              77.665159,
              27.642847
            ],
            [
              77.666084,
              27.643004
            ],
            [
              77.666047,
              27.643262
            ],
            [
              77.666961,
              27.643527
            ],
            [
              77.666672,
              27.643907
            ],
            [
              77.667759,
              27.644455
            ],
            [
              77.668309,
              27.644794
            ],
            [
              77.668713,
              27.645068
            ],
            [
              77.668335,
              27.646453
            ],
            [
              77.667936,
              27.647452
            ],
            [
              77.667628,
              27.648379
            ],
            [
              77.667119,
              27.649172
            ],
            [
              77.666347,
              27.650481
            ],
            [
              77.66593,
              27.65109
            ],
            [
              77.665221,
              27.652445
            ],
            [
              77.664629,
              27.653639
            ],
            [
              77.664172,
              27.654343
            ],
            [
              77.663699,
              27.65525
            ],
            [
              77.662955,
              27.656418
            ],
            [
              77.662334,
              27.65712
            ],
            [
              77.661725,
              27.657879
            ],
            [
              77.661088,
              27.658704
            ],
            [
              77.66078,
              27.658948
            ],
            [
              77.66034,
              27.65875
            ],
            [
              77.660158,
              27.658984
            ],
            [
              77.660533,
              27.659249
            ],
            [
              77.660404,
              27.659417
            ],
            [
              77.660176,
              27.659379
            ],
            [
              77.660212,
              27.65951
            ],
            [
              77.660233,
              27.659713
            ],
            [
              77.660143,
              27.659813
            ],
            [
              77.659839,
              27.659809
            ],
            [
              77.659439,
              27.660187
            ],
            [
              77.659816,
              27.660339
            ],
            [
              77.659515,
              27.660887
            ],
            [
              77.659097,
              27.660847
            ],
            [
              77.659042,
              27.661084
            ],
            [
              77.658724,
              27.661858
            ],
            [
              77.65818,
              27.662515
            ],
            [
              77.658419,
              27.662458
            ],
            [
              77.658983,
              27.662152
            ],
            [
              77.659669,
              27.661789
            ],
            [
              77.660347,
              27.661494
            ],
            [
              77.660436,
              27.661443
            ],
            [
              77.66104,
              27.661097
            ],
            [
              77.661325,
              27.661093
            ],
            [
              77.661327,
              27.661692
            ],
            [
              77.661316,
              27.662263
            ],
            [
              77.661539,
              27.662925
            ],
            [
              77.661835,
              27.663715
            ],
            [
              77.662282,
              27.664572
            ],
            [
              77.662625,
              27.66525
            ],
            [
              77.662895,
              27.666093
            ],
            [
              77.663224,
              27.66681
            ],
            [
              77.663673,
              27.66756
            ],
            [
              77.664055,
              27.66821
            ],
            [
              77.664322,
              27.669218
            ],
            [
              77.664496,
              27.670068
            ],
            [
              77.664676,
              27.670989
            ],
            [
              77.664694,
              27.672372
            ],
            [
              77.664598,
              27.673128
            ],
            [
              77.664446,
              27.673781
            ],
            [
              77.664752,
              27.674063
            ],
            [
              77.664506,
              27.674296
            ],
            [
              77.66462,
              27.674469
            ],
            [
              77.665267,
              27.674795
            ],
            [
              77.665477,
              27.674392
            ],
            [
              77.666269,
              27.674748
            ],
            [
              77.667026,
              27.674985
            ],
            [
              77.667923,
              27.675145
            ],
            [
              77.668977,
              27.67507
            ],
            [
              77.669609,
              27.67517
            ],
            [
              77.670361,
              27.675632
            ],
            [
              77.670694,
              27.676163
            ],
            [
              77.670757,
              27.676864
            ],
            [
              77.670914,
              27.677273
            ],
            [
              77.671496,
              27.678061
            ],
            [
              77.67217,
              27.678613
            ],
            [
              77.673243,
              27.679204
            ],
            [
              77.673727,
              27.679788
            ],
            [
              77.674167,
              27.680003
            ],
            [
              77.674734,
              27.680534
            ],
            [
              77.675129,
              27.680415
            ],
            [
              77.675419,
              27.681227
            ],
            [
              77.675941,
              27.681122
            ],
            [
              77.676644,
              27.680782
            ],
            [
              77.676993,
              27.681137
            ],
            [
              77.67712,
              27.681094
            ],
            [
              77.678073,
              27.68034
            ],
            [
              77.678893,
              27.679878
            ],
            [
              77.679729,
              27.679246
            ],
            [
              77.680465,
              27.679003
            ],
            [
              77.681774,
              27.678997
            ],
            [
              77.68275,
              27.679057
            ],
            [
              77.683906,
              27.678983
            ],
            [
              77.683941,
              27.67899
            ],
            [
              77.685068,
              27.679215
            ],
            [
              77.686495,
              27.679609
            ],
            [
              77.687691,
              27.680073
            ],
            [
              77.68908,
              27.680409
            ],
            [
              77.690615,
              27.680454
            ],
            [
              77.691693,
              27.680425
            ],
            [
              77.692869,
              27.680651
            ],
            [
              77.694226,
              27.680659
            ],
            [
              77.695585,
              27.680555
            ],
            [
              77.697304,
              27.680252
            ],
            [
              77.69827,
              27.680148
            ],
            [
              77.699254,
              27.679744
            ],
            [
              77.700085,
              27.679406
            ],
            [
              77.700875,
              27.679169
            ],
            [
              77.701118,
              27.679093
            ],
            [
              77.701857,
              27.67882
            ],
            [
              77.702843,
              27.678371
            ],
            [
              77.704102,
              27.677884
            ],
            [
              77.704995,
              27.677574
            ],
            [
              77.705651,
              27.677372
            ],
            [
              77.705651,
              27.677373
            ],
            [
              77.705953,
              27.678447
            ],
            [
              77.706609,
              27.679565
            ],
            [
              77.707097,
              27.681109
            ],
            [
              77.707756,
              27.682994
            ],
            [
              77.708251,
              27.684157
            ],
            [
              77.708739,
              27.685653
            ],
            [
              77.708788,
              27.686873
            ],
            [
              77.708403,
              27.689879
            ],
            [
              77.708502,
              27.690273
            ],
            [
              77.708664,
              27.691608
            ],
            [
              77.708976,
              27.692636
            ],
            [
              77.709616,
              27.693904
            ],
            [
              77.709743,
              27.694883
            ],
            [
              77.709799,
              27.696308
            ],
            [
              77.70971,
              27.697238
            ],
            [
              77.709791,
              27.698484
            ],
            [
              77.70979,
              27.698493
            ],
            [
              77.709757,
              27.699198
            ],
            [
              77.709717,
              27.700248
            ],
            [
              77.709628,
              27.701745
            ],
            [
              77.709562,
              27.703081
            ],
            [
              77.709247,
              27.704437
            ],
            [
              77.708786,
              27.705278
            ],
            [
              77.708488,
              27.705744
            ],
            [
              77.707886,
              27.706372
            ],
            [
              77.706019,
              27.707133
            ],
            [
              77.704688,
              27.707446
            ],
            [
              77.702849,
              27.707778
            ],
            [
              77.701694,
              27.708651
            ],
            [
              77.700481,
              27.709842
            ],
            [
              77.699984,
              27.710248
            ],
            [
              77.698967,
              27.711078
            ],
            [
              77.69824,
              27.711787
            ],
            [
              77.697396,
              27.713743
            ],
            [
              77.695798,
              27.716204
            ],
            [
              77.694465,
              27.718273
            ],
            [
              77.693865,
              27.719389
            ],
            [
              77.69341,
              27.720198
            ],
            [
              77.69288,
              27.721141
            ],
            [
              77.692456,
              27.721677
            ],
            [
              77.691936,
              27.722335
            ],
            [
              77.691087,
              27.72347
            ],
            [
              77.690312,
              27.724482
            ],
            [
              77.689673,
              27.725306
            ],
            [
              77.689548,
              27.725467
            ],
            [
              77.689036,
              27.725708
            ],
            [
              77.688383,
              27.72633
            ],
            [
              77.687916,
              27.727513
            ],
            [
              77.687518,
              27.728862
            ],
            [
              77.687293,
              27.729246
            ],
            [
              77.685479,
              27.731059
            ],
            [
              77.684518,
              27.732022
            ],
            [
              77.683124,
              27.733472
            ],
            [
              77.682677,
              27.734148
            ],
            [
              77.682996,
              27.734835
            ],
            [
              77.683129,
              27.735445
            ],
            [
              77.683302,
              27.736209
            ],
            [
              77.682999,
              27.736905
            ],
            [
              77.682602,
              27.737627
            ],
            [
              77.681814,
              27.738819
            ],
            [
              77.681636,
              27.73948
            ],
            [
              77.681322,
              27.740204
            ],
            [
              77.680906,
              27.741447
            ],
            [
              77.680876,
              27.741944
            ],
            [
              77.680745,
              27.742274
            ],
            [
              77.680228,
              27.742811
            ],
            [
              77.679525,
              27.743262
            ],
            [
              77.678212,
              27.743736
            ],
            [
              77.67711,
              27.744485
            ],
            [
              77.676258,
              27.745173
            ],
            [
              77.675383,
              27.745994
            ],
            [
              77.674745,
              27.746925
            ],
            [
              77.674229,
              27.747904
            ],
            [
              77.673826,
              27.748995
            ],
            [
              77.673292,
              27.750717
            ],
            [
              77.673288,
              27.750727
            ],
            [
              77.673163,
              27.750988
            ],
            [
              77.672808,
              27.751683
            ],
            [
              77.672611,
              27.75217
            ],
            [
              77.672347,
              27.752735
            ],
            [
              77.671962,
              27.75324
            ],
            [
              77.671628,
              27.753804
            ],
            [
              77.67146,
              27.754102
            ],
            [
              77.671293,
              27.7544
            ],
            [
              77.670918,
              27.754941
            ],
            [
              77.670731,
              27.755411
            ],
            [
              77.670533,
              27.756182
            ],
            [
              77.670584,
              27.756823
            ],
            [
              77.670889,
              27.758068
            ],
            [
              77.671067,
              27.759232
            ],
            [
              77.671057,
              27.759864
            ],
            [
              77.670946,
              27.76046
            ],
            [
              77.670926,
              27.761493
            ],
            [
              77.670957,
              27.76221
            ],
            [
              77.671144,
              27.762729
            ],
            [
              77.671414,
              27.763365
            ],
            [
              77.671799,
              27.763965
            ],
            [
              77.672231,
              27.764412
            ],
            [
              77.672627,
              27.764849
            ],
            [
              77.673048,
              27.765454
            ],
            [
              77.673357,
              27.765909
            ],
            [
              77.673632,
              27.766523
            ],
            [
              77.673789,
              27.767091
            ],
            [
              77.673739,
              27.767723
            ],
            [
              77.673693,
              27.768007
            ],
            [
              77.673648,
              27.768292
            ],
            [
              77.674115,
              27.76881
            ],
            [
              77.674536,
              27.769424
            ],
            [
              77.674891,
              27.769992
            ],
            [
              77.67514,
              27.770529
            ],
            [
              77.67548,
              27.771061
            ],
            [
              77.675749,
              27.771684
            ],
            [
              77.675993,
              27.77227
            ],
            [
              77.676328,
              27.773389
            ],
            [
              77.676811,
              27.774278
            ],
            [
              77.677582,
              27.775383
            ],
            [
              77.677813,
              27.775654
            ],
            [
              77.678044,
              27.775924
            ],
            [
              77.67844,
              27.776443
            ],
            [
              77.678821,
              27.776853
            ],
            [
              77.679257,
              27.777241
            ],
            [
              77.679709,
              27.777783
            ],
            [
              77.680754,
              27.778644
            ],
            [
              77.681749,
              27.779266
            ],
            [
              77.682312,
              27.779713
            ],
            [
              77.683525,
              27.780502
            ],
            [
              77.684028,
              27.780736
            ],
            [
              77.684779,
              27.780903
            ],
            [
              77.685387,
              27.780948
            ],
            [
              77.686077,
              27.780893
            ],
            [
              77.686437,
              27.780861
            ],
            [
              77.686798,
              27.78083
            ],
            [
              77.68805,
              27.780734
            ],
            [
              77.688659,
              27.780766
            ],
            [
              77.689349,
              27.780779
            ],
            [
              77.689953,
              27.780815
            ],
            [
              77.690734,
              27.780873
            ],
            [
              77.691384,
              27.780886
            ],
            [
              77.692206,
              27.781044
            ],
            [
              77.692987,
              27.780994
            ],
            [
              77.693565,
              27.781029
            ],
            [
              77.694306,
              27.781079
            ],
            [
              77.694833,
              27.781087
            ],
            [
              77.695589,
              27.781218
            ],
            [
              77.696153,
              27.781303
            ],
            [
              77.696858,
              27.78147
            ],
            [
              77.697421,
              27.781591
            ],
            [
              77.697791,
              27.7817
            ],
            [
              77.698162,
              27.781808
            ],
            [
              77.69873,
              27.781916
            ],
            [
              77.699298,
              27.782132
            ],
            [
              77.699958,
              27.782348
            ],
            [
              77.700562,
              27.782537
            ],
            [
              77.701333,
              27.782826
            ],
            [
              77.702008,
              27.783123
            ],
            [
              77.702597,
              27.783484
            ],
            [
              77.703165,
              27.783917
            ],
            [
              77.703541,
              27.784228
            ],
            [
              77.704435,
              27.785256
            ],
            [
              77.704826,
              27.785734
            ],
            [
              77.705202,
              27.786311
            ],
            [
              77.705567,
              27.78674
            ],
            [
              77.705877,
              27.787222
            ],
            [
              77.706055,
              27.787867
            ],
            [
              77.706162,
              27.788467
            ],
            [
              77.706228,
              27.789031
            ],
            [
              77.70631,
              27.790051
            ],
            [
              77.70627,
              27.790599
            ],
            [
              77.70623,
              27.791147
            ],
            [
              77.706149,
              27.791806
            ],
            [
              77.705952,
              27.79297
            ],
            [
              77.705654,
              27.794171
            ],
            [
              77.705305,
              27.795335
            ],
            [
              77.704849,
              27.796486
            ],
            [
              77.704499,
              27.797104
            ],
            [
              77.704175,
              27.797583
            ],
            [
              77.703825,
              27.798066
            ],
            [
              77.703485,
              27.798508
            ],
            [
              77.70307,
              27.798964
            ],
            [
              77.702624,
              27.799479
            ],
            [
              77.702061,
              27.799899
            ],
            [
              77.70132,
              27.800201
            ],
            [
              77.700118,
              27.800752
            ],
            [
              77.699525,
              27.8011
            ],
            [
              77.699043,
              27.801448
            ],
            [
              77.698556,
              27.801881
            ],
            [
              77.697856,
              27.802802
            ],
            [
              77.697466,
              27.803294
            ],
            [
              77.697075,
              27.803633
            ],
            [
              77.696066,
              27.804473
            ],
            [
              77.695574,
              27.804904
            ],
            [
              77.695082,
              27.805335
            ],
            [
              77.694692,
              27.805741
            ],
            [
              77.694073,
              27.806175
            ],
            [
              77.693429,
              27.806558
            ],
            [
              77.692863,
              27.806841
            ],
            [
              77.692298,
              27.807123
            ],
            [
              77.691674,
              27.807412
            ],
            [
              77.690461,
              27.807846
            ],
            [
              77.68933,
              27.808478
            ],
            [
              77.688853,
              27.808785
            ],
            [
              77.688377,
              27.809092
            ],
            [
              77.687808,
              27.80944
            ],
            [
              77.687337,
              27.809909
            ],
            [
              77.686759,
              27.810279
            ],
            [
              77.685749,
              27.811128
            ],
            [
              77.685303,
              27.811643
            ],
            [
              77.684618,
              27.812748
            ],
            [
              77.684441,
              27.813308
            ],
            [
              77.684188,
              27.81385
            ],
            [
              77.683848,
              27.814991
            ],
            [
              77.683498,
              27.815456
            ],
            [
              77.683042,
              27.815795
            ],
            [
              77.681829,
              27.816607
            ],
            [
              77.681276,
              27.816847
            ],
            [
              77.680576,
              27.816942
            ],
            [
              77.679835,
              27.817145
            ],
            [
              77.679267,
              27.817398
            ],
            [
              77.678679,
              27.817773
            ],
            [
              77.67741,
              27.818441
            ],
            [
              77.676254,
              27.819032
            ],
            [
              77.675092,
              27.819403
            ],
            [
              77.674528,
              27.81962
            ],
            [
              77.67392,
              27.819981
            ],
            [
              77.673382,
              27.820328
            ],
            [
              77.673113,
              27.820974
            ],
            [
              77.672855,
              27.822097
            ],
            [
              77.672586,
              27.822625
            ],
            [
              77.672277,
              27.823153
            ],
            [
              77.671749,
              27.823681
            ],
            [
              77.671277,
              27.82411
            ],
            [
              77.670536,
              27.824485
            ],
            [
              77.669334,
              27.824761
            ],
            [
              77.668623,
              27.824761
            ],
            [
              77.667852,
              27.824666
            ],
            [
              77.666451,
              27.824437
            ],
            [
              77.665872,
              27.824184
            ],
            [
              77.665304,
              27.823778
            ],
            [
              77.6647,
              27.823431
            ],
            [
              77.664228,
              27.82312
            ],
            [
              77.663725,
              27.822651
            ],
            [
              77.663187,
              27.822272
            ],
            [
              77.661664,
              27.820499
            ],
            [
              77.660892,
              27.819227
            ],
            [
              77.660542,
              27.818654
            ],
            [
              77.660232,
              27.818076
            ],
            [
              77.659841,
              27.817598
            ],
            [
              77.659546,
              27.816926
            ],
            [
              77.659399,
              27.816676
            ],
            [
              77.659252,
              27.816425
            ],
            [
              77.658876,
              27.81574
            ],
            [
              77.658089,
              27.81472
            ],
            [
              77.657282,
              27.813606
            ],
            [
              77.656947,
              27.813033
            ],
            [
              77.65618,
              27.811291
            ],
            [
              77.655612,
              27.810741
            ],
            [
              77.654546,
              27.809889
            ],
            [
              77.653308,
              27.809208
            ],
            [
              77.651988,
              27.808657
            ],
            [
              77.650689,
              27.808247
            ],
            [
              77.649238,
              27.808238
            ],
            [
              77.648573,
              27.808175
            ],
            [
              77.647929,
              27.808031
            ],
            [
              77.647355,
              27.807724
            ],
            [
              77.646817,
              27.807363
            ],
            [
              77.645898,
              27.806452
            ],
            [
              77.645523,
              27.805888
            ],
            [
              77.644833,
              27.80486
            ],
            [
              77.644553,
              27.804237
            ],
            [
              77.643432,
              27.802563
            ],
            [
              77.643056,
              27.802071
            ],
            [
              77.642731,
              27.80153
            ],
            [
              77.642351,
              27.801025
            ],
            [
              77.641975,
              27.800425
            ],
            [
              77.641488,
              27.799838
            ],
            [
              77.640305,
              27.798471
            ],
            [
              77.639509,
              27.797524
            ],
            [
              77.638915,
              27.797095
            ],
            [
              77.63854,
              27.796567
            ],
            [
              77.638225,
              27.796089
            ],
            [
              77.637672,
              27.795502
            ],
            [
              77.636687,
              27.794447
            ],
            [
              77.635815,
              27.793522
            ],
            [
              77.635267,
              27.793109
            ],
            [
              77.636746,
              27.791668
            ],
            [
              77.636029,
              27.790837
            ],
            [
              77.634133,
              27.789361
            ],
            [
              77.632426,
              27.788327
            ],
            [
              77.629659,
              27.788549
            ],
            [
              77.625665,
              27.788445
            ],
            [
              77.623248,
              27.788409
            ],
            [
              77.621333,
              27.788663
            ],
            [
              77.622116,
              27.790946
            ],
            [
              77.620482,
              27.791916
            ],
            [
              77.62,
              27.792263
            ],
            [
              77.618914,
              27.793288
            ],
            [
              77.617524,
              27.794583
            ],
            [
              77.617108,
              27.794952
            ],
            [
              77.616595,
              27.795286
            ],
            [
              77.616002,
              27.795769
            ],
            [
              77.61554,
              27.796089
            ],
            [
              77.614962,
              27.796441
            ],
            [
              77.614416,
              27.796757
            ],
            [
              77.613871,
              27.797073
            ],
            [
              77.612714,
              27.7977
            ],
            [
              77.612009,
              27.797903
            ],
            [
              77.611496,
              27.798083
            ],
            [
              77.61073,
              27.798277
            ],
            [
              77.609609,
              27.798647
            ],
            [
              77.608533,
              27.799256
            ],
            [
              77.607371,
              27.8
            ],
            [
              77.60697,
              27.800361
            ],
            [
              77.606554,
              27.800709
            ],
            [
              77.606066,
              27.801237
            ],
            [
              77.605706,
              27.801706
            ],
            [
              77.605031,
              27.802843
            ],
            [
              77.60429,
              27.803682
            ],
            [
              77.603844,
              27.804165
            ],
            [
              77.603493,
              27.804715
            ],
            [
              77.603153,
              27.805207
            ],
            [
              77.602833,
              27.805649
            ],
            [
              77.602453,
              27.806105
            ],
            [
              77.602052,
              27.806524
            ],
            [
              77.60159,
              27.807025
            ],
            [
              77.601118,
              27.807516
            ],
            [
              77.600661,
              27.807972
            ],
            [
              77.600392,
              27.808441
            ],
            [
              77.600108,
              27.808874
            ],
            [
              77.599692,
              27.809339
            ],
            [
              77.599517,
              27.809614
            ],
            [
              77.599341,
              27.80989
            ],
            [
              77.598895,
              27.810309
            ],
            [
              77.598316,
              27.810715
            ],
            [
              77.597778,
              27.81104
            ],
            [
              77.5972,
              27.811207
            ],
            [
              77.59589,
              27.811531
            ],
            [
              77.595423,
              27.811617
            ],
            [
              77.594124,
              27.811856
            ],
            [
              77.593394,
              27.812167
            ],
            [
              77.59283,
              27.812428
            ],
            [
              77.592262,
              27.812875
            ],
            [
              77.591734,
              27.813412
            ],
            [
              77.591404,
              27.813917
            ],
            [
              77.591064,
              27.814395
            ],
            [
              77.590769,
              27.814982
            ],
            [
              77.59051,
              27.815618
            ],
            [
              77.590388,
              27.816159
            ],
            [
              77.590144,
              27.817323
            ],
            [
              77.58985,
              27.818293
            ],
            [
              77.58958,
              27.818871
            ],
            [
              77.589205,
              27.819394
            ],
            [
              77.58892,
              27.819836
            ],
            [
              77.588595,
              27.820486
            ],
            [
              77.588311,
              27.820987
            ],
            [
              77.587961,
              27.82165
            ],
            [
              77.587651,
              27.822164
            ],
            [
              77.587179,
              27.822656
            ],
            [
              77.586707,
              27.823111
            ],
            [
              77.586331,
              27.823386
            ],
            [
              77.585778,
              27.823828
            ],
            [
              77.584849,
              27.824487
            ],
            [
              77.584351,
              27.824834
            ],
            [
              77.583839,
              27.825123
            ],
            [
              77.583295,
              27.825542
            ],
            [
              77.582275,
              27.826309
            ],
            [
              77.580996,
              27.827197
            ],
            [
              77.579996,
              27.827914
            ],
            [
              77.579442,
              27.828334
            ],
            [
              77.578929,
              27.828803
            ],
            [
              77.578406,
              27.829128
            ],
            [
              77.577863,
              27.829556
            ],
            [
              77.577432,
              27.83012
            ],
            [
              77.577233,
              27.830639
            ],
            [
              77.57704,
              27.831212
            ],
            [
              77.576827,
              27.83192
            ],
            [
              77.576801,
              27.832507
            ],
            [
              77.576938,
              27.832998
            ],
            [
              77.576978,
              27.833526
            ],
            [
              77.577338,
              27.834068
            ],
            [
              77.577455,
              27.834332
            ],
            [
              77.577572,
              27.834596
            ],
            [
              77.578013,
              27.835119
            ],
            [
              77.578556,
              27.83553
            ],
            [
              77.579119,
              27.835878
            ],
            [
              77.579794,
              27.836239
            ],
            [
              77.580413,
              27.83637
            ],
            [
              77.580951,
              27.836515
            ],
            [
              77.581763,
              27.83642
            ],
            [
              77.582373,
              27.836371
            ],
            [
              77.583129,
              27.836037
            ],
            [
              77.583748,
              27.835821
            ],
            [
              77.584367,
              27.835582
            ],
            [
              77.584961,
              27.835365
            ],
            [
              77.58553,
              27.835113
            ],
            [
              77.586119,
              27.834896
            ],
            [
              77.587297,
              27.834297
            ],
            [
              77.587875,
              27.834125
            ],
            [
              77.588439,
              27.833841
            ],
            [
              77.589073,
              27.833602
            ],
            [
              77.589764,
              27.83353
            ],
            [
              77.590423,
              27.8333
            ],
            [
              77.591058,
              27.833228
            ],
            [
              77.592296,
              27.833134
            ],
            [
              77.593012,
              27.833039
            ],
            [
              77.593591,
              27.833003
            ],
            [
              77.59421,
              27.832976
            ],
            [
              77.59486,
              27.833076
            ],
            [
              77.595453,
              27.833157
            ],
            [
              77.596179,
              27.833288
            ],
            [
              77.596758,
              27.833554
            ],
            [
              77.597265,
              27.833866
            ],
            [
              77.597838,
              27.834168
            ],
            [
              77.598544,
              27.834435
            ],
            [
              77.599102,
              27.834651
            ],
            [
              77.599732,
              27.835039
            ],
            [
              77.600346,
              27.835233
            ],
            [
              77.600995,
              27.835414
            ],
            [
              77.602152,
              27.835622
            ],
            [
              77.602807,
              27.835802
            ],
            [
              77.603284,
              27.83596
            ],
            [
              77.60398,
              27.836019
            ],
            [
              77.60466,
              27.836204
            ],
            [
              77.605233,
              27.836313
            ],
            [
              77.605827,
              27.836556
            ],
            [
              77.606426,
              27.836678
            ],
            [
              77.607065,
              27.836823
            ],
            [
              77.607735,
              27.836994
            ],
            [
              77.608416,
              27.837211
            ],
            [
              77.608933,
              27.837382
            ],
            [
              77.609639,
              27.837685
            ],
            [
              77.610253,
              27.837915
            ],
            [
              77.610923,
              27.83796
            ],
            [
              77.611572,
              27.838073
            ],
            [
              77.612268,
              27.838154
            ],
            [
              77.612846,
              27.838181
            ],
            [
              77.61339,
              27.838421
            ],
            [
              77.614004,
              27.838773
            ],
            [
              77.614506,
              27.838931
            ],
            [
              77.61512,
              27.83921
            ],
            [
              77.615745,
              27.839585
            ],
            [
              77.616044,
              27.839772
            ],
            [
              77.616343,
              27.839959
            ],
            [
              77.616836,
              27.84037
            ],
            [
              77.617501,
              27.840844
            ],
            [
              77.618049,
              27.84129
            ],
            [
              77.618577,
              27.84157
            ],
            [
              77.619587,
              27.842225
            ],
            [
              77.620612,
              27.84296
            ],
            [
              77.621115,
              27.843542
            ],
            [
              77.621577,
              27.843871
            ],
            [
              77.622191,
              27.844296
            ],
            [
              77.622764,
              27.844684
            ],
            [
              77.623074,
              27.845275
            ],
            [
              77.62317,
              27.845821
            ],
            [
              77.623173,
              27.846407
            ],
            [
              77.623175,
              27.846994
            ],
            [
              77.623064,
              27.847468
            ],
            [
              77.622576,
              27.848022
            ],
            [
              77.621785,
              27.849051
            ],
            [
              77.621241,
              27.849584
            ],
            [
              77.620751,
              27.84999
            ],
            [
              77.620262,
              27.850396
            ],
            [
              77.619607,
              27.850761
            ],
            [
              77.618419,
              27.851379
            ],
            [
              77.616673,
              27.852223
            ],
            [
              77.616089,
              27.852575
            ],
            [
              77.615449,
              27.852818
            ],
            [
              77.614236,
              27.853265
            ],
            [
              77.613571,
              27.853472
            ],
            [
              77.612794,
              27.853603
            ],
            [
              77.612083,
              27.853847
            ],
            [
              77.611403,
              27.853933
            ],
            [
              77.610733,
              27.853738
            ],
            [
              77.610002,
              27.853567
            ],
            [
              77.609317,
              27.8534
            ],
            [
              77.60857,
              27.853481
            ],
            [
              77.607946,
              27.853688
            ],
            [
              77.60724,
              27.853747
            ],
            [
              77.605778,
              27.853905
            ],
            [
              77.60454,
              27.854135
            ],
            [
              77.603804,
              27.854162
            ],
            [
              77.602321,
              27.854378
            ],
            [
              77.600986,
              27.854703
            ],
            [
              77.599717,
              27.855199
            ],
            [
              77.599108,
              27.85537
            ],
            [
              77.598448,
              27.85537
            ],
            [
              77.597833,
              27.855153
            ],
            [
              77.596498,
              27.855031
            ],
            [
              77.595818,
              27.854995
            ],
            [
              77.595204,
              27.85509
            ],
            [
              77.593869,
              27.855274
            ],
            [
              77.593188,
              27.855491
            ],
            [
              77.592533,
              27.855888
            ],
            [
              77.592046,
              27.856303
            ],
            [
              77.591553,
              27.856641
            ],
            [
              77.590924,
              27.857029
            ],
            [
              77.590396,
              27.857259
            ],
            [
              77.589756,
              27.857583
            ],
            [
              77.58842,
              27.858237
            ],
            [
              77.587847,
              27.858517
            ],
            [
              77.586471,
              27.858819
            ],
            [
              77.585044,
              27.85894
            ],
            [
              77.583709,
              27.858818
            ],
            [
              77.582425,
              27.858502
            ],
            [
              77.580861,
              27.858172
            ],
            [
              77.580151,
              27.858185
            ],
            [
              77.57945,
              27.858343
            ],
            [
              77.578876,
              27.85855
            ],
            [
              77.578384,
              27.859105
            ],
            [
              77.577881,
              27.859624
            ],
            [
              77.577337,
              27.860111
            ],
            [
              77.576875,
              27.860594
            ],
            [
              77.575839,
              27.861441
            ],
            [
              77.575321,
              27.861694
            ],
            [
              77.573955,
              27.862072
            ],
            [
              77.572513,
              27.862383
            ],
            [
              77.571203,
              27.862653
            ],
            [
              77.569853,
              27.862919
            ],
            [
              77.569249,
              27.863009
            ],
            [
              77.568477,
              27.863194
            ],
            [
              77.567081,
              27.863473
            ],
            [
              77.56571,
              27.863788
            ],
            [
              77.564268,
              27.864158
            ],
            [
              77.562851,
              27.864545
            ],
            [
              77.562039,
              27.864635
            ],
            [
              77.561394,
              27.864635
            ],
            [
              77.560668,
              27.864598
            ],
            [
              77.559937,
              27.864674
            ],
            [
              77.559231,
              27.864543
            ],
            [
              77.558561,
              27.864525
            ],
            [
              77.557886,
              27.86445
            ],
            [
              77.55721,
              27.864375
            ],
            [
              77.555921,
              27.864059
            ],
            [
              77.555337,
              27.86432
            ],
            [
              77.554692,
              27.864649
            ],
            [
              77.554047,
              27.865001
            ],
            [
              77.553443,
              27.865335
            ],
            [
              77.552838,
              27.865668
            ],
            [
              77.552315,
              27.866056
            ],
            [
              77.551858,
              27.866502
            ],
            [
              77.551482,
              27.866944
            ],
            [
              77.551243,
              27.86726
            ],
            [
              77.551004,
              27.867576
            ],
            [
              77.550694,
              27.86818
            ],
            [
              77.55011,
              27.869218
            ],
            [
              77.549459,
              27.87044
            ],
            [
              77.5489,
              27.87155
            ],
            [
              77.548778,
              27.871865
            ],
            [
              77.548437,
              27.872754
            ],
            [
              77.54804,
              27.873882
            ],
            [
              77.547857,
              27.874437
            ],
            [
              77.547775,
              27.875059
            ],
            [
              77.547714,
              27.875727
            ],
            [
              77.547701,
              27.875977
            ],
            [
              77.547688,
              27.876228
            ],
            [
              77.547566,
              27.87695
            ],
            [
              77.547418,
              27.877523
            ],
            [
              77.54723,
              27.878059
            ],
            [
              77.547001,
              27.87865
            ],
            [
              77.546899,
              27.879264
            ],
            [
              77.546873,
              27.879873
            ],
            [
              77.546873,
              27.880446
            ],
            [
              77.547004,
              27.881646
            ],
            [
              77.547014,
              27.881915
            ],
            [
              77.547024,
              27.882183
            ],
            [
              77.546896,
              27.88281
            ],
            [
              77.546749,
              27.88337
            ],
            [
              77.546606,
              27.884367
            ],
            [
              77.546458,
              27.885016
            ],
            [
              77.546163,
              27.885535
            ],
            [
              77.545792,
              27.886036
            ],
            [
              77.545416,
              27.88659
            ],
            [
              77.545101,
              27.887127
            ],
            [
              77.544892,
              27.887646
            ],
            [
              77.544643,
              27.888165
            ],
            [
              77.544663,
              27.88881
            ],
            [
              77.544642,
              27.889369
            ],
            [
              77.544433,
              27.890091
            ],
            [
              77.543854,
              27.891043
            ],
            [
              77.543386,
              27.89153
            ],
            [
              77.542954,
              27.892003
            ],
            [
              77.542522,
              27.892477
            ],
            [
              77.541688,
              27.893388
            ],
            [
              77.541287,
              27.893744
            ],
            [
              77.540743,
              27.894321
            ],
            [
              77.540194,
              27.894727
            ],
            [
              77.539696,
              27.895137
            ],
            [
              77.539173,
              27.895529
            ],
            [
              77.538614,
              27.895903
            ],
            [
              77.538096,
              27.896138
            ],
            [
              77.537466,
              27.896507
            ],
            [
              77.537103,
              27.896685
            ],
            [
              77.536739,
              27.896863
            ],
            [
              77.536181,
              27.897143
            ],
            [
              77.535622,
              27.897476
            ],
            [
              77.535083,
              27.897805
            ],
            [
              77.534534,
              27.898152
            ],
            [
              77.534001,
              27.898581
            ],
            [
              77.533589,
              27.898937
            ],
            [
              77.532994,
              27.89946
            ],
            [
              77.532522,
              27.899793
            ],
            [
              77.53209,
              27.90024
            ],
            [
              77.531617,
              27.900718
            ],
            [
              77.53115,
              27.901083
            ],
            [
              77.53059,
              27.901457
            ],
            [
              77.529981,
              27.901795
            ],
            [
              77.529366,
              27.902214
            ],
            [
              77.528893,
              27.902561
            ],
            [
              77.528294,
              27.90298
            ],
            [
              77.527806,
              27.903287
            ],
            [
              77.527277,
              27.903724
            ],
            [
              77.526825,
              27.904193
            ],
            [
              77.526316,
              27.90468
            ],
            [
              77.525844,
              27.905199
            ],
            [
              77.525447,
              27.905658
            ],
            [
              77.525045,
              27.906267
            ],
            [
              77.524715,
              27.906808
            ],
            [
              77.524369,
              27.907295
            ],
            [
              77.524064,
              27.907837
            ],
            [
              77.523723,
              27.908504
            ],
            [
              77.523423,
              27.909068
            ],
            [
              77.523178,
              27.909636
            ],
            [
              77.522924,
              27.9102
            ],
            [
              77.522806,
              27.910732
            ],
            [
              77.522725,
              27.911229
            ],
            [
              77.522551,
              27.911856
            ],
            [
              77.522287,
              27.912343
            ],
            [
              77.522058,
              27.912758
            ],
            [
              77.52188,
              27.913245
            ],
            [
              77.521722,
              27.913827
            ],
            [
              77.521625,
              27.914368
            ],
            [
              77.521466,
              27.915153
            ],
            [
              77.521308,
              27.915762
            ],
            [
              77.521019,
              27.916901
            ],
            [
              77.520951,
              27.91749
            ],
            [
              77.521098,
              27.918117
            ],
            [
              77.521306,
              27.91865
            ],
            [
              77.521732,
              27.919327
            ],
            [
              77.522066,
              27.919891
            ],
            [
              77.522355,
              27.920433
            ],
            [
              77.5227,
              27.920979
            ],
            [
              77.523324,
              27.922008
            ],
            [
              77.523638,
              27.922577
            ],
            [
              77.523826,
              27.923312
            ],
            [
              77.524089,
              27.92384
            ],
            [
              77.524419,
              27.924391
            ],
            [
              77.524754,
              27.925
            ],
            [
              77.525068,
              27.925533
            ],
            [
              77.5260594,
              27.9254828
            ],
            [
              77.5260266,
              27.9259545
            ],
            [
              77.5259414,
              27.927226
            ],
            [
              77.5170606,
              27.9323798
            ],
            [
              77.5088024,
              27.9266257
            ],
            [
              77.500863,
              27.9252228
            ],
            [
              77.4953991,
              27.9308081
            ],
            [
              77.492248,
              27.9369939
            ],
            [
              77.4873475,
              27.9357278
            ],
            [
              77.4843467,
              27.9346011
            ],
            [
              77.4817377,
              27.932866
            ],
            [
              77.4752185,
              27.9292815
            ],
            [
              77.4757785,
              27.9275264
            ],
            [
              77.4775098,
              27.9282371
            ],
            [
              77.476307,
              27.9261778
            ],
            [
              77.4757056,
              27.9246288
            ],
            [
              77.4776191,
              27.9241914
            ],
            [
              77.4778925,
              27.9231708
            ],
            [
              77.4795803,
              27.9217376
            ],
            [
              77.4781658,
              27.9199816
            ],
            [
              77.4784574,
              27.9192527
            ],
            [
              77.4782387,
              27.918469
            ],
            [
              77.4774733,
              27.9174029
            ],
            [
              77.4771088,
              27.916355
            ],
            [
              77.479077,
              27.9151158
            ],
            [
              77.4798151,
              27.9154165
            ],
            [
              77.4804538,
              27.9150167
            ],
            [
              77.4803664,
              27.9144916
            ],
            [
              77.4793595,
              27.9127786
            ],
            [
              77.4788173,
              27.9109061
            ],
            [
              77.4788082,
              27.909963
            ],
            [
              77.4790111,
              27.9088495
            ],
            [
              77.4807172,
              27.9078991
            ],
            [
              77.4791846,
              27.9057167
            ],
            [
              77.4791226,
              27.8996846
            ],
            [
              77.4786442,
              27.8995844
            ],
            [
              77.4780656,
              27.898532
            ],
            [
              77.4791909,
              27.8984454
            ],
            [
              77.4791135,
              27.8979761
            ],
            [
              77.479478,
              27.8979078
            ],
            [
              77.4788977,
              27.895147
            ],
            [
              77.4777194,
              27.8913426
            ],
            [
              77.4769631,
              27.8898573
            ],
            [
              77.4752453,
              27.8869725
            ],
            [
              77.4744026,
              27.885766
            ],
            [
              77.4732864,
              27.8845405
            ],
            [
              77.4721565,
              27.8835974
            ],
            [
              77.4712043,
              27.8829413
            ],
            [
              77.4704662,
              27.882709
            ],
            [
              77.468826,
              27.8819436
            ],
            [
              77.4676669,
              27.8813258
            ],
            [
              77.4664296,
              27.8809412
            ],
            [
              77.4656323,
              27.8802624
            ],
            [
              77.4657781,
              27.8800619
            ],
            [
              77.4653361,
              27.8791917
            ],
            [
              77.4643384,
              27.8786405
            ],
            [
              77.4634044,
              27.8782167
            ],
            [
              77.4624567,
              27.8776655
            ],
            [
              77.4617916,
              27.8770686
            ],
            [
              77.4618007,
              27.8767543
            ],
            [
              77.4611234,
              27.8765627
            ],
            [
              77.4576092,
              27.8744626
            ],
            [
              77.4538203,
              27.8728055
            ],
            [
              77.4519779,
              27.8717609
            ],
            [
              77.4504927,
              27.8709955
            ],
            [
              77.4496498,
              27.8714739
            ],
            [
              77.4488207,
              27.8723076
            ],
            [
              77.4476634,
              27.8730594
            ],
            [
              77.4461326,
              27.8735468
            ],
            [
              77.446046,
              27.8746038
            ],
            [
              77.445628,
              27.8758985
            ],
            [
              77.4436177,
              27.8767634
            ],
            [
              77.4415219,
              27.8783398
            ],
            [
              77.4380381,
              27.880777
            ],
            [
              77.4365585,
              27.8843127
            ],
            [
              77.4340637,
              27.8866864
            ],
            [
              77.4324972,
              27.8876457
            ],
            [
              77.4305009,
              27.8886637
            ],
            [
              77.4291626,
              27.8901156
            ],
            [
              77.4282752,
              27.8908689
            ],
            [
              77.4276307,
              27.8898391
            ],
            [
              77.4252342,
              27.8897844
            ],
            [
              77.4216092,
              27.8907509
            ],
            [
              77.42007,
              27.8903915
            ],
            [
              77.4179812,
              27.8887187
            ],
            [
              77.4158316,
              27.8835406
            ],
            [
              77.4118851,
              27.8804902
            ],
            [
              77.4104377,
              27.8797409
            ],
            [
              77.4094373,
              27.8765583
            ],
            [
              77.4092722,
              27.8740241
            ],
            [
              77.4128119,
              27.869495
            ],
            [
              77.4114634,
              27.8667938
            ],
            [
              77.422429,
              27.8577915
            ],
            [
              77.4219905,
              27.8543468
            ],
            [
              77.4132928,
              27.8518293
            ],
            [
              77.4090891,
              27.8519977
            ],
            [
              77.4042128,
              27.8532909
            ],
            [
              77.40024,
              27.8536827
            ],
            [
              77.3965802,
              27.8534154
            ],
            [
              77.3944994,
              27.8545574
            ],
            [
              77.3932328,
              27.855988
            ],
            [
              77.3922123,
              27.85607
            ],
            [
              77.3900482,
              27.8572887
            ],
            [
              77.3897156,
              27.8569995
            ],
            [
              77.3891416,
              27.8572455
            ],
            [
              77.3862622,
              27.8577102
            ],
            [
              77.3862075,
              27.857291
            ],
            [
              77.382857,
              27.8575368
            ],
            [
              77.3770135,
              27.8588856
            ],
            [
              77.3770773,
              27.8571088
            ],
            [
              77.3717097,
              27.8557574
            ],
            [
              77.3702341,
              27.854767
            ],
            [
              77.3670269,
              27.8533481
            ],
            [
              77.3652756,
              27.8537907
            ],
            [
              77.3609126,
              27.8508215
            ],
            [
              77.356121,
              27.8535173
            ],
            [
              77.3543683,
              27.8524842
            ],
            [
              77.3516451,
              27.8543053
            ],
            [
              77.349189,
              27.8557582
            ],
            [
              77.3478206,
              27.8553434
            ],
            [
              77.3432341,
              27.8525349
            ],
            [
              77.3392632,
              27.8502033
            ],
            [
              77.3351572,
              27.847418
            ],
            [
              77.3351281,
              27.8418557
            ],
            [
              77.3326295,
              27.8383965
            ],
            [
              77.3328841,
              27.8350329
            ],
            [
              77.3363648,
              27.8342012
            ],
            [
              77.3321551,
              27.832634
            ],
            [
              77.3306605,
              27.8307381
            ],
            [
              77.3259134,
              27.8291076
            ],
            [
              77.3227971,
              27.8270027
            ],
            [
              77.3207074,
              27.8253491
            ],
            [
              77.3182046,
              27.82662
            ],
            [
              77.3175121,
              27.8260824
            ],
            [
              77.3161554,
              27.8267042
            ],
            [
              77.3124549,
              27.8279777
            ],
            [
              77.3118353,
              27.8262191
            ],
            [
              77.3110972,
              27.8263831
            ],
            [
              77.310751,
              27.8258364
            ],
            [
              77.306222,
              27.8275468
            ],
            [
              77.3055754,
              27.8263102
            ],
            [
              77.3043635,
              27.8263649
            ],
            [
              77.3039124,
              27.8255721
            ],
            [
              77.3000125,
              27.8254582
            ],
            [
              77.2977801,
              27.8254491
            ],
            [
              77.2964546,
              27.8252121
            ],
            [
              77.2964087,
              27.8233579
            ],
            [
              77.2970465,
              27.820802
            ],
            [
              77.2976351,
              27.8188052
            ],
            [
              77.2982539,
              27.8180957
            ],
            [
              77.2987869,
              27.8163235
            ],
            [
              77.2985774,
              27.815189
            ],
            [
              77.2975547,
              27.8136053
            ],
            [
              77.2951011,
              27.8129156
            ],
            [
              77.2934564,
              27.812157
            ],
            [
              77.2926477,
              27.8115966
            ],
            [
              77.2914791,
              27.8113073
            ],
            [
              77.2906089,
              27.8108268
            ],
            [
              77.2895428,
              27.8097446
            ],
            [
              77.2887592,
              27.8084461
            ],
            [
              77.2871646,
              27.8061362
            ],
            [
              77.2849914,
              27.8035621
            ],
            [
              77.2839806,
              27.8015787
            ]
          ]
        ]
      },
      "id": "relation/10000775"
    },
    {
      "type": "Feature",
      "properties": {
        "@id": "node/245761454",
        "@relations": [
          {
            "role": "admin_centre",
            "rel": 10000775,
            "reltags": {
              "admin_level": "6",
              "boundary": "administrative",
              "name": "Chhata",
              "ref:LGD:subdistrict": "761",
              "type": "boundary",
              "wikidata": "Q20588692"
            }
          }
        ]
      },
      "geometry": {
        "type": "Point",
        "coordinates": [
          77.501663,
          27.7226148
        ]
      },
      "id": "node/245761454"
    },
    {
      "type": "Feature",
      "properties": {
        "@id": "node/568283868",
        "@relations": [
          {
            "role": "admin_centre",
            "rel": 10000773,
            "reltags": {
              "admin_level": "6",
              "boundary": "administrative",
              "name": "Mathura",
              "ref:LGD:subdistrict": "764",
              "type": "boundary",
              "wikidata": "Q20595912"
            }
          }
        ]
      },
      "geometry": {
        "type": "Point",
        "coordinates": [
          77.6855554,
          27.4955539
        ]
      },
      "id": "node/568283868"
    },
    {
      "type": "Feature",
      "properties": {
        "@id": "node/1307180290",
        "@relations": [
          {
            "role": "admin_centre",
            "rel": 10000774,
            "reltags": {
              "admin_level": "6",
              "boundary": "administrative",
              "name": "Mat",
              "ref:LGD:subdistrict": "762",
              "type": "boundary",
              "wikidata": "Q20598352"
            }
          }
        ]
      },
      "geometry": {
        "type": "Point",
        "coordinates": [
          77.711505,
          27.6344839
        ]
      },
      "id": "node/1307180290"
    },
    {
      "type": "Feature",
      "properties": {
        "@id": "node/6173925608",
        "@relations": [
          {
            "role": "admin_centre",
            "rel": 10000772,
            "reltags": {
              "admin_level": "6",
              "boundary": "administrative",
              "name": "Mahavan",
              "ref:LGD:subdistrict": "763",
              "type": "boundary",
              "wikidata": "Q20598189"
            }
          }
        ]
      },
      "geometry": {
        "type": "Point",
        "coordinates": [
          77.7421867,
          27.4330227
        ]
      },
      "id": "node/6173925608"
    }
  ]
}